# This file uses centimeters as units for non-parametric coordinates.

mtllib shoe.mtl
g default
v -0.676639 0.475008 2.041156
v -0.652860 0.313473 2.078571
v -1.173745 0.453770 1.987946
v -1.192116 0.302895 2.020479
v -0.979181 1.105974 -1.271476
v -1.019269 0.352312 -1.278981
v -0.619354 1.082577 -1.216950
v -0.582527 0.351709 -1.267307
v -0.418154 0.617838 0.993134
v -1.270999 0.626230 0.860196
v -1.492680 0.090574 0.844942
v -0.354291 0.089855 1.008127
v -1.460510 0.436031 0.842336
v -0.358714 0.429258 1.000983
v -0.654915 0.395266 2.092017
v -1.192286 0.389854 2.033831
v -1.269512 0.517752 -0.365591
v -1.219320 1.022861 -0.482606
v -0.438857 0.941467 -0.370573
v -0.406210 0.424725 -0.241003
v -0.403706 0.280821 -0.367682
v -1.314287 0.281710 -0.486288
v -1.146242 1.217489 -0.127317
v -0.492490 1.065163 -0.070554
v -0.411178 0.506166 0.016811
v -0.416329 0.242453 0.036235
v -1.346993 0.242481 -0.089821
v -1.288795 0.594877 -0.111496
v -1.167050 0.959946 -0.790777
v -0.473167 0.956022 -0.668481
v -0.397871 0.290966 -0.674983
v -1.274698 0.291565 -0.770100
v -1.089096 0.990965 -1.061828
v -0.540859 0.990965 -1.017417
v -0.442155 0.319834 -1.035082
v -1.175840 0.323471 -1.073455
v -1.399460 0.376808 1.342633
v -1.290019 0.515266 1.340641
v -0.483285 0.520199 1.429002
v -0.418388 0.367884 1.439812
v -0.414360 0.136469 1.435473
v -1.409255 0.145960 1.341435
v -1.224960 0.475586 1.765201
v -0.591605 0.471081 1.831684
v -0.539882 0.367048 1.844768
v -0.535212 0.225344 1.825336
v -1.294231 0.229713 1.757483
v -1.289507 0.370436 1.771193
v -0.754431 0.547306 1.815886
v -0.813031 0.514076 2.080028
v -0.822856 0.390162 2.156291
v -0.824028 0.324585 2.144883
v -0.726489 0.356337 -1.346966
v -0.727035 1.152132 -1.352777
v -0.570361 1.150604 0.017245
v -0.668993 1.222795 0.261292
v -0.611636 0.755590 0.963858
v -0.689460 0.612684 1.399781
v -1.038021 0.595819 1.363397
v -1.040385 0.534386 1.789436
v -1.038015 0.499971 2.065996
v -1.041708 0.392365 2.144907
v -1.041269 0.325510 2.133660
v -0.883172 0.356342 -1.356702
v -0.881013 1.156193 -1.361657
v -1.025931 1.272924 0.004017
v -0.930699 1.256639 0.238532
v -1.011160 0.733826 0.905386
v -1.177068 -0.004765 0.900594
v -1.464867 -0.004765 0.855121
v -1.048047 0.217295 2.119365
v -1.082092 0.134752 1.795282
v -1.275508 0.138250 1.778662
v -1.190657 0.209290 2.028313
v -1.055186 0.183353 -0.423333
v -1.295443 0.183353 -0.454978
v -1.086328 0.147614 -0.032105
v -1.324236 0.147614 -0.093157
v -1.133003 0.047848 1.368352
v -1.384627 0.052790 1.355709
v -0.555587 0.134861 1.844948
v -0.655714 0.211281 2.083819
v -0.755325 0.134502 1.829668
v -0.814308 0.217482 2.133893
v -0.712690 0.045832 1.416959
v -0.442557 0.044577 1.447907
v -0.690862 -0.005035 0.972822
v -0.385729 -0.005278 1.010922
v -0.676002 0.147614 -0.005363
v -0.438680 0.147614 0.027408
v -0.658693 0.183353 -0.371170
v -0.426170 0.183353 -0.340417
v -1.518482 0.073475 0.848658
v -1.519672 0.006376 0.849285
v -1.205234 0.299028 2.054424
v -1.316155 0.216499 1.778318
v -1.205994 0.223564 2.060559
v -1.316902 0.148344 1.782046
v -1.045780 0.314205 2.177102
v -1.047594 0.244944 2.198739
v -1.339224 0.266842 -0.493063
v -1.296653 0.281263 -0.788429
v -1.341555 0.194077 -0.502156
v -1.300486 0.210089 -0.791525
v -1.371366 0.225658 -0.099062
v -1.372297 0.158752 -0.100196
v -1.194365 0.313650 -1.100315
v -1.197604 0.242151 -1.104876
v -1.031212 0.342894 -1.313815
v -0.886495 0.347012 -1.395233
v -1.033311 0.271179 -1.319753
v -0.887084 0.275354 -1.401817
v -1.433928 0.131346 1.354836
v -1.434884 0.064919 1.358682
v -0.514269 0.212648 1.849234
v -0.642218 0.301117 2.113545
v -0.513556 0.145479 1.853347
v -0.641997 0.230291 2.119770
v -0.823834 0.314392 2.188606
v -0.825229 0.246065 2.210280
v -0.390239 0.121748 1.450227
v -0.389194 0.055817 1.456498
v -0.328983 0.072802 1.014845
v -0.327881 0.005882 1.016615
v -0.391388 0.225658 0.032123
v -0.390387 0.158752 0.031410
v -0.378167 0.266842 -0.370221
v -0.375657 0.194077 -0.378564
v -0.373928 0.280647 -0.689960
v -0.369760 0.209471 -0.692467
v -0.420735 0.309952 -1.059808
v -0.417006 0.238445 -1.063989
v -0.567647 0.342278 -1.301116
v -0.565057 0.270563 -1.306877
v -0.719995 0.347012 -1.385470
v -0.718869 0.275354 -1.392050
v -1.490052 0.159615 0.843953
v -1.406703 0.191280 1.341174
v -1.291873 0.257065 1.757993
v -1.190761 0.321823 2.020456
v -1.040958 0.337318 2.132529
v -0.823873 0.335339 2.143760
v -0.653993 0.328051 2.078509
v -0.537797 0.252798 1.826298
v -0.417076 0.181116 1.433576
v -0.357123 0.157047 1.006143
v -0.418689 0.319811 0.032357
v -0.406693 0.319044 -0.317727
v -1.304200 0.341507 -0.438646
v -1.344040 0.320427 -0.093326
v -1.046850 -0.038048 -0.510496
v -1.287435 -0.038048 -0.541769
v -1.018205 -0.029690 -0.757010
v -1.249875 -0.029690 -0.783901
v -0.969123 -0.018005 -1.080922
v -1.156083 -0.018005 -1.093636
v -0.894329 -0.002998 -1.344950
v -1.024777 -0.005180 -1.288793
v -0.653451 -0.038048 -0.457761
v -0.636299 -0.029766 -0.713586
v -0.422728 -0.038048 -0.430310
v -0.418382 -0.030230 -0.693314
v -0.644633 -0.018467 -1.052419
v -0.459335 -0.021248 -1.054913
v -0.712808 -0.003077 -1.332679
v -0.576403 -0.006140 -1.273752
v -1.297404 -0.026665 -0.790912
v -1.330721 -0.034391 -0.573850
v -1.194955 -0.014711 -1.103426
v -0.886457 0.006554 -1.398904
v -1.031452 0.000477 -1.317332
v -0.376655 -0.034391 -0.454461
v -0.372886 -0.027285 -0.692250
v -0.419815 -0.018417 -1.062837
v -0.567012 -0.000141 -1.304610
v -0.719646 0.006554 -1.389122
v -1.300486 0.161840 -0.791525
v -1.197604 0.190596 -1.104876
v -1.033311 0.217365 -1.319753
v -0.887084 0.221945 -1.401817
v -0.718869 0.221945 -1.392050
v -0.565057 0.216747 -1.306877
v -0.417006 0.186890 -1.063989
v -0.369760 0.161224 -0.692467
v -0.375060 0.150826 -0.426526
v -0.424046 0.149651 -0.395185
v -0.656035 0.149651 -0.425553
v -1.050646 0.149651 -0.476962
v -1.291790 0.149651 -0.508318
v -1.336621 0.150826 -0.548148
v -1.300486 0.002813 -0.791525
v -1.197604 0.017395 -1.104876
v -1.033311 0.034473 -1.319753
v -0.887084 0.040789 -1.401817
v -0.718869 0.040789 -1.392050
v -0.565057 0.033855 -1.306877
v -0.417006 0.013689 -1.063989
v -0.369760 0.002193 -0.692467
v -0.375060 -0.008518 -0.426526
v -0.424052 -0.010115 -0.395110
v -0.656074 -0.010115 -0.425102
v -1.050653 -0.010115 -0.476887
v -1.291790 -0.010115 -0.508318
v -1.336621 -0.008518 -0.548148
v -1.300486 0.084164 -0.791525
v -1.197604 0.105995 -1.104876
v -1.033311 0.128031 -1.319753
v -0.887084 0.133459 -1.401817
v -0.718869 0.133459 -1.392050
v -0.565057 0.127413 -1.306877
v -0.417006 0.102289 -1.063989
v -0.369760 0.083546 -0.692467
v -0.375060 0.072994 -0.426526
v -0.424046 0.071613 -0.395185
v -0.656035 0.071613 -0.425553
v -1.050646 0.071613 -0.476962
v -1.291790 0.071613 -0.508318
v -1.336621 0.072994 -0.548148
v -1.265702 0.714582 0.688595
v -1.045507 0.903067 0.722097
v -0.614684 0.898714 0.766596
v -0.421600 0.609554 0.703958
v -0.382500 0.459898 0.628336
v -0.376045 0.159870 0.706218
v -0.372054 0.069359 0.717913
v -0.346784 0.051298 0.721135
v -0.345719 -0.015835 0.721690
v -0.401301 -0.026974 0.724012
v -0.691298 -0.026974 0.727987
v -1.166411 -0.026974 0.669643
v -1.444338 -0.026974 0.620992
v -1.497699 -0.015835 0.612753
v -1.496546 0.051298 0.612622
v -1.470949 0.069376 0.613399
v -1.467612 0.161249 0.604454
v -1.404365 0.546715 0.552985
v -0.999495 1.056009 -1.274903
v -1.033688 0.734015 -1.316858
v -0.884990 0.750889 -1.419416
v -0.883963 1.109806 -1.377723
v -0.885676 0.431854 -1.379994
v -1.029158 0.427176 -1.296307
v -1.026545 0.354963 -1.285405
v -0.885653 0.358456 -1.365121
v -1.272678 0.580935 -0.434156
v -1.235467 0.976744 -0.475293
v -1.262141 0.635311 -0.781593
v -1.193566 0.930397 -0.789479
v -0.450225 0.928192 -0.677816
v -0.388510 0.635151 -0.687576
v -0.395486 0.488707 -0.312638
v -0.429448 0.911278 -0.361195
v -0.388383 0.337141 -0.406579
v -0.388646 0.290037 -0.441176
v -0.383643 0.360146 -0.678786
v -0.386544 0.294870 -0.673910
v -1.320238 0.289986 -0.558361
v -1.321141 0.344082 -0.525768
v -1.285871 0.295324 -0.771248
v -1.288047 0.360508 -0.775788
v -1.018025 1.300650 0.010908
v -1.162358 1.179134 -0.116108
v -0.467300 1.004267 -0.059288
v -0.411884 0.611641 0.003559
v -1.284735 0.704462 -0.117393
v -0.513242 0.962894 -1.009396
v -0.432561 0.678991 -1.042887
v -0.428267 0.391436 -1.039993
v -0.431947 0.323278 -1.036471
v -1.185772 0.326599 -1.076947
v -1.188092 0.394232 -1.083423
v -1.182423 0.679794 -1.088922
v -1.114098 0.964739 -1.064443
v -0.600421 1.044470 -1.234522
v -0.556128 0.730297 -1.288459
v -0.569963 0.426361 -1.281792
v -0.575429 0.354445 -1.273341
v -0.721366 0.431810 -1.369727
v -0.723732 0.358385 -1.355467
v -0.715046 0.750380 -1.407068
v -0.723151 1.108021 -1.366179
v -0.573001 1.178658 0.019839
v -1.086834 0.917952 0.720309
v -1.266672 0.753244 0.665077
v -0.420472 0.615997 0.655021
v -0.574457 0.909916 0.767119
v -0.379916 0.520725 0.586971
v -1.381799 0.625149 0.537376
v -0.914460 1.306623 0.095421
v -0.920383 1.336359 0.081804
v -0.967562 0.984192 0.682782
v -0.977928 0.993284 0.691658
v -0.809808 1.324038 0.098119
v -0.800390 1.339455 0.090091
v -0.812378 1.000431 0.672897
v -0.803354 1.014254 0.681285
v -0.963062 0.980255 0.703178
v -0.904669 1.335772 0.071293
v -1.014914 1.297966 0.000628
v -1.147385 1.201403 -0.156415
v -1.222187 1.032595 -0.481389
v -1.174247 0.971678 -0.788844
v -1.095703 1.003632 -1.057267
v -0.987907 1.101032 -1.262598
v -0.881713 1.161158 -1.363101
v -0.727427 1.159050 -1.351932
v -0.614310 1.087927 -1.221180
v -0.534015 1.001242 -1.001834
v -0.468124 0.968943 -0.675379
v -0.442427 0.961515 -0.369407
v -0.484597 1.047256 -0.097714
v -0.577084 1.169979 0.013963
v -0.816491 1.343781 0.073107
v -0.818922 0.990221 0.688830
v -0.569816 0.882940 0.776260
v -0.424092 0.611675 0.670712
v -0.380231 0.506451 0.590195
v -0.403181 0.551626 0.014338
v -0.399167 0.439749 -0.266525
v -0.397246 0.329380 -0.369626
v -0.396626 0.285767 -0.413801
v -0.394527 0.290581 -0.672924
v -0.439155 0.319147 -1.033486
v -0.580471 0.350483 -1.266902
v -0.725780 0.354746 -1.347292
v -0.884094 0.354788 -1.356965
v -1.021744 0.351044 -1.278644
v -1.179015 0.322636 -1.072475
v -1.278183 0.291107 -0.768779
v -1.316614 0.285746 -0.531499
v -1.314624 0.342194 -0.490097
v -1.275108 0.532364 -0.390898
v -1.296286 0.639130 -0.114439
v -1.393426 0.605515 0.531497
v -1.269921 0.729845 0.676399
v -1.086471 0.893475 0.733941
v -0.599814 1.178471 0.014005
v -0.716624 1.342655 0.026178
v -0.880205 1.388294 0.005883
v -1.010980 1.318533 -0.021417
v -1.002977 1.295862 0.002633
v -0.901874 1.322536 0.077437
v -0.694619 1.270231 0.091505
v -0.579092 1.145430 0.016809
v -0.581408 1.208134 -0.035966
v -0.718178 1.378222 -0.019362
v -0.879605 1.386282 -0.035526
v -1.013686 1.310194 -0.063197
v -0.998187 1.269882 0.016390
v -0.579271 1.128208 0.023581
v -0.529277 1.066088 -0.011421
v -0.540155 1.053339 -0.017436
v -0.513987 1.038452 -0.007640
v -0.515388 1.027643 0.002953
v -1.116765 1.215384 -0.054351
v -1.116770 1.191473 -0.069576
v -1.124310 1.181061 -0.037636
v -1.102746 1.185551 -0.020535
v -0.699126 1.271414 0.008665
v -0.874760 1.351261 0.023793
v -1.063550 1.043921 0.553420
v -1.238209 0.855131 0.506846
v -1.378760 0.634068 0.437783
v -1.393254 0.602098 0.426484
v -1.386831 0.536457 0.435989
v -1.445519 0.159674 0.498815
v -1.449044 0.061327 0.509700
v -1.474411 0.042871 0.507021
v -1.475526 -0.024267 0.506946
v -1.423369 -0.035406 0.515303
v -1.154206 -0.035406 0.558220
v -0.692029 -0.035406 0.605218
v -0.417563 -0.035406 0.609382
v -0.364290 -0.024267 0.608409
v -0.365285 0.042871 0.607472
v -0.390162 0.061188 0.602360
v -0.393376 0.157984 0.589132
v -0.390489 0.451450 0.515755
v -0.381647 0.508545 0.503329
v -0.381757 0.534500 0.505075
v -0.431108 0.695913 0.529693
v -0.551032 0.951384 0.601698
v -0.820036 1.095493 0.550212
v -0.841268 1.082258 0.542749
v -0.831565 1.076033 0.542864
v -0.683811 1.041122 0.581470
v -0.965436 1.056545 0.551388
v -0.933827 1.089891 0.549482
v -0.925175 1.100973 0.552719
v -0.946689 1.103897 0.556170
v -1.040594 1.178270 0.370123
v -1.209944 0.963785 0.330793
v -1.357203 0.655655 0.325396
v -1.372852 0.612825 0.324274
v -1.366353 0.549467 0.334348
v -1.425268 0.163057 0.398824
v -1.428848 0.062183 0.410125
v -1.454008 0.043503 0.405799
v -1.455087 -0.023628 0.405533
v -1.403969 -0.034769 0.413672
v -1.142424 -0.034769 0.450175
v -0.691743 -0.034769 0.489007
v -0.431061 -0.034769 0.510040
v -0.379836 -0.023628 0.511915
v -0.380767 0.043503 0.510608
v -0.405280 0.061928 0.503571
v -0.407469 0.160997 0.490819
v -0.398653 0.460859 0.420875
v -0.389702 0.510897 0.408939
v -0.391416 0.541533 0.404143
v -0.444949 0.802893 0.384399
v -0.546669 1.061026 0.415452
v -0.825930 1.236353 0.391375
v -0.848203 1.227394 0.386815
v -0.838169 1.219358 0.379707
v -0.689994 1.167973 0.406464
v -0.937456 1.185575 0.378853
v -0.909538 1.211365 0.379645
v -0.902029 1.221872 0.388365
v -0.923390 1.227270 0.387434
v -0.900312 1.282457 0.229808
v -0.901288 1.297689 0.232819
v -0.919431 1.312725 0.221195
v -1.025172 1.273458 0.188729
v -1.183709 1.070522 0.144500
v -1.326676 0.683708 0.157094
v -1.341915 0.628967 0.160189
v -1.335118 0.570868 0.168663
v -1.393188 0.215837 0.221867
v -1.396633 0.120882 0.231375
v -1.421490 0.102701 0.225076
v -1.422513 0.035645 0.224493
v -1.372798 0.024504 0.232228
v -1.121974 0.024504 0.265774
v -0.687332 0.024504 0.307488
v -0.438479 0.024504 0.337774
v -0.388849 0.035643 0.341216
v -0.389783 0.102701 0.340431
v -0.414324 0.120667 0.336327
v -0.416193 0.214117 0.326006
v -0.405632 0.481728 0.271592
v -0.397132 0.532427 0.262338
v -0.402700 0.574799 0.253445
v -0.470784 0.902639 0.207357
v -0.548251 1.149260 0.233010
v -0.822753 1.318138 0.237233
v -0.845873 1.301968 0.235811
v -0.841899 1.289789 0.230003
v -0.700060 1.209270 0.403562
v -0.696636 1.294565 0.236173
v -0.693201 1.322176 0.052844
v -0.701074 1.322672 0.045818
v -0.704487 1.281622 0.063643
v -0.737510 1.195498 0.388058
v -0.729968 1.069672 0.565264
v -0.719386 0.950678 0.719689
v -0.713872 0.934494 0.752412
v -0.705831 0.955690 0.737317
v -0.701168 1.078211 0.577610
v -0.707015 1.241375 0.225898
v -0.602837 1.226473 0.109222
v -0.639169 1.260597 0.112107
v -0.600864 1.230944 0.157763
v -0.639821 1.265413 0.159197
v -0.638368 1.211275 0.340954
v -0.638087 1.224377 0.305728
v -0.603711 1.196644 0.305961
v -0.603869 1.181122 0.341650
v -0.643738 1.097517 0.498020
v -0.643883 1.124445 0.466069
v -0.609830 1.090971 0.465151
v -0.609641 1.065378 0.497939
v -0.657032 1.002090 0.668288
v -0.652558 1.021683 0.640383
v -0.624908 1.005518 0.644683
v -0.631591 0.992769 0.672469
v -1.101182 0.970446 0.601526
v -1.133761 0.937798 0.588351
v -1.104711 0.941544 0.637605
v -1.140571 0.913044 0.625179
v -1.081402 1.091249 0.406056
v -1.118385 1.044657 0.392958
v -1.081860 1.065924 0.446787
v -1.119047 1.021759 0.433144
v -1.063554 1.209650 0.231826
v -1.096827 1.167168 0.219663
v -1.065595 1.189785 0.275953
v -1.101303 1.150198 0.265282
v -1.082708 1.255022 0.043406
v -1.049065 1.282793 0.060321
v -1.050806 1.277571 0.105072
v -1.085904 1.238398 0.093470
v -0.610574 1.195543 0.121070
v -0.637609 1.221334 0.121774
v -0.611288 1.201710 0.149723
v -0.638172 1.225828 0.150564
v -0.619088 1.189238 0.128209
v -0.636449 1.205545 0.128332
v -0.619595 1.193155 0.145339
v -0.636839 1.208651 0.145231
v -0.637602 1.165787 0.326795
v -0.637523 1.174372 0.299316
v -0.610692 1.151833 0.299382
v -0.610763 1.140213 0.326431
v -0.633334 1.150452 0.318828
v -0.633223 1.155722 0.304476
v -0.618237 1.143265 0.304854
v -0.618317 1.136869 0.319297
v -0.646751 1.059423 0.480807
v -0.647087 1.080059 0.457762
v -0.619765 1.051340 0.454297
v -0.618808 1.030678 0.477213
v -0.641203 1.041374 0.470198
v -0.641573 1.055099 0.454991
v -0.622901 1.034773 0.452166
v -0.622237 1.021040 0.467270
v -0.663508 0.976540 0.659386
v -0.657398 0.995859 0.633136
v -0.628147 0.978552 0.636555
v -0.634112 0.965750 0.663452
v -0.660221 0.964895 0.655283
v -0.656503 0.977217 0.635701
v -0.634836 0.965742 0.639191
v -0.638705 0.956905 0.658629
v -1.088910 0.940863 0.602262
v -1.107923 0.918940 0.590475
v -1.090443 0.922939 0.627292
v -1.111760 0.901787 0.615712
v -1.090232 0.924200 0.603862
v -1.102814 0.909700 0.595851
v -1.091636 0.911983 0.620762
v -1.105108 0.897991 0.613147
v -1.068113 1.050386 0.410654
v -1.090089 1.022146 0.400699
v -1.065949 1.036085 0.437441
v -1.087668 1.008577 0.427222
v -1.065506 1.036568 0.412309
v -1.081747 1.015764 0.404896
v -1.063866 1.026085 0.432112
v -1.079992 1.005602 0.424581
v -1.071958 1.193428 0.233920
v -1.090915 1.169018 0.225234
v -1.072449 1.181263 0.264729
v -1.093311 1.161297 0.257515
v -1.055972 1.181120 0.236106
v -1.074614 1.157120 0.227564
v -1.056454 1.169165 0.266401
v -1.076970 1.149525 0.259307
v -1.055928 1.166407 0.239771
v -1.068904 1.150585 0.234126
v -1.056502 1.158815 0.260652
v -1.070268 1.144823 0.255618
v -1.064028 1.234423 0.057613
v -1.042278 1.254957 0.065026
v -1.043065 1.252790 0.093198
v -1.064432 1.229712 0.086636
v -1.058095 1.231083 0.063682
v -1.043449 1.245275 0.068581
v -1.043931 1.243481 0.087724
v -1.058417 1.228220 0.083182
v -1.076887 1.071003 0.409018
v -1.098863 1.042768 0.399063
v -1.096442 1.029181 0.425586
v -1.074723 1.056698 0.435805
v -1.097694 0.956341 0.602839
v -1.116443 0.937790 0.592856
v -1.120013 0.922503 0.616000
v -1.099589 0.937845 0.627336
v -1.048391 1.273897 0.064284
v -1.070556 1.252981 0.056730
v -1.070968 1.248167 0.086308
v -1.049193 1.271692 0.092994
v -0.652438 1.010031 0.636427
v -0.657671 0.993080 0.657755
v -0.633696 0.983038 0.661179
v -0.628758 0.995962 0.638937
v -0.615692 1.074713 0.465905
v -0.643507 1.102310 0.469308
v -0.643174 1.080942 0.492885
v -0.614755 1.053165 0.489385
v -0.608347 1.182205 0.302347
v -0.634429 1.202789 0.302333
v -0.634480 1.194582 0.329350
v -0.608410 1.172083 0.328772
v -0.606482 1.221447 0.120488
v -0.634281 1.246733 0.121248
v -0.634871 1.250847 0.151397
v -0.607185 1.227198 0.150281
v -0.664394 0.440971 2.073659
v -1.188312 0.427488 2.016464
v -0.728149 0.493629 2.066455
v -0.730298 0.325108 2.128029
v -1.199304 0.469152 1.909491
v -1.244691 0.276567 1.909243
v -0.933989 1.136734 -1.320346
v -0.950806 0.356359 -1.331705
v -0.578293 1.036541 -1.121935
v -0.505844 0.337709 -1.171789
v -0.445417 0.580912 1.211363
v -1.270608 0.676970 0.735911
v -0.493815 0.704662 0.982455
v -1.489201 0.076225 0.697198
v -1.384236 0.543253 0.847982
v -0.373864 0.110067 1.222135
v -0.358191 0.103329 1.007124
v -1.493058 0.290504 0.842044
v -1.438734 0.480783 0.674147
v -0.372222 0.529621 0.998350
v -0.652788 0.356030 2.089085
v -0.377290 0.392481 1.224142
v -1.192296 0.354239 2.030782
v -0.730377 0.391176 2.139751
v -1.242667 0.376207 1.925732
v -1.184505 0.984295 -0.639614
v -0.460832 0.951847 -0.220310
v -0.409262 0.474342 -0.140476
v -0.410564 0.269217 -0.163928
v -0.406488 0.368107 -0.291574
v -1.299929 0.284128 -0.630906
v -1.312788 0.296267 -0.446090
v -1.192694 1.112894 -0.307378
v -1.085285 1.242916 -0.040526
v -0.415399 0.413317 0.024403
v -1.328430 0.271330 -0.289127
v -1.275178 0.567141 -0.268442
v -1.343134 0.258457 -0.089430
v -1.139740 0.975456 -0.925986
v -0.452666 0.980289 -0.519238
v -0.396881 0.284134 -0.520493
v -1.233821 0.305981 -0.925195
v -1.034139 1.048470 -1.166652
v -0.507013 0.973492 -0.842949
v -0.409563 0.303560 -0.857997
v -1.099302 0.340130 -1.192141
v -1.447925 0.404364 1.091864
v -1.298763 0.575764 1.094001
v -1.361184 0.454823 1.340285
v -0.535806 0.487442 1.638492
v -1.173870 0.562443 1.349832
v -0.476882 0.361103 1.648431
v -0.436226 0.451807 1.438650
v -0.472255 0.175962 1.636525
v -0.414607 0.266302 1.436093
v -1.460954 0.116259 1.089157
v -1.405446 0.154770 1.339678
v -1.259190 0.484835 1.564781
v -0.640100 0.490013 1.971158
v -1.149451 0.509264 1.774043
v -0.595277 0.385366 1.994794
v -0.555737 0.422873 1.840797
v -0.591574 0.275415 1.976937
v -0.536098 0.304090 1.836043
v -1.351496 0.184004 1.562073
v -1.344340 0.367130 1.568260
v -1.290825 0.235254 1.754989
v -1.269026 0.427036 1.767521
v -0.655434 0.513987 1.824739
v -0.925013 0.513781 2.081267
v -0.786411 0.546171 1.973911
v -0.933544 0.390005 2.159928
v -0.822285 0.446661 2.136207
v -0.934189 0.324722 2.148707
v -0.823427 0.356230 2.154118
v -0.654100 0.356356 -1.320824
v -0.668563 1.124439 -1.294503
v -0.525235 1.094137 -0.029374
v -0.817198 0.764145 0.936083
v -0.574280 0.577265 1.415560
v -0.654427 0.688927 1.175414
v -0.728819 0.565666 1.614320
v -0.863389 0.615339 1.379587
v -0.895806 0.553549 1.800947
v -1.047940 0.548990 1.583495
v -1.125960 0.478247 2.030035
v -1.037536 0.529493 1.955385
v -1.126611 0.395569 2.105471
v -1.039927 0.441492 2.124929
v -1.125755 0.318119 2.093900
v -1.041682 0.359138 2.142787
v -0.805623 0.356333 -1.360357
v -0.805870 1.163664 -1.364988
v -0.805777 1.250616 0.275241
v -1.158636 0.690771 0.879818
v -1.027065 0.667912 1.126782
v -1.175897 -0.019802 0.754064
v -1.461728 -0.019802 0.705734
v -1.353678 -0.004765 0.872627
v -1.061328 0.181980 1.983092
v -1.200459 0.136913 1.785053
v -1.228209 0.185186 1.938079
v -1.137587 0.219158 2.081282
v -1.201864 0.183353 -0.442643
v -1.233475 0.147614 -0.080109
v -1.068805 0.177113 -0.262448
v -1.306404 0.177113 -0.294957
v -1.286749 0.050539 1.358593
v -1.159384 0.019478 1.130977
v -1.434174 0.022064 1.101709
v -1.106725 0.087173 1.585915
v -1.329779 0.092070 1.579758
v -0.610374 0.185211 2.002124
v -0.633750 0.134594 1.838624
v -0.787131 0.181980 2.006775
v -0.716293 0.219906 2.119275
v -0.731139 0.086025 1.627609
v -0.496407 0.084923 1.652248
v -0.549735 0.044577 1.433513
v -0.698704 0.017715 1.191547
v -0.404477 0.016640 1.229443
v -0.505613 -0.005278 0.996503
v -0.689765 -0.019802 0.821900
v -0.529543 0.147614 0.014880
v -0.666667 0.177113 -0.208021
v -0.432544 0.177113 -0.176113
v -0.515894 0.183353 -0.352149
v -0.919214 0.134520 1.813772
v -0.932590 0.216673 2.135413
v -0.924360 0.046803 1.392320
v -0.935406 -0.004869 0.937385
v -0.880956 0.147614 -0.010647
v -0.856293 0.183353 -0.397203
v -1.505520 0.085390 0.846776
v -1.514993 0.058466 0.698039
v -1.510279 -0.004765 0.849286
v -1.522803 0.039799 0.849285
v -1.516180 -0.008661 0.698346
v -1.198624 0.304976 2.037004
v -1.305154 0.227879 1.767576
v -1.262670 0.263844 1.936896
v -1.200955 0.215836 2.053329
v -1.207555 0.261026 2.061599
v -1.308227 0.137880 1.779276
v -1.263327 0.190725 1.940087
v -1.319814 0.182213 1.782214
v -1.043356 0.324837 2.153394
v -1.134132 0.305723 2.133293
v -1.045636 0.231142 2.182457
v -1.047417 0.280113 2.194586
v -1.135434 0.239592 2.147218
v -1.326799 0.277847 -0.486356
v -1.285158 0.292007 -0.779138
v -1.322521 0.273565 -0.646374
v -1.335042 0.183353 -0.460183
v -1.343213 0.233465 -0.495302
v -1.326463 0.202377 -0.648983
v -1.300486 0.247976 -0.791525
v -1.359144 0.236988 -0.094239
v -1.362870 0.147614 -0.098772
v -1.375440 0.192173 -0.100670
v -1.353592 0.255089 -0.300188
v -1.354820 0.188253 -0.301647
v -1.184649 0.324175 -1.086632
v -1.254448 0.295925 -0.947543
v -1.258050 0.224613 -0.951328
v -1.197604 0.280434 -1.104876
v -1.024917 0.353243 -1.296001
v -0.884726 0.357338 -1.375482
v -0.958658 0.347012 -1.368910
v -1.033311 0.309734 -1.319753
v -0.960040 0.275311 -1.375261
v -0.887084 0.313862 -1.401817
v -1.114868 0.330540 -1.223344
v -1.117595 0.258898 -1.228655
v -1.421536 0.142807 1.348134
v -1.486323 0.100447 1.097949
v -1.425541 0.053740 1.356946
v -1.438033 0.098055 1.358021
v -1.487426 0.033596 1.099786
v -1.375345 0.170113 1.578494
v -1.376179 0.103788 1.582985
v -0.524779 0.223652 1.836861
v -0.647539 0.312677 2.095606
v -0.575184 0.263620 2.006639
v -0.522004 0.134678 1.850398
v -0.510749 0.179066 1.853994
v -0.645945 0.220320 2.112288
v -0.574619 0.194246 2.010079
v -0.640562 0.265511 2.120895
v -0.823784 0.324768 2.164756
v -0.725423 0.313982 2.168065
v -0.824389 0.231890 2.193964
v -0.725995 0.244076 2.182053
v -0.824680 0.280861 2.206137
v -0.402353 0.133171 1.442533
v -0.449094 0.162251 1.655342
v -0.398513 0.044773 1.455165
v -0.386144 0.088724 1.454889
v -0.448200 0.096142 1.660969
v -0.341696 0.084671 1.011377
v -0.348997 0.094170 1.232847
v -0.337349 -0.005259 1.016217
v -0.324736 0.039230 1.016358
v -0.347895 0.027840 1.237197
v -0.403922 0.236988 0.034353
v -0.399919 0.147614 0.031502
v -0.387210 0.192173 0.031380
v -0.390744 0.277218 -0.365697
v -0.385552 0.254614 -0.170645
v -0.387795 0.183353 -0.336249
v -0.373974 0.233465 -0.371729
v -0.384539 0.188253 -0.171857
v -0.386431 0.291395 -0.682440
v -0.372732 0.273565 -0.532081
v -0.369760 0.247356 -0.692467
v -0.368528 0.202377 -0.534012
v -0.431921 0.320498 -1.047262
v -0.386434 0.293459 -0.877595
v -0.417006 0.276728 -1.063989
v -0.382408 0.222143 -0.880894
v -0.575416 0.352631 -1.283832
v -0.487314 0.328074 -1.201418
v -0.565057 0.309118 -1.306877
v -0.484089 0.256430 -1.206451
v -0.723372 0.357338 -1.365729
v -0.643206 0.347012 -1.357590
v -0.718869 0.313862 -1.392050
v -0.641312 0.275311 -1.363867
v -0.936484 0.314528 2.193579
v -0.938310 0.246727 2.217801
v -0.804016 0.347012 -1.399385
v -0.803744 0.275368 -1.406056
v -1.488725 0.104061 0.844460
v -1.409662 0.277208 1.342881
v -1.458418 0.172873 1.089063
v -1.294272 0.308020 1.765937
v -1.348959 0.219921 1.562483
v -1.190098 0.306311 2.015993
v -1.242758 0.295439 1.909839
v -1.040645 0.327995 2.128096
v -1.125010 0.336079 2.093167
v -0.824066 0.326578 2.139283
v -0.933941 0.335781 2.147451
v -0.654514 0.316362 2.073939
v -0.730666 0.336563 2.127284
v -0.538524 0.230833 1.822365
v -0.593527 0.294384 1.977923
v -0.418123 0.145218 1.433213
v -0.475025 0.211637 1.635811
v -0.354798 0.283239 1.003446
v -0.376528 0.165274 1.220538
v -0.361805 0.156330 0.829135
v -0.420126 0.258337 0.035935
v -0.407066 0.289793 -0.325747
v -0.413509 0.318066 -0.161209
v -1.278112 0.438021 -0.414009
v -1.314622 0.463263 -0.102627
v -1.313665 0.339106 -0.286399
v -1.050646 0.173471 -0.476962
v -1.291790 0.173471 -0.508318
v -1.193441 -0.038048 -0.529722
v -1.035331 -0.036039 -0.612601
v -1.159677 -0.029690 -0.773293
v -1.274370 -0.036039 -0.642120
v -0.997562 -0.024094 -0.917755
v -1.084516 -0.018005 -1.088923
v -1.211229 -0.024094 -0.941638
v -0.928612 -0.010178 -1.232594
v -0.969023 -0.003283 -1.324327
v -1.082093 -0.010178 -1.218199
v -0.656035 0.173471 -0.425553
v -0.644921 -0.036039 -0.563398
v -0.424046 0.173471 -0.395185
v -0.511802 -0.038048 -0.440282
v -0.418645 -0.036039 -0.537187
v -0.501726 -0.029999 -0.700197
v -0.633288 -0.024403 -0.881247
v -0.428500 -0.026255 -0.876488
v -0.530151 -0.019857 -1.050721
v -0.679083 -0.010485 -1.213135
v -0.521226 -0.012339 -1.196793
v -0.633959 -0.003590 -1.310117
v -0.849327 -0.038048 -0.483838
v -0.826103 -0.029690 -0.734815
v -0.806726 -0.018005 -1.065620
v -0.804261 -0.002907 -1.346012
v -1.300486 0.185553 -0.791525
v -1.288159 -0.029690 -0.789072
v -1.336621 0.174583 -0.548148
v -1.323319 -0.033033 -0.648526
v -1.327170 -0.038048 -0.546890
v -1.197604 0.216419 -1.104876
v -1.187005 -0.018005 -1.099074
v -1.255138 -0.020950 -0.950356
v -0.887084 0.248953 -1.401817
v -0.884574 0.001141 -1.390168
v -1.033311 0.244633 -1.319753
v -0.958754 0.004614 -1.372532
v -1.025875 -0.003283 -1.310071
v -1.115289 -0.006765 -1.226691
v -0.375060 0.174583 -0.426526
v -0.384576 -0.038048 -0.426756
v -0.369760 0.184935 -0.692467
v -0.371694 -0.033033 -0.534010
v -0.382264 -0.030308 -0.691599
v -0.417006 0.212713 -1.063989
v -0.385430 -0.023422 -0.880270
v -0.428241 -0.021709 -1.059382
v -0.565057 0.244015 -1.306877
v -0.486527 -0.009237 -1.204721
v -0.572878 -0.003899 -1.297807
v -0.718869 0.248953 -1.392050
v -0.642714 0.004614 -1.361190
v -0.721977 0.001141 -1.380336
v -0.803824 0.007198 -1.403064
v -1.300486 0.126438 -0.791525
v -1.197604 0.152037 -1.104876
v -1.258050 0.174919 -0.951328
v -1.033311 0.176649 -1.319753
v -1.117595 0.205896 -1.228655
v -0.887084 0.181614 -1.401817
v -0.960040 0.221542 -1.375261
v -0.718869 0.181614 -1.392051
v -0.803744 0.222078 -1.406057
v -0.565057 0.176031 -1.306877
v -0.641312 0.221542 -1.363867
v -0.417006 0.148331 -1.063989
v -0.484088 0.203426 -1.206451
v -0.369760 0.125820 -0.692467
v -0.382408 0.172447 -0.880894
v -0.375060 0.115353 -0.426526
v -0.368528 0.154350 -0.534012
v -0.424046 0.114084 -0.395185
v -0.385703 0.149651 -0.391007
v -0.656035 0.114084 -0.425553
v -0.513674 0.149651 -0.406791
v -1.050646 0.114084 -0.476962
v -0.852576 0.149651 -0.451199
v -1.291790 0.114084 -0.508318
v -1.197595 0.149651 -0.496076
v -1.336621 0.115353 -0.548148
v -1.331597 0.149651 -0.513467
v -1.326463 0.154350 -0.648983
v -1.300486 -0.017595 -0.791525
v -1.197604 -0.004831 -1.104876
v -1.258050 0.009678 -0.951328
v -1.033311 0.011003 -1.319753
v -1.117595 0.026489 -1.228655
v -0.887084 0.017542 -1.401817
v -0.960040 0.038853 -1.375261
v -0.718869 0.017542 -1.392050
v -0.803744 0.041433 -1.406056
v -0.565057 0.010386 -1.306877
v -0.641312 0.038853 -1.363867
v -0.417006 -0.008537 -1.063989
v -0.484088 0.024019 -1.206451
v -0.369760 -0.018211 -0.692467
v -0.382408 0.007208 -0.880894
v -0.375060 -0.028967 -0.426526
v -0.368528 -0.003733 -0.534012
v -0.424072 -0.030617 -0.394885
v -0.385703 -0.010115 -0.391007
v -0.656191 -0.030617 -0.423750
v -0.513700 -0.010115 -0.406490
v -1.050672 -0.030617 -0.476661
v -0.852602 -0.010115 -0.450898
v -1.291790 -0.030617 -0.508318
v -1.197595 -0.010115 -0.496076
v -1.336621 -0.028967 -0.548148
v -1.331597 -0.010115 -0.513467
v -1.326463 -0.003733 -0.648983
v -1.300486 0.039843 -0.791525
v -1.197604 0.057726 -1.104876
v -1.258050 0.094206 -0.951328
v -1.033311 0.077061 -1.319753
v -1.117595 0.118265 -1.228655
v -0.887084 0.082972 -1.401817
v -0.960040 0.132309 -1.375261
v -0.718869 0.082972 -1.392050
v -0.803744 0.133842 -1.406056
v -0.565057 0.076443 -1.306877
v -0.641312 0.132309 -1.363867
v -0.417006 0.054020 -1.063989
v -0.484088 0.115795 -1.206451
v -0.369760 0.039227 -0.692467
v -0.382408 0.091736 -0.880894
v -0.375060 0.028585 -0.426526
v -0.368528 0.077135 -0.534012
v -0.424046 0.027088 -0.395185
v -0.385703 0.071613 -0.391007
v -0.656035 0.027088 -0.425553
v -0.513674 0.071613 -0.406791
v -1.050646 0.027088 -0.476962
v -0.852576 0.071613 -0.451199
v -1.291790 0.027088 -0.508318
v -1.197595 0.071613 -0.496076
v -1.336621 0.028585 -0.548148
v -1.331597 0.071613 -0.513467
v -1.326463 0.077135 -0.648983
v -1.023258 0.808319 0.785913
v -1.170318 0.800333 0.721588
v -0.832619 0.907734 0.744455
v -0.476286 0.744547 0.748224
v -0.387109 0.531017 0.669990
v -0.385839 0.159822 0.634717
v -0.377367 0.330830 0.673689
v -0.375925 0.085169 0.717214
v -0.359479 0.063313 0.719553
v -0.342553 0.017586 0.721663
v -0.355218 -0.026974 0.721773
v -0.691897 -0.031790 0.659996
v -0.514220 -0.026974 0.730508
v -1.159622 -0.031790 0.608098
v -0.929857 -0.026974 0.703175
v -1.432455 -0.031790 0.561683
v -1.337472 -0.026974 0.640962
v -1.485116 -0.020649 0.553227
v -1.488307 -0.026974 0.613590
v -1.483985 0.046486 0.553213
v -1.500830 0.017586 0.612474
v -1.458519 0.064781 0.555076
v -1.483693 0.063313 0.613065
v -1.466991 0.085238 0.613218
v -1.400771 0.530348 0.483549
v -1.466521 0.341291 0.578980
v -1.343569 0.636234 0.628863
v -0.984741 1.100153 -1.260024
v -1.017867 0.916397 -1.298489
v -0.960457 0.746437 -1.383703
v -0.880529 1.160477 -1.359494
v -0.884584 0.952223 -1.402914
v -0.945389 1.089594 -1.340475
v -0.957362 0.431887 -1.352562
v -1.019114 0.351620 -1.275423
v -1.027333 0.369722 -1.289004
v -0.883225 0.355526 -1.353027
v -0.955868 0.358723 -1.339314
v -0.885825 0.373272 -1.369198
v -1.271339 0.532116 -0.390638
v -1.217998 1.031794 -0.480926
v -1.253623 0.803539 -0.454601
v -1.251422 0.606987 -0.612745
v -1.170226 0.970789 -0.787785
v -1.229140 0.801914 -0.785947
v -1.207749 0.937559 -0.637679
v -0.472345 0.967947 -0.675081
v -0.418380 0.800793 -0.683582
v -0.403038 0.439415 -0.266742
v -0.388622 0.584309 -0.501513
v -0.446660 0.960720 -0.369560
v -0.412427 0.744032 -0.337351
v -0.429731 0.934673 -0.516390
v -0.401550 0.329409 -0.369789
v -0.401000 0.285877 -0.413905
v -0.388341 0.299669 -0.414520
v -0.383298 0.350136 -0.518215
v -0.398847 0.290726 -0.672667
v -0.384965 0.308498 -0.675534
v -0.385428 0.288290 -0.518981
v -1.312284 0.285866 -0.530880
v -1.310363 0.342264 -0.489570
v -1.324462 0.299891 -0.533624
v -1.273975 0.291294 -0.767757
v -1.311329 0.288210 -0.631426
v -1.287144 0.308947 -0.773368
v -1.312359 0.350040 -0.630334
v -1.018131 1.287045 0.001282
v -1.144857 1.198626 -0.155849
v -1.083261 1.263123 -0.046487
v -0.487569 1.044842 -0.096948
v -0.406949 0.550909 0.014321
v -0.451248 0.757475 -0.028319
v -1.292652 0.638376 -0.114311
v -1.238938 0.904139 -0.126251
v -0.406315 0.566664 -0.146866
v -0.449231 0.893023 -0.208545
v -1.277305 0.668148 -0.270924
v -1.217574 1.054413 -0.302602
v -0.538013 0.999979 -1.000846
v -0.471627 0.841297 -1.026969
v -0.401486 0.657253 -0.873112
v -0.478464 0.937746 -0.849500
v -0.395370 0.374218 -0.862698
v -0.443024 0.319429 -1.031999
v -0.430354 0.337132 -1.037728
v -0.398593 0.307247 -0.857841
v -1.175327 0.322998 -1.070416
v -1.244515 0.309412 -0.927373
v -1.186944 0.340361 -1.079702
v -1.246664 0.375994 -0.933512
v -1.239047 0.657484 -0.942100
v -1.091832 1.002541 -1.055658
v -1.149236 0.842417 -1.077645
v -1.166975 0.938982 -0.932723
v -0.617651 1.086876 -1.218958
v -0.576049 0.908655 -1.263042
v -0.486745 0.705975 -1.181662
v -0.553353 1.001625 -1.135463
v -0.492123 0.410887 -1.180713
v -0.583143 0.351038 -1.263822
v -0.574136 0.369196 -1.276708
v -0.496979 0.340824 -1.175495
v -1.108147 0.343019 -1.197120
v -1.110829 0.412956 -1.205474
v -1.110823 0.708551 -1.216220
v -1.057001 1.009069 -1.180698
v -0.644810 0.431656 -1.340168
v -0.726836 0.355503 -1.343321
v -0.723052 0.373234 -1.359428
v -0.649038 0.358694 -1.328440
v -0.728959 1.158300 -1.348426
v -0.718259 0.951063 -1.390769
v -0.632801 0.744051 -1.362299
v -0.656073 1.081951 -1.313398
v -0.576906 1.159504 0.015813
v -0.514849 1.098639 -0.004394
v -0.804333 0.431852 -1.384360
v -0.805439 0.358324 -1.369100
v -0.801148 0.752432 -1.426655
v -0.804500 1.116625 -1.386956
v -0.389436 0.394869 -0.380487
v -0.380878 0.478647 -0.684388
v -0.423555 0.517212 -1.044470
v -0.559029 0.558130 -1.290209
v -0.717390 0.567410 -1.392831
v -0.885376 0.567581 -1.404255
v -1.034364 0.559774 -1.310861
v -1.190980 0.518887 -1.088672
v -1.280915 0.478743 -0.778363
v -1.300143 0.438148 -0.499994
v -1.083013 0.893709 0.727062
v -1.266430 0.728134 0.674356
v -1.175136 0.835026 0.708750
v -1.269479 0.780785 0.585145
v -0.427756 0.610287 0.668769
v -0.572381 0.882677 0.768581
v -0.470985 0.756855 0.713563
v -0.383968 0.505453 0.590102
v -0.386130 0.547468 0.613661
v -1.390105 0.603657 0.530851
v -1.347098 0.665796 0.590911
v -1.389132 0.620142 0.491247
v -0.954193 1.322353 0.049036
v -0.950774 1.285250 0.076724
v -0.902886 1.330172 0.071473
v -1.003929 0.956205 0.700685
v -1.016243 0.962866 0.714544
v -0.959903 0.977718 0.700536
v -0.649587 0.933273 0.767406
v -0.641468 1.216061 0.047392
v -0.634351 1.260702 0.030655
v -0.819281 1.354626 0.072909
v -0.660669 0.938789 0.732184
v -0.821702 0.985785 0.686256
v -0.966263 0.984154 0.705315
v -0.937740 1.036573 0.636994
v -0.907204 1.341581 0.070877
v -1.015981 1.304844 -0.001198
v -0.950365 1.329475 0.028673
v -1.150727 1.203709 -0.156683
v -1.081751 1.255854 -0.049119
v -1.226499 1.033415 -0.481868
v -1.200543 1.115480 -0.307644
v -1.178428 0.972605 -0.789932
v -1.192867 0.985743 -0.641148
v -1.099689 1.004755 -1.058923
v -1.147726 0.977503 -0.928579
v -0.991167 1.101934 -1.265249
v -1.041352 1.050484 -1.170711
v -0.882932 1.161860 -1.366814
v -0.938605 1.138239 -1.326617
v -0.725849 1.159819 -1.355541
v -0.805496 1.168842 -1.372383
v -0.610871 1.089010 -1.223469
v -0.664977 1.129528 -1.299213
v -0.529898 1.002546 -1.002851
v -0.571587 1.041891 -1.124787
v -0.463778 0.969967 -0.675687
v -0.498798 0.975811 -0.844121
v -0.438069 0.962456 -0.369249
v -0.444181 0.981960 -0.519340
v -0.481035 1.049366 -0.098185
v -0.453294 0.954313 -0.219667
v -0.574913 1.175610 0.012460
v -0.525543 1.104843 -0.036538
v -0.813358 1.349882 0.073553
v -0.639370 1.251284 0.018535
v -0.816035 0.996010 0.691179
v -0.567235 0.885035 0.780376
v -0.772900 0.953564 0.727689
v -0.420457 0.613123 0.672119
v -0.475383 0.747189 0.730332
v -0.377295 0.507433 0.590212
v -0.389534 0.539972 0.627447
v -0.378361 0.499695 0.547901
v -0.400344 0.552366 0.014264
v -0.396095 0.440096 -0.266381
v -0.401781 0.511948 -0.136707
v -0.392944 0.329336 -0.369469
v -0.397749 0.375948 -0.338064
v -0.392121 0.285656 -0.413693
v -0.397376 0.297316 -0.379514
v -0.390079 0.290430 -0.673189
v -0.393483 0.283834 -0.518555
v -0.435171 0.318857 -1.035017
v -0.406332 0.303053 -0.856052
v -0.577720 0.349913 -1.270074
v -0.503250 0.336760 -1.170770
v -0.724694 0.353964 -1.351382
v -0.652675 0.354906 -1.320878
v -0.884990 0.354031 -1.361020
v -0.805709 0.354719 -1.360741
v -1.024451 0.350447 -1.281962
v -0.952572 0.354923 -1.331706
v -1.182813 0.322264 -1.074595
v -1.102213 0.339073 -1.191463
v -1.282516 0.290915 -0.769830
v -1.237186 0.305351 -0.923991
v -1.321073 0.285622 -0.532137
v -1.303465 0.283791 -0.629604
v -1.318891 0.342133 -0.490623
v -1.319827 0.299316 -0.499539
v -1.277870 0.532639 -0.391072
v -1.291337 0.432058 -0.459853
v -1.298749 0.639898 -0.114461
v -1.283231 0.604126 -0.265536
v -1.395726 0.607418 0.532259
v -1.273306 0.731934 0.677934
v -1.345455 0.654394 0.606697
v -1.089730 0.895348 0.737524
v -1.177723 0.816429 0.717043
v -1.013778 0.940325 0.732407
v -1.486229 0.157963 0.692272
v -0.388987 -0.019802 0.839097
v -0.331856 -0.008661 0.840428
v -0.332944 0.058466 0.839769
v -0.358333 0.076225 0.835675
v -0.362051 0.425993 0.797001
v -0.401355 0.610668 0.814094
v -0.606566 0.818003 0.834534
v -0.574725 1.148003 0.017319
v -0.684745 1.247343 0.172053
v -0.918591 1.285603 0.159487
v -0.797713 1.382204 0.018313
v -1.014542 1.285263 0.003733
v -1.012530 1.290737 0.015913
v -0.887342 1.343899 0.037669
v -0.716582 1.299076 0.057615
v -0.603010 1.169827 0.039380
v -0.799195 1.311504 0.098129
v -0.627472 1.195456 0.050663
v -0.579879 1.220081 -0.018748
v -0.716945 1.373518 0.001703
v -0.878255 1.394209 -0.021671
v -0.798074 1.384645 -0.024934
v -1.011374 1.322849 -0.048811
v -1.013785 1.279030 -0.015087
v -0.592768 1.172134 -0.010500
v -0.998060 1.278982 0.020402
v -0.579333 1.138197 0.026335
v -0.542781 1.100548 0.006838
v -0.514787 1.056583 -0.003311
v -0.543486 1.081039 -0.019101
v -0.535261 1.051397 -0.025554
v -0.528642 1.039181 -0.010247
v -0.522071 1.065243 0.000197
v -0.517532 1.050550 0.013276
v -0.507848 1.022432 0.009963
v -1.083951 1.253183 -0.045150
v -1.138063 1.201696 -0.048244
v -1.074836 1.230328 -0.075097
v -1.130647 1.180933 -0.054876
v -1.128251 1.202150 -0.067114
v -1.081014 1.217787 -0.024694
v -1.077453 1.207733 -0.007316
v -1.118134 1.168821 -0.013195
v -0.719563 1.357845 0.002616
v -0.881678 1.374645 -0.007465
v -0.637663 1.208794 0.010777
v -0.786979 1.326523 0.014294
v -0.938751 1.328718 0.012864
v -0.946847 1.361223 -0.045415
v -0.947033 1.372200 -0.002983
v -0.963324 1.292072 0.036416
v -0.980016 1.265554 0.148042
v -0.898944 1.291075 0.165506
v -0.909369 1.323580 0.136212
v -1.005507 1.298622 0.098254
v -1.318344 0.641735 0.032355
v -1.368321 0.270805 0.079197
v -0.440091 0.087721 0.199826
v -0.391207 0.098860 0.203609
v -0.392175 0.165844 0.203557
v -0.416917 0.183262 0.203501
v -0.409297 0.501360 0.156176
v -0.409079 0.602858 0.139323
v -0.462426 0.954697 0.085002
v -0.547540 1.142027 0.113787
v -0.816580 1.344032 0.146644
v -0.838844 1.334885 0.147334
v -0.829093 1.309088 0.164018
v -0.621019 1.191071 0.135512
v -0.655956 1.259218 0.006368
v -0.657443 1.329815 -0.028649
v -0.690743 1.209980 0.340565
v -0.929086 1.232229 0.301592
v -1.058745 0.982101 0.647888
v -1.240634 0.880102 0.413435
v -1.142566 0.963018 0.528821
v -1.368482 0.645817 0.384810
v -1.325626 0.724840 0.468890
v -1.402933 0.594692 0.474364
v -1.395420 0.603786 0.427018
v -1.377217 0.543247 0.388980
v -1.389907 0.600433 0.426073
v -1.455034 0.161272 0.544550
v -1.432854 0.353441 0.467725
v -1.439656 0.057903 0.464741
v -1.445097 0.078257 0.509587
v -1.464925 0.039286 0.461253
v -1.461678 0.054895 0.508460
v -1.466023 -0.027851 0.461090
v -1.478655 0.009153 0.506542
v -1.414366 -0.038992 0.469349
v -1.466137 -0.035406 0.508158
v -1.148840 -0.038992 0.508800
v -1.320101 -0.035406 0.533504
v -0.692160 -0.038992 0.550943
v -0.923556 -0.035406 0.584907
v -0.410282 -0.031790 0.655059
v -0.523502 -0.035406 0.610803
v -0.355935 -0.020649 0.652549
v -0.373798 -0.035406 0.608673
v -0.356968 0.046486 0.651862
v -0.361121 0.009153 0.608320
v -0.382056 0.064711 0.648056
v -0.377781 0.054895 0.604929
v -0.400843 0.156166 0.543965
v -0.393986 0.077702 0.601433
v -0.386322 0.450319 0.560407
v -0.392456 0.334476 0.552439
v -0.385542 0.509693 0.459183
v -0.385410 0.507689 0.503440
v -0.378456 0.519218 0.553159
v -0.378815 0.509398 0.503124
v -0.425331 0.640001 0.601382
v -0.394816 0.603477 0.511415
v -0.545177 0.930794 0.687938
v -0.477211 0.831638 0.566735
v -0.816424 1.048653 0.631401
v -0.628824 1.028942 0.588875
v -0.837073 1.047037 0.622480
v -0.838282 1.088156 0.544632
v -0.827122 1.036722 0.623269
v -0.844168 1.079088 0.540921
v -0.680212 0.982813 0.674316
v -0.788039 1.082436 0.552294
v -0.980718 0.987690 0.640438
v -0.824703 1.048828 0.567695
v -0.947222 1.025301 0.634139
v -0.975041 1.073259 0.547434
v -0.912724 1.125122 0.469217
v -0.922106 1.097275 0.551177
v -0.959236 1.037786 0.641869
v -0.928335 1.106537 0.554307
v -0.995341 1.083025 0.558538
v -1.034696 1.124460 0.462986
v -1.213911 0.981939 0.239427
v -1.118128 1.087381 0.347622
v -1.343825 0.668110 0.252605
v -1.300266 0.781807 0.326902
v -1.383663 0.608717 0.379043
v -1.375086 0.614323 0.324622
v -1.352901 0.557262 0.264036
v -1.369440 0.611336 0.324043
v -1.436091 0.158091 0.453499
v -1.411626 0.362564 0.366870
v -1.415112 0.081829 0.335778
v -1.424911 0.079876 0.410074
v -1.440140 0.063282 0.330550
v -1.441383 0.055511 0.408098
v -1.441195 -0.003824 0.330150
v -1.458217 0.009792 0.405033
v -1.390699 -0.014965 0.338122
v -1.445699 -0.034769 0.407033
v -1.133860 -0.014965 0.372681
v -1.303810 -0.034769 0.429588
v -0.690234 -0.014965 0.411249
v -0.917008 -0.034769 0.470827
v -0.424778 -0.038992 0.564124
v -0.530809 -0.034769 0.502175
v -0.372568 -0.027851 0.564673
v -0.389352 -0.034769 0.512310
v -0.373526 0.039286 0.563491
v -0.376664 0.009792 0.511783
v -0.398193 0.057697 0.557083
v -0.393077 0.055511 0.507083
v -0.412480 0.179111 0.421296
v -0.409062 0.078857 0.502434
v -0.394640 0.456314 0.471513
v -0.403545 0.340219 0.455869
v -0.393660 0.516739 0.346066
v -0.393456 0.510189 0.409108
v -0.386178 0.538128 0.457463
v -0.386875 0.511644 0.408673
v -0.435178 0.749853 0.458479
v -0.409192 0.643887 0.391162
v -0.530174 0.964329 0.504146
v -0.485715 0.917822 0.398044
v -0.823614 1.182381 0.469769
v -0.623898 1.156130 0.409222
v -0.845425 1.177691 0.463750
v -0.845139 1.234138 0.388344
v -0.835966 1.167471 0.463196
v -0.851179 1.223358 0.385329
v -0.687378 1.106419 0.489476
v -0.793276 1.212683 0.365767
v -0.950293 1.123098 0.463155
v -0.813141 1.177385 0.396611
v -0.920556 1.119783 0.465601
v -0.947018 1.201771 0.358983
v -0.894731 1.267776 0.312036
v -0.899029 1.217211 0.387360
v -0.934257 1.141182 0.471257
v -0.905075 1.227942 0.388893
v -0.972202 1.211678 0.382475
v -0.902903 1.258068 0.288760
v -0.889336 1.310486 0.147006
v -0.896784 1.290594 0.233583
v -0.915538 1.278662 0.305004
v -0.905161 1.309040 0.229042
v -1.016143 1.242275 0.282956
v -0.958460 1.298239 0.207935
v -1.183812 1.095182 0.019258
v -1.098326 1.191750 0.166126
v -1.304085 0.703434 0.029521
v -1.270490 0.847136 0.146839
v -1.359510 0.619286 0.254409
v -1.344244 0.630184 0.160361
v -1.311262 0.589785 0.038846
v -1.338411 0.627771 0.160129
v -1.411569 0.181112 0.325012
v -1.376753 0.400587 0.195446
v -1.371597 0.183384 0.086588
v -1.392721 0.138306 0.231443
v -1.396224 0.165844 0.078947
v -1.409021 0.114496 0.228399
v -1.397204 0.098860 0.078114
v -1.425646 0.069063 0.223968
v -1.348506 0.087721 0.085520
v -1.413114 0.024504 0.226067
v -1.105593 0.087721 0.118910
v -1.276915 0.024504 0.246516
v -0.682739 0.087721 0.167545
v -0.904485 0.024504 0.286849
v -0.435549 -0.014965 0.437885
v -0.533398 0.024504 0.325438
v -0.385161 -0.003824 0.440707
v -0.398374 0.024504 0.341571
v -0.386083 0.063282 0.439518
v -0.385674 0.069063 0.341098
v -0.410551 0.081570 0.433168
v -0.402110 0.114496 0.338430
v -0.418923 0.269625 0.195561
v -0.418096 0.137440 0.335358
v -0.402196 0.468119 0.357029
v -0.411385 0.370050 0.298760
v -0.400955 0.551420 0.149557
v -0.400896 0.531715 0.262475
v -0.397093 0.552568 0.338934
v -0.394300 0.533140 0.262106
v -0.459814 0.853270 0.303895
v -0.432630 0.708830 0.228019
v -0.529569 1.079756 0.323271
v -0.497465 1.023392 0.212811
v -0.825756 1.275465 0.316337
v -0.621308 1.239943 0.236329
v -0.848262 1.259077 0.313272
v -0.842276 1.312065 0.236950
v -0.836016 1.260281 0.287838
v -0.849376 1.296886 0.234704
v -0.774520 1.226774 0.397367
v -0.771128 1.310991 0.235801
v -0.714370 1.262428 0.319977
v -0.762082 1.351534 0.064325
v -0.708531 1.321045 0.134739
v -0.765652 1.352873 0.039424
v -0.698988 1.330856 0.044146
v -0.772080 1.304003 0.084857
v -0.701071 1.310560 0.049799
v -0.683933 1.173304 0.402618
v -0.715310 1.264635 0.148816
v -0.673729 1.046085 0.577824
v -0.735629 1.136929 0.478967
v -0.778647 0.972334 0.699437
v -0.724254 1.001917 0.652359
v -0.654197 0.919418 0.776286
v -0.716263 0.933577 0.746688
v -0.768470 0.982183 0.711041
v -0.711205 0.937260 0.755915
v -0.771353 1.096838 0.563134
v -0.717044 1.016479 0.660879
v -0.716236 1.149929 0.487754
v -0.731881 1.234430 0.287123
v -0.674694 1.221136 0.242397
v -0.595230 1.213764 0.075134
v -0.657156 1.271587 0.084396
v -0.621113 1.244169 0.102695
v -0.585225 1.218409 0.179923
v -0.595576 1.220995 0.133132
v -0.658000 1.282221 0.182311
v -0.620232 1.250305 0.166450
v -0.645769 1.267355 0.136012
v -0.660016 1.215611 0.356677
v -0.658867 1.250713 0.279791
v -0.643968 1.222746 0.323263
v -0.582914 1.180544 0.280835
v -0.620863 1.212904 0.299935
v -0.583445 1.140799 0.361812
v -0.598051 1.186274 0.323883
v -0.621155 1.193598 0.347211
v -0.664294 1.092213 0.530049
v -0.663976 1.152534 0.451154
v -0.649489 1.115299 0.482128
v -0.587951 1.076267 0.457067
v -0.626885 1.113455 0.460215
v -0.589857 1.018969 0.540170
v -0.604057 1.071198 0.481462
v -0.626661 1.078178 0.503374
v -0.675916 0.986773 0.698134
v -0.669975 1.039568 0.619958
v -0.659220 1.013618 0.653509
v -0.598045 0.992010 0.635289
v -0.637904 1.016533 0.637775
v -0.620454 0.976212 0.695245
v -0.623521 0.995533 0.660114
v -0.645138 0.997665 0.675256
v -1.095850 0.987415 0.593100
v -1.178778 0.902582 0.561511
v -1.116326 0.959419 0.589395
v -1.104627 0.930992 0.672193
v -1.097654 0.954000 0.621502
v -1.192283 0.848759 0.644869
v -1.122805 0.926258 0.637716
v -1.143260 0.919535 0.604068
v -1.071089 1.113350 0.400530
v -1.153088 1.011627 0.378005
v -1.099800 1.071972 0.392763
v -1.079408 1.054922 0.483096
v -1.075450 1.086142 0.428650
v -1.162999 0.966612 0.459183
v -1.100546 1.039820 0.446709
v -1.124897 1.025648 0.410823
v -1.055130 1.227076 0.222258
v -1.131351 1.130356 0.199666
v -1.079647 1.191490 0.218266
v -1.061824 1.184116 0.306341
v -1.058826 1.206560 0.255792
v -1.142070 1.085695 0.285298
v -1.083992 1.166927 0.278097
v -1.104814 1.151848 0.240570
v -1.110198 1.238005 -0.010490
v -1.042120 1.286339 0.034504
v -1.065475 1.270723 0.043962
v -1.046679 1.272078 0.127379
v -1.044207 1.285759 0.085073
v -1.121745 1.185923 0.101031
v -1.068767 1.256163 0.107172
v -1.090034 1.241129 0.066062
v -0.605659 1.228252 0.120559
v -0.633459 1.253122 0.121319
v -0.623984 1.208029 0.116636
v -0.606362 1.233858 0.150352
v -0.606437 1.193842 0.135268
v -0.634048 1.257032 0.151468
v -0.624836 1.215113 0.154930
v -0.642384 1.227142 0.136298
v -0.614002 1.188404 0.123583
v -0.638744 1.211969 0.124118
v -0.628152 1.195856 0.126114
v -0.614751 1.194242 0.148813
v -0.617190 1.187523 0.137015
v -0.639229 1.216089 0.148829
v -0.628750 1.200392 0.147750
v -0.639713 1.208078 0.136849
v -0.634939 1.204641 0.333379
v -0.634883 1.214104 0.304092
v -0.642035 1.174885 0.313080
v -0.606610 1.192566 0.304108
v -0.624096 1.164387 0.294805
v -0.606679 1.181154 0.332753
v -0.606255 1.143858 0.312882
v -0.624194 1.150656 0.331157
v -0.636607 1.155878 0.323192
v -0.636461 1.163225 0.301135
v -0.635320 1.153952 0.311334
v -0.613955 1.144361 0.301353
v -0.625887 1.148703 0.302892
v -0.614029 1.134275 0.323615
v -0.616596 1.137362 0.312072
v -0.626029 1.141666 0.320514
v -0.641645 1.094799 0.493477
v -0.641977 1.117048 0.469900
v -0.651524 1.073765 0.469873
v -0.614163 1.090374 0.466496
v -0.633533 1.069941 0.452199
v -0.613226 1.067535 0.489977
v -0.614681 1.035322 0.465167
v -0.632672 1.042358 0.482840
v -0.645654 1.048555 0.475732
v -0.646001 1.067768 0.454280
v -0.644157 1.049082 0.462450
v -0.620153 1.039997 0.450635
v -0.632068 1.045509 0.450529
v -0.619140 1.020630 0.471856
v -0.619268 1.022120 0.458484
v -0.631358 1.027273 0.470404
v -0.656413 0.997463 0.663089
v -0.651399 1.014290 0.642727
v -0.665289 0.987932 0.645629
v -0.628870 1.001650 0.645129
v -0.641870 0.990301 0.630412
v -0.633589 0.988083 0.666375
v -0.626122 0.968187 0.650675
v -0.649898 0.970623 0.665901
v -0.664195 0.968555 0.658726
v -0.658911 0.986469 0.632130
v -0.662278 0.970682 0.644659
v -0.629546 0.969971 0.636617
v -0.645364 0.971783 0.633928
v -0.635162 0.958286 0.662835
v -0.633175 0.957373 0.649467
v -0.650279 0.958370 0.660204
v -1.106158 0.962219 0.607222
v -1.124655 0.944050 0.596959
v -1.097465 0.932867 0.591052
v -1.107932 0.942091 0.630994
v -1.086400 0.934391 0.616553
v -1.128160 0.928949 0.619567
v -1.101243 0.909069 0.625963
v -1.113302 0.906759 0.601080
v -1.088000 0.933075 0.602450
v -1.105298 0.912083 0.591090
v -1.095963 0.917475 0.596719
v -1.089207 0.915361 0.625867
v -1.089307 0.919483 0.613476
v -1.108870 0.895613 0.615142
v -1.098417 0.901699 0.619826
v -1.105835 0.900826 0.603508
v -1.079167 1.076567 0.408509
v -1.101143 1.048340 0.398554
v -1.079483 1.038591 0.401234
v -1.077003 1.062271 0.435296
v -1.063389 1.047880 0.425729
v -1.098722 1.034758 0.425077
v -1.076427 1.020010 0.436774
v -1.092520 1.010723 0.412279
v -1.064593 1.044283 0.410472
v -1.086570 1.016054 0.400517
v -1.073344 1.027205 0.405025
v -1.062429 1.029984 0.437259
v -1.061274 1.034161 0.423396
v -1.084149 1.002472 0.427039
v -1.071052 1.013268 0.431680
v -1.083122 1.006306 0.413309
v -1.074459 1.194853 0.235129
v -1.091470 1.172939 0.227334
v -1.081197 1.182878 0.224319
v -1.074899 1.183935 0.262774
v -1.068885 1.191046 0.250649
v -1.093620 1.165998 0.256302
v -1.083121 1.169617 0.266379
v -1.095432 1.161455 0.240049
v -1.066500 1.191687 0.235004
v -1.085457 1.167280 0.226317
v -1.065057 1.170746 0.226665
v -1.066990 1.179520 0.265812
v -1.052950 1.178783 0.252556
v -1.087853 1.159548 0.258598
v -1.066948 1.157715 0.268024
v -1.079054 1.149679 0.242133
v -1.054078 1.173769 0.236844
v -1.071771 1.150976 0.228737
v -1.062015 1.158678 0.233532
v -1.054535 1.162403 0.265599
v -1.053808 1.164125 0.251086
v -1.074007 1.143757 0.258867
v -1.063298 1.149837 0.261572
v -1.071506 1.144390 0.244019
v -1.064818 1.260401 0.061198
v -1.047709 1.276554 0.067030
v -1.053053 1.245268 0.056554
v -1.048328 1.274853 0.089192
v -1.039079 1.257504 0.080277
v -1.065137 1.256683 0.084030
v -1.053848 1.240679 0.094684
v -1.067823 1.228436 0.070961
v -1.061590 1.230270 0.058780
v -1.041087 1.249622 0.065769
v -1.050481 1.238094 0.063055
v -1.041829 1.247583 0.092326
v -1.041135 1.246267 0.078921
v -1.061971 1.225826 0.086140
v -1.051012 1.235018 0.088556
v -1.060359 1.226831 0.072690
v -1.072706 1.060776 0.409951
v -1.094683 1.032560 0.399996
v -1.088257 1.059208 0.399598
v -1.092262 1.018965 0.426519
v -1.101294 1.031332 0.410643
v -1.070543 1.046476 0.436739
v -1.085201 1.040617 0.435138
v -1.072163 1.068491 0.424093
v -1.092834 0.948948 0.602417
v -1.112229 0.928551 0.591587
v -1.106643 0.951097 0.594210
v -1.116000 0.912470 0.616078
v -1.121461 0.926804 0.602223
v -1.094898 0.931509 0.627654
v -1.110217 0.929258 0.625625
v -1.095422 0.946749 0.617210
v -1.045231 1.264412 0.064558
v -1.067396 1.243492 0.057003
v -1.059372 1.264023 0.055650
v -1.067808 1.238684 0.086582
v -1.074424 1.246866 0.070332
v -1.046034 1.262201 0.093267
v -1.060182 1.259344 0.094508
v -1.045130 1.276493 0.079826
v -0.655891 1.004978 0.633561
v -0.662283 0.984678 0.659700
v -0.659001 1.003359 0.646596
v -0.632811 0.973234 0.663838
v -0.646599 0.987507 0.663099
v -0.626758 0.987389 0.636630
v -0.627204 0.986750 0.650551
v -0.639800 1.005697 0.634052
v -0.617878 1.063711 0.460146
v -0.645692 1.092129 0.463550
v -0.629705 1.092947 0.463685
v -0.645360 1.070942 0.487126
v -0.648027 1.095366 0.481672
v -0.616941 1.042421 0.483627
v -0.628859 1.064257 0.495056
v -0.610537 1.058413 0.477069
v -0.608475 1.165611 0.298823
v -0.636748 1.188940 0.298807
v -0.621378 1.194040 0.297886
v -0.636804 1.180052 0.328094
v -0.638800 1.202349 0.315888
v -0.608544 1.154953 0.327468
v -0.621454 1.181501 0.333514
v -0.604032 1.174768 0.315513
v -0.608093 1.208406 0.120349
v -0.635893 1.234436 0.121109
v -0.620274 1.233788 0.115873
v -0.636482 1.238836 0.151258
v -0.639200 1.252237 0.136479
v -0.608796 1.214472 0.150141
v -0.621135 1.240372 0.155834
v -0.602209 1.219671 0.135228
v -1.124970 0.437664 2.085481
v -1.355465 0.594007 0.699722
v -0.953697 0.939741 -1.365692
v -0.365410 0.505449 0.800390
v -1.351607 -0.019802 0.724961
v -1.165774 0.753208 0.762043
v -1.134246 0.503357 1.927661
v -1.231491 0.424784 1.915335
v -1.162789 0.184299 1.958729
v -0.608607 0.443661 1.983885
v -1.485234 0.091179 0.696960
v -0.956381 0.373590 -1.343224
v -0.362230 0.091179 0.834998
v -0.594154 0.279139 1.973147
v -1.124510 0.323074 2.088750
v -1.241901 0.280304 1.905716
v -1.230584 0.789263 -0.623270
v -0.408515 0.788578 -0.507277
v -0.383896 0.302280 -0.520279
v -1.180977 -0.036039 -0.630661
v -1.312650 0.302204 -0.633003
v -1.050456 1.235966 0.075823
v -0.446677 0.747265 0.109550
v -0.420696 0.199673 0.202808
v -1.255743 0.087721 0.099136
v -1.367705 0.200159 0.086753
v -1.250491 0.888374 0.020562
v -0.433252 0.707474 -0.177492
v -0.414386 0.281778 -0.163733
v -1.214669 0.177113 -0.282345
v -1.322853 0.286549 -0.288326
v -1.248195 0.859659 -0.286783
v -0.438890 0.817513 -0.862579
v -0.396981 0.320848 -0.859176
v -1.129014 -0.024094 -0.932016
v -1.245757 0.322954 -0.929830
v -1.203893 0.818081 -0.938388
v -0.518175 0.874611 -1.159454
v -0.495495 0.355150 -1.177716
v -1.021708 -0.010178 -1.226106
v -1.109161 0.357298 -1.200295
v -1.085137 0.879572 -1.200076
v -1.396713 0.501810 1.090881
v -1.171703 0.630953 1.107687
v -0.395237 0.496258 1.221325
v -0.377718 0.121189 1.220431
v -1.327570 0.021021 1.112487
v -1.457056 0.127426 1.087963
v -1.171009 0.522661 1.571671
v -0.494124 0.430080 1.647590
v -0.475899 0.182976 1.633954
v -1.243200 0.089687 1.579428
v -1.347801 0.191067 1.559986
v -1.315234 0.433014 1.565818
v -0.697791 0.522636 1.971527
v -0.734422 0.440794 2.119269
v -0.731048 0.327372 2.122790
v -0.680635 0.183868 2.005113
v -0.588866 0.084963 1.640622
v -0.520839 0.016640 1.212792
v -0.506598 -0.019802 0.835512
v -0.532740 0.087721 0.187059
v -0.522555 0.177113 -0.188224
v -0.505668 -0.036039 -0.546763
v -0.506330 -0.025328 -0.875751
v -0.583866 -0.011414 -1.202407
v -0.648012 0.373571 -1.332277
v -0.642762 0.934633 -1.340734
v -0.497063 1.067518 0.093030
v -0.475321 0.742483 0.829851
v -0.545568 0.647934 1.195653
v -0.612866 0.535940 1.627424
v -0.887261 0.566076 1.596215
v -0.910691 0.548979 1.967229
v -0.931576 0.444881 2.139966
v -0.933881 0.326864 2.142996
v -0.925060 0.181347 1.999580
v -0.919858 0.086720 1.607152
v -0.930666 0.018467 1.160483
v -0.934074 -0.019802 0.790564
v -0.894140 0.087721 0.143271
v -0.867444 0.177113 -0.235217
v -0.839060 -0.036039 -0.587762
v -0.814676 -0.024094 -0.898041
v -0.804201 -0.010178 -1.225734
v -0.805186 0.373142 -1.373167
v -0.802486 0.956461 -1.411384
v -0.825357 0.833586 0.815317
v -0.840841 0.691328 1.150277
v -1.519311 0.024759 0.698174
v -1.265679 0.226734 1.941555
v -1.136038 0.276230 2.145739
v -1.326463 0.240236 -0.648983
v -1.400341 0.132280 0.077608
v -1.357968 0.221674 -0.302086
v -1.258050 0.262674 -0.951328
v -0.960040 0.313862 -1.375261
v -1.117595 0.297358 -1.228655
v -1.490562 0.066940 1.099741
v -1.379308 0.136848 1.582278
v -0.572443 0.228760 2.011657
v -0.725108 0.279221 2.180619
v -0.445168 0.129263 1.660490
v -0.344798 0.060900 1.236017
v -0.328693 0.024759 0.840452
v -0.388031 0.132280 0.203526
v -0.381363 0.221674 -0.171819
v -0.368528 0.240236 -0.534012
v -0.382408 0.260204 -0.880894
v -0.484089 0.294886 -1.206451
v -0.641312 0.313862 -1.363867
v -0.937873 0.281408 2.212755
v -0.803744 0.313862 -1.406056
v -1.502039 0.070473 0.697636
v -1.506786 -0.019802 0.698865
v -1.253647 0.275763 1.922761
v -1.256268 0.182178 1.935809
v -1.129833 0.317238 2.112381
v -1.132201 0.229149 2.135230
v -1.310695 0.284435 -0.638547
v -1.313886 -0.036039 -0.647157
v -1.383873 0.177412 0.082963
v -1.387793 0.087721 0.079632
v -1.340794 0.266245 -0.294486
v -1.345377 0.177113 -0.300331
v -1.243641 0.306555 -0.936186
v -1.246400 -0.024094 -0.947438
v -0.954509 0.357338 -1.349858
v -0.954893 0.000017 -1.364345
v -1.106686 0.340963 -1.207414
v -1.108371 -0.010178 -1.220799
v -1.473583 0.112059 1.093381
v -1.478044 0.022457 1.098976
v -1.363375 0.181421 1.570021
v -1.366898 0.092716 1.581148
v -0.583406 0.274708 1.991583
v -0.581149 0.184200 2.005340
v -0.727788 0.324768 2.146827
v -0.727235 0.232140 2.169930
v -0.460722 0.173431 1.645481
v -0.457388 0.085104 1.659044
v -0.361491 0.105791 1.227151
v -0.357303 0.016769 1.236520
v -0.345698 0.070473 0.837721
v -0.341347 -0.019802 0.840356
v -0.404606 0.177412 0.203650
v -0.400737 0.087721 0.203860
v -0.398119 0.264690 -0.167123
v -0.394069 0.177113 -0.171973
v -0.385345 0.284435 -0.526288
v -0.381193 -0.036039 -0.534002
v -0.398512 0.304104 -0.867700
v -0.394497 -0.026566 -0.878398
v -0.496991 0.338512 -1.186319
v -0.493843 -0.012648 -1.199533
v -0.648888 0.357338 -1.338759
v -0.646919 0.000017 -1.353159
v -0.935156 0.324768 2.168899
v -0.936777 0.231808 2.200087
v -0.804833 0.357338 -1.379371
v -0.804066 0.001516 -1.394086
v -1.488277 0.315323 0.678485
v -1.461588 0.279732 1.090966
v -1.351676 0.287512 1.566825
v -1.244726 0.330311 1.919921
v -1.126168 0.363171 2.103387
v -0.934081 0.356859 2.157759
v -0.729784 0.358124 2.137680
v -0.592076 0.330788 1.988972
v -0.472959 0.279432 1.641661
v -0.373740 0.268763 1.222086
v -0.361478 0.312143 0.811531
v -0.414578 0.399530 0.175752
v -0.411855 0.392530 -0.151028
v -0.382545 0.448790 -0.508560
v -0.391925 0.497921 -0.870248
v -0.483633 0.539614 -1.185388
v -0.636611 0.565771 -1.356143
v -0.802375 0.567923 -1.409918
v -0.960200 0.566660 -1.372691
v -1.115385 0.541527 -1.214401
v -1.248865 0.498812 -0.939038
v -1.289097 0.456095 -0.619238
v -1.289213 0.456223 -0.277695
v -1.346235 0.436941 0.059026
v -1.197595 0.173471 -0.496076
v -0.513674 0.173471 -0.406791
v -0.852576 0.173471 -0.451199
v -1.326463 0.177917 -0.648983
v -1.331597 0.173471 -0.513467
v -1.258050 0.199554 -0.951328
v -0.960040 0.248779 -1.375261
v -1.117595 0.232645 -1.228655
v -0.385703 0.173471 -0.391007
v -0.368528 0.177917 -0.534012
v -0.382408 0.197083 -0.880894
v -0.484088 0.230175 -1.206451
v -0.641312 0.248779 -1.363867
v -0.803744 0.249010 -1.406056
v -1.258050 0.138130 -0.951328
v -1.117595 0.165956 -1.228655
v -0.960040 0.180872 -1.375261
v -0.803744 0.181862 -1.406057
v -0.641312 0.180872 -1.363867
v -0.484088 0.163485 -1.206451
v -0.382408 0.135660 -0.880894
v -0.368528 0.119158 -0.534012
v -0.385703 0.114084 -0.391007
v -0.513674 0.114084 -0.406791
v -0.852576 0.114084 -0.451199
v -1.197595 0.114084 -0.496076
v -1.331597 0.114084 -0.513467
v -1.326463 0.119158 -0.648983
v -1.258050 -0.011526 -0.951328
v -1.117595 0.003468 -1.228655
v -0.960040 0.015411 -1.375261
v -0.803744 0.018251 -1.406056
v -0.641312 0.015411 -1.363867
v -0.484088 0.000996 -1.206451
v -0.382408 -0.013996 -0.880894
v -0.368528 -0.024017 -0.534012
v -0.385703 -0.030617 -0.391007
v -0.513778 -0.030617 -0.405589
v -0.852680 -0.030617 -0.449997
v -1.197595 -0.030617 -0.496076
v -1.331597 -0.030617 -0.513467
v -1.326463 -0.024017 -0.648983
v -1.258050 0.048155 -0.951328
v -1.117595 0.068266 -1.228655
v -0.960040 0.081394 -1.375261
v -0.803744 0.083498 -1.406056
v -0.641312 0.081394 -1.363867
v -0.484088 0.065796 -1.206451
v -0.382408 0.045683 -0.880894
v -0.368528 0.033079 -0.534012
v -0.385703 0.027088 -0.391007
v -0.513674 0.027088 -0.406791
v -0.852576 0.027088 -0.451199
v -1.197595 0.027088 -0.496076
v -1.331597 0.027088 -0.513467
v -1.326463 0.033079 -0.648983
v -0.809068 1.220800 0.336883
v -0.936280 1.137482 -1.323458
v -0.950761 0.355593 -1.328053
v -1.188655 0.985012 -0.640375
v -0.448455 0.981113 -0.519288
v -0.401751 0.297417 -0.379658
v -0.397855 0.283955 -0.518559
v -1.315434 0.299433 -0.498967
v -1.299165 0.283934 -0.628852
v -0.886498 1.304907 0.147344
v -1.082755 1.249897 -0.044026
v -0.404718 0.550627 0.149632
v -1.314772 0.640730 0.032394
v -0.405565 0.511395 -0.136841
v -0.457026 0.953070 -0.219993
v -1.279561 0.603621 -0.265349
v -1.196589 1.114172 -0.307510
v -0.502936 0.974644 -0.843531
v -0.410505 0.303249 -0.855274
v -1.233179 0.305614 -0.922507
v -1.143703 0.976473 -0.927273
v -0.575358 1.040688 -1.123236
v -0.506597 0.337172 -1.168462
v -1.098970 0.339544 -1.188799
v -1.037718 1.049469 -1.168666
v -0.654584 0.355583 -1.317237
v -0.667565 1.128643 -1.296274
v -0.841975 1.328918 0.146548
v -0.525948 1.099882 -0.033623
v -0.805816 0.355492 -1.356683
v -0.805684 1.168165 -1.368658
v -0.401839 0.375826 -0.338271
v -1.287319 0.432003 -0.459455
v -1.174209 0.815931 0.712117
v -0.478637 0.744038 0.725246
v -0.393233 0.538734 0.626923
v -1.342052 0.652374 0.605808
v -0.955825 1.313120 0.117723
v -0.951738 1.320101 0.029696
v -0.942048 1.257153 0.221348
v -1.010468 0.939419 0.727160
v -0.657276 1.224695 0.136305
v -0.656605 0.919519 0.768861
v -0.637659 1.220728 0.032655
v -0.629041 1.196388 0.137131
v -1.016984 0.943037 0.735475
v -0.892083 1.319710 0.144634
v -0.951895 1.335150 0.028199
v -1.083690 1.259720 -0.053528
v -1.204614 1.116819 -0.307781
v -1.197204 0.986488 -0.641945
v -1.151868 0.978565 -0.929925
v -1.045093 1.051529 -1.172816
v -0.941000 1.139017 -1.329869
v -0.805302 1.169540 -1.376219
v -0.662312 1.130440 -1.302239
v -0.567704 1.043127 -1.126385
v -0.494537 0.977011 -0.844729
v -0.439780 0.982819 -0.519392
v -0.449440 0.955608 -0.219332
v -0.523093 1.108171 -0.037171
v -0.637901 1.266140 0.012873
v -0.835619 1.343832 0.148142
v -0.651598 0.921572 0.780398
v -0.472257 0.750416 0.733247
v -0.386242 0.541218 0.627941
v -0.398123 0.552174 0.149389
v -0.398928 0.512516 -0.136660
v -0.394060 0.376070 -0.337895
v -0.392870 0.297213 -0.379367
v -0.388982 0.283709 -0.518551
v -0.402036 0.302849 -0.856854
v -0.499804 0.336336 -1.173147
v -0.650709 0.354208 -1.324626
v -0.805598 0.353924 -1.364919
v -0.954436 0.354231 -1.335467
v -1.105551 0.338589 -1.194207
v -1.241312 0.305080 -0.925520
v -1.307894 0.283644 -0.630377
v -1.324296 0.299208 -0.500127
v -1.294867 0.432131 -0.460207
v -1.285732 0.604643 -0.265618
v -1.320742 0.642746 0.032424
v -1.348320 0.656446 0.607666
v -1.181140 0.818283 0.719782
v -0.617382 1.185221 0.101512
v -0.802696 1.282274 0.189289
v -0.979788 1.274937 0.088913
v -0.952679 1.327015 0.028392
v -0.801562 1.337738 0.048488
v -0.653897 1.234610 0.056094
v -0.656665 1.325830 -0.006360
v -0.796740 1.405344 -0.005848
v -0.945095 1.373623 -0.029702
v -1.139176 1.183802 -0.059207
v -0.518803 1.035828 -0.014150
v -0.539084 1.100937 0.015363
v -0.544533 1.092241 -0.015124
v -0.539373 1.072706 0.004723
v -0.515967 1.055874 0.019503
v -1.081569 1.243437 -0.000197
v -1.081897 1.221882 -0.027445
v -1.077641 1.246874 -0.064807
v -1.078435 1.210936 0.004452
v -0.657556 1.288544 -0.015125
v -0.799868 1.379658 -0.000940
v -0.949973 1.348654 -0.013647
v -1.097233 0.908581 0.608331
v -1.338242 0.690441 0.538623
v -1.405067 0.596472 0.474993
v -1.399619 0.592928 0.473861
v -1.446041 0.351341 0.514419
v -1.454568 0.081253 0.554934
v -1.471200 0.058506 0.554225
v -1.488246 0.012772 0.552876
v -1.475726 -0.031790 0.554278
v -1.327683 -0.031790 0.581092
v -0.926488 -0.031790 0.638292
v -0.519465 -0.031790 0.661532
v -0.365440 -0.031790 0.652736
v -0.352767 0.012772 0.652487
v -0.369571 0.058506 0.649987
v -0.385903 0.080975 0.647261
v -0.386591 0.337433 0.597538
v -0.382118 0.498739 0.547975
v -0.375523 0.500582 0.547733
v -0.390748 0.567469 0.569831
v -0.467722 0.788923 0.650702
v -0.648061 0.962223 0.646890
v -0.834126 1.052130 0.624537
v -0.839935 1.042973 0.620481
v -0.667303 0.990276 0.668620
v -0.830894 0.983873 0.659410
v -0.991036 1.006506 0.633931
v -0.934648 1.033249 0.635313
v -0.940924 1.041525 0.638725
v -1.007711 1.015049 0.647792
v -1.071452 1.019241 0.418196
v -1.313127 0.752737 0.399796
v -1.385862 0.610312 0.379482
v -1.380286 0.607113 0.378724
v -1.422551 0.355902 0.421534
v -1.435714 0.075287 0.464655
v -1.452243 0.051319 0.463115
v -1.469153 0.005569 0.460632
v -1.456636 -0.038992 0.462461
v -1.312589 -0.038992 0.486354
v -0.920651 -0.038992 0.532013
v -0.527503 -0.038992 0.560540
v -0.382080 -0.038992 0.565015
v -0.369397 0.005569 0.564559
v -0.385915 0.051319 0.560285
v -0.401994 0.074457 0.556025
v -0.398267 0.334475 0.507755
v -0.389291 0.508942 0.459330
v -0.382710 0.510418 0.458942
v -0.400233 0.631458 0.453573
v -0.472601 0.854353 0.482607
v -0.631372 1.033100 0.459581
v -0.842401 1.183767 0.465460
v -0.848362 1.173374 0.462090
v -0.680078 1.112120 0.487861
v -0.818569 1.117416 0.476822
v -0.959192 1.133654 0.461732
v -0.909678 1.121908 0.467813
v -0.915861 1.131849 0.470663
v -0.983083 1.139606 0.470104
v -0.891823 1.261496 0.311957
v -0.897549 1.276953 0.310095
v -0.963956 1.262751 0.295635
v -1.062343 1.153105 0.247565
v -1.286568 0.812706 0.245768
v -1.361785 0.620644 0.254670
v -1.356058 0.617907 0.254262
v -1.396787 0.377319 0.294767
v -1.411185 0.099545 0.335777
v -1.427583 0.075216 0.333318
v -1.444326 0.029596 0.329627
v -1.431804 -0.014965 0.331718
v -1.292428 -0.014965 0.353154
v -0.911864 -0.014965 0.392570
v -0.532764 -0.014965 0.427142
v -0.394681 -0.014965 0.441109
v -0.381987 0.029596 0.440574
v -0.398371 0.075216 0.436353
v -0.414323 0.098509 0.432056
v -0.407813 0.350742 0.389168
v -0.397423 0.516033 0.346234
v -0.390828 0.517443 0.345803
v -0.420492 0.674551 0.318945
v -0.482579 0.973831 0.310992
v -0.626189 1.144121 0.311496
v -0.845154 1.267162 0.314606
v -0.851280 1.255667 0.311976
v -0.773867 1.276697 0.318822
v -0.766004 1.334400 0.140511
v -0.762927 1.355667 0.039765
v -0.767283 1.348398 0.040106
v -0.784275 1.268475 0.217974
v -0.792991 1.149607 0.469784
v -0.783041 1.014992 0.635569
v -0.775505 0.951559 0.723729
v -0.770113 0.957203 0.730562
v -0.769299 1.027491 0.647818
v -0.773388 1.165047 0.479227
v -0.682859 1.209059 0.325982
v -0.626956 1.240051 0.062873
v -0.579002 1.197889 0.126558
v -0.620849 1.253416 0.198009
v -0.668804 1.288336 0.134324
v -0.672151 1.242155 0.317719
v -0.620751 1.224180 0.267158
v -0.570470 1.155909 0.321838
v -0.621871 1.173700 0.372400
v -0.676672 1.129965 0.489265
v -0.625777 1.129757 0.440611
v -0.576375 1.038898 0.499955
v -0.627271 1.048319 0.548609
v -0.683957 1.016043 0.657670
v -0.632411 1.022690 0.613760
v -0.596150 0.974995 0.678791
v -0.648852 0.979265 0.700086
v -1.132732 0.956152 0.567188
v -1.088144 0.956230 0.635168
v -1.150390 0.880194 0.672364
v -1.199928 0.861357 0.598831
v -1.110569 1.071592 0.375622
v -1.061449 1.100462 0.445683
v -1.122723 0.998777 0.484785
v -1.171843 0.975111 0.414724
v -1.091790 1.186028 0.196818
v -1.045439 1.221865 0.267936
v -1.103398 1.127596 0.309963
v -1.149749 1.091757 0.238845
v -1.074817 1.267710 -0.005026
v -1.032471 1.290415 0.086886
v -1.085554 1.223471 0.131238
v -1.127900 1.200766 0.039325
v -0.619452 1.240435 0.115944
v -0.601386 1.226376 0.135300
v -0.620313 1.246794 0.155905
v -0.638377 1.258589 0.136550
v -0.626270 1.199762 0.119689
v -0.610274 1.187103 0.136152
v -0.627093 1.206312 0.152982
v -0.643089 1.217375 0.136520
v -0.639622 1.213158 0.318786
v -0.620736 1.205109 0.299272
v -0.601933 1.184374 0.318379
v -0.620818 1.190863 0.337893
v -0.640291 1.163933 0.312110
v -0.625190 1.154716 0.297551
v -0.610235 1.137161 0.312537
v -0.625337 1.143234 0.327096
v -0.646498 1.109625 0.482264
v -0.628176 1.108419 0.464277
v -0.609008 1.073515 0.477661
v -0.627330 1.078171 0.495648
v -0.650191 1.062145 0.465633
v -0.633191 1.057741 0.448901
v -0.615284 1.024897 0.460619
v -0.632284 1.031982 0.477350
v -0.657664 1.007687 0.652434
v -0.639369 1.010609 0.640462
v -0.627412 0.992687 0.656225
v -0.645865 0.991730 0.668201
v -0.666366 0.979269 0.644706
v -0.643412 0.981041 0.629970
v -0.627375 0.960520 0.650471
v -0.650667 0.962605 0.665216
v -1.114997 0.957201 0.598574
v -1.103828 0.951626 0.621033
v -1.118497 0.935383 0.629280
v -1.129645 0.933205 0.606575
v -1.095674 0.924938 0.591756
v -1.085946 0.927769 0.615641
v -1.099195 0.902288 0.624688
v -1.110254 0.900591 0.601299
v -1.090537 1.064785 0.399089
v -1.074443 1.074066 0.423584
v -1.087481 1.046183 0.434629
v -1.103574 1.036903 0.410134
v -1.075963 1.032503 0.401052
v -1.059870 1.041777 0.425547
v -1.072907 1.013903 0.436591
v -1.089000 1.004618 0.412097
v -1.082748 1.185383 0.226514
v -1.071701 1.192699 0.250141
v -1.084475 1.173479 0.264255
v -1.095522 1.166151 0.240629
v -1.075737 1.181129 0.225403
v -1.063426 1.189299 0.251733
v -1.077662 1.167873 0.267463
v -1.089973 1.159721 0.241132
v -1.062700 1.163921 0.227884
v -1.051209 1.171532 0.252458
v -1.064496 1.151535 0.267140
v -1.075986 1.143917 0.242565
v -1.056185 1.268925 0.060365
v -1.045192 1.278559 0.079027
v -1.056810 1.265320 0.090360
v -1.067804 1.255688 0.071698
v -1.051245 1.240488 0.057781
v -1.038071 1.252024 0.080145
v -1.051994 1.236155 0.093725
v -1.065167 1.224619 0.071362
v -1.084077 1.048985 0.400531
v -1.097114 1.021111 0.411576
v -1.081020 1.030403 0.436071
v -1.067983 1.058273 0.425026
v -1.101914 0.942459 0.592534
v -1.117538 0.916971 0.601839
v -1.105736 0.919577 0.626242
v -1.090577 0.940914 0.617109
v -1.056213 1.254538 0.055923
v -1.071264 1.237391 0.070605
v -1.057022 1.249855 0.094782
v -1.041971 1.267004 0.080099
v -0.663920 0.996706 0.646026
v -0.648678 0.978468 0.666235
v -0.624793 0.976515 0.650850
v -0.640377 0.999432 0.630650
v -0.631891 1.082335 0.457927
v -0.650213 1.085489 0.475914
v -0.631045 1.053871 0.489298
v -0.612723 1.047377 0.471311
v -0.622601 1.178942 0.293988
v -0.641487 1.188992 0.313501
v -0.622684 1.165398 0.332609
v -0.603798 1.158092 0.313094
v -0.621885 1.220999 0.115734
v -0.640811 1.240225 0.136339
v -0.622747 1.228081 0.155695
v -0.603821 1.206564 0.135088
v -0.705500 1.251270 0.219908
v -1.019514 1.212019 0.054426
v -0.943623 1.079004 0.642357
v -0.837956 1.192036 0.440850
v -0.923117 1.256798 0.238119
v -0.676400 1.315704 0.165541
v -0.651303 1.224163 0.150889
v -0.736054 1.234077 0.253502
v -0.630398 1.183178 0.184597
v -0.687706 1.209129 0.246858
v -0.683117 1.239559 0.209597
v -0.725307 1.222437 0.220144
v -0.693136 1.204721 0.213992
v -0.655609 1.189718 0.218359
v -0.665889 1.233828 0.182012
v -0.666468 1.194887 0.185633
v -0.642718 1.183432 0.152094
v -0.716247 1.263800 0.253267
v -0.677687 1.244261 0.242463
v -0.655031 1.232252 0.214738
v -0.638982 1.227390 0.183392
v -0.633305 1.248838 0.114381
v -0.593899 1.199282 0.139749
v -0.636051 1.222883 0.116682
v -0.604202 1.173672 0.145729
v -0.616014 1.178665 0.114257
v -0.605394 1.217520 0.110963
v -0.624239 1.216951 0.148154
v -0.621810 1.230398 0.143167
v -0.636898 1.293808 0.192976
v -0.651087 1.290842 0.140049
v -0.610062 1.254940 0.165328
v -0.621803 1.281776 0.139325
v -0.648952 1.321293 0.168504
v -0.639346 1.264997 0.166053
v -0.664347 1.288412 0.190012
v -0.799276 1.325142 0.233356
v -0.735065 1.327127 0.206524
v -0.701114 1.321028 0.240116
v -0.704724 1.322901 0.187618
v -0.667769 1.311399 0.218008
v -0.680007 1.338072 0.194424
v -0.713292 1.346209 0.217093
v -0.692487 1.297188 0.211201
v -0.722886 1.302492 0.229546
v -0.771754 1.322788 0.273057
v -0.766869 1.325047 0.221967
v -0.736130 1.321672 0.258738
v -0.747930 1.346125 0.236069
v -0.782801 1.347527 0.250595
v -0.755069 1.300604 0.244635
v -0.788230 1.300407 0.255819
v -0.863099 1.300886 0.242677
v -0.841446 1.299294 0.286892
v -0.831595 1.318628 0.240285
v -0.807142 1.316858 0.282504
v -0.817031 1.341770 0.260141
v -0.849782 1.324354 0.264555
v -0.821707 1.293715 0.262648
v -0.854762 1.275831 0.265014
v -0.906237 1.254448 0.284953
v -0.893579 1.279741 0.241590
v -0.874445 1.277939 0.287322
v -0.880933 1.303122 0.264951
v -0.910670 1.279718 0.262494
v -0.887091 1.254557 0.263962
v -0.918684 1.231524 0.260578
v -1.081341 1.211630 0.244871
v -1.013149 1.184771 0.218926
v -1.001633 1.177792 0.266624
v -0.952228 1.232946 0.232944
v -0.937368 1.229647 0.280507
v -0.939561 1.254946 0.257904
v -0.981531 1.208866 0.226513
v -0.968460 1.204151 0.274409
v -0.968210 1.229378 0.251594
v -0.998559 1.202785 0.243481
v -0.950035 1.207649 0.255547
v -0.981782 1.183630 0.249327
v -1.016224 1.159779 0.242070
v -1.078020 1.165634 0.209964
v -1.067185 1.148331 0.253106
v -1.047864 1.165672 0.211492
v -1.037294 1.154747 0.257928
v -1.030918 1.179096 0.234226
v -1.057526 1.171289 0.228585
v -1.054241 1.141336 0.235194
v -1.087680 1.142673 0.234484
v -1.072214 1.180555 0.275328
v -1.090320 1.185640 0.220799
v -1.079285 1.160925 0.258369
v -1.066935 1.182165 0.233202
v -1.057680 1.200417 0.250135
v -1.102670 1.164387 0.245967
v -1.095875 1.191774 0.270065
v -0.962184 1.253019 0.372894
v -1.023692 1.244984 0.314164
v -1.025333 1.206741 0.329608
v -1.052914 1.233721 0.282145
v -1.049088 1.197918 0.304107
v -1.032424 1.216990 0.279686
v -1.007212 1.225645 0.306101
v -1.069577 1.214645 0.306565
v -1.041814 1.226076 0.337671
v -0.974990 1.212099 0.377172
v -0.993511 1.251217 0.344256
v -1.000710 1.211372 0.353884
v -0.981426 1.230326 0.331307
v -0.954800 1.231270 0.355490
v -1.012795 1.232262 0.366833
v -0.982375 1.233833 0.394576
v -0.897446 1.237432 0.421120
v -0.920698 1.195692 0.416698
v -0.929755 1.249317 0.399428
v -0.948081 1.207758 0.398873
v -0.927312 1.227339 0.377972
v -0.899895 1.215858 0.396292
v -0.950525 1.229746 0.420328
v -0.918249 1.217272 0.441526
v -0.865368 1.150890 0.433423
v -0.866744 1.216896 0.434975
v -0.893320 1.175406 0.428231
v -0.873230 1.196341 0.407895
v -0.846681 1.172668 0.412784
v -0.886835 1.195963 0.455310
v -0.856643 1.170258 0.461489
v -0.892229 1.107157 0.527034
v -0.629395 1.083921 0.452230
v -0.746909 1.133089 0.436484
v -0.761618 1.091047 0.432579
v -0.809425 1.167877 0.441300
v -0.834972 1.126814 0.434407
v -0.818173 1.149416 0.413247
v -0.779145 1.148033 0.439211
v -0.800274 1.106546 0.433564
v -0.785649 1.129883 0.411814
v -0.749306 1.114521 0.410273
v -0.826224 1.145273 0.462460
v -0.793771 1.124695 0.460962
v -0.759220 1.109472 0.458790
v -0.678528 1.093109 0.433144
v -0.676021 1.040846 0.435296
v -0.713433 1.116383 0.434067
v -0.720264 1.071688 0.432578
v -0.710361 1.093458 0.409818
v -0.668659 1.062613 0.412291
v -0.723335 1.094015 0.456827
v -0.685889 1.070745 0.456149
v -0.607968 1.026297 0.470817
v -0.642284 1.072281 0.438189
v -0.628301 1.011465 0.447491
v -0.623699 1.035233 0.424920
v -0.605102 1.054054 0.449759
v -0.646886 1.047384 0.460760
v -0.632261 1.055061 0.473289
v -0.746661 1.151751 0.505695
v -0.671945 1.143747 0.485352
v -0.646498 1.111528 0.519020
v -0.641698 1.116430 0.469882
v -0.616882 1.071398 0.497276
v -0.615656 1.103415 0.478270
v -0.647512 1.144949 0.501968
v -0.642925 1.084084 0.488887
v -0.670931 1.110418 0.502405
v -0.722793 1.131779 0.545551
v -0.708790 1.153997 0.496830
v -0.683961 1.130205 0.534274
v -0.687619 1.162251 0.518798
v -0.729190 1.162561 0.531372
v -0.705131 1.122242 0.512307
v -0.740262 1.120962 0.519874
v -0.821517 1.135574 0.518713
v -0.799299 1.118532 0.561310
v -0.784317 1.145079 0.512846
v -0.761392 1.126633 0.554327
v -0.770565 1.157129 0.541251
v -0.811292 1.148420 0.549185
v -0.775144 1.114584 0.525921
v -0.809524 1.105696 0.530837
v -0.869980 1.093130 0.570809
v -0.857628 1.123016 0.523396
v -0.835655 1.107418 0.566736
v -0.850499 1.136326 0.555412
v -0.887631 1.120714 0.560131
v -0.842784 1.094110 0.534720
v -0.874578 1.079573 0.537712
v -1.082077 0.928732 0.559640
v -0.983774 1.038824 0.534985
v -0.958664 1.029184 0.578614
v -0.925155 1.087889 0.529913
v -0.902196 1.075441 0.573851
v -0.922482 1.101564 0.563665
v -0.955941 1.065096 0.532395
v -0.931965 1.054178 0.576263
v -0.954514 1.078890 0.566414
v -0.982806 1.052868 0.568943
v -0.904868 1.061762 0.540099
v -0.933392 1.040396 0.542244
v -0.959632 1.015146 0.544656
v -1.030222 0.978249 0.542989
v -1.003105 0.969679 0.585743
v -1.008156 1.009228 0.538350
v -0.981999 1.000435 0.581631
v -1.006689 1.023846 0.571933
v -1.026913 0.993488 0.575552
v -0.983466 0.985823 0.548048
v -1.006414 0.954430 0.553180
v -1.052750 0.917555 0.599960
v -1.052973 0.949291 0.549607
v -1.024866 0.940075 0.591488
v -1.045806 0.964661 0.579836
v -1.067819 0.942596 0.584937
v -1.032034 0.924700 0.561259
v -1.067007 0.903692 0.574664
v -1.093542 1.014364 0.623189
v -1.130124 0.943735 0.590727
v -1.101037 0.922215 0.624877
v -1.114412 0.925905 0.574289
v -1.084237 0.910572 0.611934
v -1.090997 0.934849 0.591413
v -1.101746 0.944073 0.599162
v -1.107651 0.901623 0.594810
v -1.129416 0.921864 0.616442
v -1.073644 0.977764 0.649789
v -1.122406 0.976389 0.607671
v -1.096886 0.947189 0.637846
v -1.095370 0.965347 0.608311
v -1.072162 0.992172 0.617682
v -1.123922 0.958220 0.637207
v -1.095024 0.999950 0.655296
v -1.021943 1.058147 0.637922
v -1.012327 1.015156 0.661884
v -1.059151 1.040028 0.632302
v -1.044523 0.999334 0.657123
v -1.043537 1.011791 0.623875
v -1.011743 1.026617 0.628106
v -1.060137 1.027571 0.665550
v -1.022527 1.046690 0.671700
v -0.943032 1.034126 0.665751
v -0.983127 1.070911 0.641136
v -0.978224 1.026646 0.664705
v -0.977871 1.037607 0.630703
v -0.942664 1.044836 0.631664
v -0.983479 1.059946 0.675137
v -0.943990 1.068289 0.676445
v -0.998972 1.117054 0.405509
v -0.821653 1.023483 0.562755
v -0.666241 1.047220 0.644397
v -0.825101 1.080442 0.640177
v -0.835440 1.036613 0.663527
v -0.904105 1.082787 0.642016
v -0.907379 1.037798 0.665319
v -0.906727 1.048351 0.631189
v -0.864544 1.082998 0.640993
v -0.871407 1.038363 0.664280
v -0.870291 1.048796 0.630130
v -0.833782 1.046949 0.629364
v -0.904756 1.072245 0.676146
v -0.865660 1.072563 0.675143
v -0.826759 1.070114 0.674340
v -0.745868 1.069763 0.641546
v -0.763449 1.029028 0.665306
v -0.785567 1.075903 0.640325
v -0.799442 1.033350 0.663815
v -0.797256 1.043535 0.629637
v -0.760799 1.039042 0.631109
v -0.787754 1.065725 0.674502
v -0.748518 1.059738 0.675743
v -0.692081 1.016869 0.669925
v -0.706219 1.061584 0.643199
v -0.727719 1.023684 0.667517
v -0.724696 1.033546 0.633304
v -0.688837 1.025311 0.635713
v -0.709242 1.051714 0.677413
v -0.669485 1.039900 0.678608
v -0.687699 0.951506 0.595525
v -0.616643 0.960878 0.629047
v -0.648894 0.983294 0.666092
v -0.627352 1.012712 0.642051
v -0.658500 1.004826 0.670930
v -0.655429 1.007898 0.636829
v -0.645459 0.986361 0.633132
v -0.630463 1.013090 0.676153
v -0.620208 0.963396 0.662010
v -0.700849 0.969692 0.642893
v -0.649345 0.944237 0.612065
v -0.671102 0.969980 0.656025
v -0.664889 0.978676 0.625256
v -0.691838 0.983332 0.613614
v -0.655550 0.940002 0.642834
v -0.696680 0.940527 0.624804
v -0.758146 0.982019 0.571291
v -0.763503 0.990295 0.621148
v -0.724025 0.966316 0.581292
v -0.732120 0.976761 0.630340
v -0.720857 0.994385 0.602009
v -0.750504 1.008383 0.593452
v -0.735287 0.949493 0.609624
v -0.771144 0.963932 0.598988
v -0.826156 1.031595 0.612920
v -0.790495 1.001198 0.565494
v -0.794789 1.009111 0.615674
v -0.780490 1.026997 0.588417
v -0.810886 1.049242 0.585977
v -0.804794 0.983315 0.592751
v -0.836922 1.005829 0.589697
v -1.019514 1.106508 0.479936
v -0.911648 1.088921 0.552742
v -0.922232 1.099400 0.600549
v -0.851774 1.046412 0.560879
v -0.857432 1.055094 0.610696
v -0.841411 1.072506 0.583990
v -0.881623 1.068727 0.558143
v -0.889287 1.078228 0.607219
v -0.872648 1.095387 0.580699
v -0.905068 1.116316 0.574186
v -0.867795 1.029003 0.587586
v -0.898261 1.051567 0.584663
v -0.928811 1.071993 0.579106
v -0.969372 1.111826 0.525778
v -0.988795 1.124329 0.568737
v -0.941171 1.104021 0.542370
v -0.955685 1.115589 0.588196
v -0.938068 1.132277 0.561969
v -0.970787 1.140799 0.542635
v -0.958788 1.087345 0.568597
v -0.987380 1.095348 0.551880
v -1.050340 1.118448 0.514205
v -0.995699 1.112371 0.504191
v -1.020720 1.125196 0.543308
v -1.002376 1.141499 0.517321
v -1.031708 1.134607 0.488329
v -1.014042 1.096060 0.530178
v -1.038146 1.090347 0.505812
v -1.072618 1.036510 0.404383
v -1.060246 1.079475 0.431725
v -1.101138 1.082567 0.452221
v -1.040907 1.095442 0.455390
v -1.077289 1.104502 0.483633
v -1.058392 1.120539 0.457876
v -1.082296 1.098660 0.426694
v -1.059803 1.079416 0.481148
v -1.079087 1.063374 0.457252
v -1.094566 1.007698 0.400459
v -1.076238 1.055761 0.409105
v -1.116660 1.046278 0.417999
v -1.100269 1.063738 0.393426
v -1.088415 1.030228 0.378878
v -1.092629 1.038305 0.433678
v -1.078769 1.013971 0.425964
v -1.042503 1.055941 0.407933
v -1.025619 1.014341 0.394019
v -1.056782 1.038181 0.409177
v -1.054735 0.997669 0.397849
v -1.061051 1.023430 0.379157
v -1.040335 1.038750 0.376527
v -1.050466 1.012411 0.427869
v -1.027787 1.031534 0.425425
v -0.973046 1.077629 0.391381
v -1.022452 1.085527 0.405710
v -0.998300 1.045540 0.391315
v -1.017609 1.067904 0.374123
v -0.993795 1.099178 0.374119
v -1.003143 1.063177 0.422901
v -0.978222 1.095497 0.422771
v -0.676850 1.242622 0.293786
v -0.778069 1.275364 0.388936
v -0.916782 1.205954 0.408334
v -0.896899 1.163734 0.396647
v -0.973188 1.148438 0.406724
v -0.948101 1.108425 0.393095
v -0.968734 1.130142 0.375645
v -0.945870 1.178202 0.407931
v -0.922951 1.137133 0.395083
v -0.942748 1.159470 0.377382
v -0.915479 1.186895 0.378634
v -0.952555 1.126719 0.424173
v -0.926074 1.155865 0.425632
v -0.898202 1.182787 0.426346
v -0.852089 1.252762 0.404242
v -0.840223 1.208784 0.396462
v -0.885614 1.231121 0.407324
v -0.869449 1.187868 0.397282
v -0.886600 1.211926 0.378898
v -0.855857 1.233694 0.377639
v -0.868463 1.207067 0.425709
v -0.836455 1.227842 0.423065
v -0.776111 1.231771 0.388094
v -0.816201 1.266506 0.398320
v -0.809104 1.222357 0.393570
v -0.823269 1.247978 0.374234
v -0.788965 1.257854 0.368167
v -0.802037 1.240881 0.417656
v -0.765215 1.249285 0.408862
v -0.607113 1.219706 0.313999
v -0.698600 1.268442 0.361366
v -0.707623 1.226904 0.370403
v -0.738647 1.274914 0.376485
v -0.742079 1.232536 0.380284
v -0.753790 1.258810 0.359691
v -0.718329 1.254206 0.349058
v -0.726936 1.248640 0.397079
v -0.687896 1.240664 0.382711
v -0.630351 1.191414 0.337417
v -0.656715 1.262896 0.342795
v -0.671802 1.223186 0.357862
v -0.681565 1.253149 0.335608
v -0.638951 1.221882 0.313570
v -0.646953 1.231380 0.365049
v -0.598512 1.188299 0.337846
v -0.610119 1.182642 0.299616
v -0.631673 1.140995 0.297719
v -0.602201 1.180763 0.294044
v -0.628996 1.160933 0.318341
v -0.637257 1.188663 0.294851
v -0.642985 1.182650 0.295976
v -0.593940 1.153063 0.317534
v -0.598807 1.138508 0.301360
v -0.695773 1.194908 0.275547
v -0.640765 1.206453 0.297995
v -0.660157 1.156681 0.280680
v -0.663781 1.191475 0.303882
v -0.694107 1.217428 0.307107
v -0.637140 1.167891 0.274793
v -0.678515 1.218735 0.262226
v -0.907018 1.342047 0.224652
v -0.784874 1.277689 0.259180
v -0.804534 1.234018 0.240626
v -0.704262 1.266430 0.288811
v -0.722637 1.220196 0.270546
v -0.721174 1.238661 0.303017
v -0.741691 1.275448 0.275859
v -0.760467 1.231344 0.257481
v -0.759297 1.246559 0.289942
v -0.803321 1.248869 0.273090
v -0.705725 1.247152 0.256340
v -0.742861 1.259846 0.243398
v -0.786087 1.262829 0.226715
v -0.852599 1.301762 0.239693
v -0.872476 1.258192 0.221289
v -0.822180 1.284546 0.246382
v -0.842371 1.241127 0.227762
v -0.841343 1.256109 0.260140
v -0.872290 1.273615 0.253341
v -0.823208 1.269571 0.214004
v -0.852785 1.286337 0.207641
v -0.921356 1.297186 0.210534
v -0.878392 1.324144 0.235147
v -0.896503 1.280016 0.217944
v -0.898270 1.296169 0.248860
v -0.926628 1.314157 0.238768
v -0.876625 1.307978 0.204231
v -0.901746 1.325077 0.196418
v -1.040804 1.319601 0.113869
v -0.977252 1.342808 0.176298
v -0.979639 1.297287 0.173802
v -0.940813 1.347382 0.204107
v -0.949632 1.301874 0.195063
v -0.959710 1.319510 0.219007
v -0.995156 1.315155 0.192385
v -0.930735 1.329742 0.180163
v -0.961735 1.324940 0.157715
v -1.030758 1.278753 0.127257
v -1.010737 1.333078 0.146418
v -1.006839 1.288757 0.151180
v -1.027557 1.306129 0.164094
v -1.056426 1.294352 0.133898
v -0.990019 1.315706 0.133504
v -1.015136 1.304001 0.107227
v -1.067059 1.271011 0.049446
v -1.051177 1.258244 0.087770
v -1.062920 1.301052 0.077322
v -1.047417 1.269375 0.102391
v -1.077160 1.279936 0.101486
v -1.080162 1.256666 0.079252
v -1.033177 1.290485 0.078227
v -1.038074 1.272583 0.057964
v -1.008840 1.233580 0.099888
v -1.053661 1.224424 0.055063
v -1.047027 1.236343 0.100324
v -1.063797 1.214630 0.087867
v -1.003948 1.200958 0.086091
v -1.036892 1.246132 0.067520
v -1.024406 1.244635 0.068224
vt 0.100465 0.257464
vt 0.091994 0.254913
vt 0.104121 0.235273
vt 0.113816 0.236888
vt 0.120519 0.217192
vt 0.130936 0.221096
vt 0.141593 0.224361
vt 0.130791 0.236639
vt 0.117812 0.257803
vt 0.511790 0.142879
vt 0.501532 0.172977
vt 0.483494 0.167765
vt 0.486513 0.134063
vt 0.444329 0.164688
vt 0.440226 0.126002
vt 0.432486 0.088436
vt 0.483414 0.093039
vt 0.524276 0.106973
vt 0.895842 0.384022
vt 0.930068 0.395624
vt 0.926241 0.419978
vt 0.892770 0.401535
vt 0.918038 0.437314
vt 0.886400 0.414305
vt 0.865772 0.399434
vt 0.869743 0.388993
vt 0.871059 0.375467
vt 0.443168 0.460860
vt 0.447100 0.481210
vt 0.408500 0.471252
vt 0.411144 0.450988
vt 0.358619 0.451815
vt 0.365858 0.427507
vt 0.371938 0.404521
vt 0.414577 0.423395
vt 0.441705 0.438688
vt 0.399012 0.817040
vt 0.400385 0.846585
vt 0.376544 0.845608
vt 0.375470 0.815144
vt 0.338492 0.831392
vt 0.336075 0.799243
vt 0.332159 0.752140
vt 0.370262 0.767250
vt 0.393178 0.774307
vt 0.499215 0.204477
vt 0.504662 0.239418
vt 0.471164 0.240279
vt 0.482425 0.200638
vt 0.428373 0.246307
vt 0.442883 0.202543
vt 0.145943 0.258444
vt 0.156127 0.234201
vt 0.161780 0.217303
vt 0.196926 0.208031
vt 0.194026 0.228339
vt 0.187156 0.256442
vt 0.143792 0.198587
vt 0.154025 0.207199
vt 0.181520 0.177012
vt 0.190248 0.192563
vt 0.084217 0.622635
vt 0.123186 0.644343
vt 0.120850 0.677375
vt 0.084965 0.651175
vt 0.118099 0.699031
vt 0.085400 0.669997
vt 0.068224 0.651768
vt 0.060917 0.634124
vt 0.056833 0.608599
vt 0.145530 0.387967
vt 0.133117 0.402432
vt 0.098699 0.385936
vt 0.113172 0.376576
vt 0.086108 0.356155
vt 0.098024 0.355499
vt 0.110036 0.354528
vt 0.125891 0.365993
vt 0.160028 0.376734
vt 0.391737 0.898995
vt 0.393920 0.923601
vt 0.363416 0.917211
vt 0.366203 0.893860
vt 0.314811 0.901053
vt 0.323196 0.883197
vt 0.325615 0.878429
vt 0.368415 0.889326
vt 0.394226 0.893901
vt 0.979485 0.598838
vt 0.979140 0.631792
vt 0.954443 0.640731
vt 0.953890 0.610957
vt 0.947568 0.643398
vt 0.946595 0.614557
vt 0.941933 0.590371
vt 0.949464 0.585557
vt 0.976584 0.568923
vt 0.393878 0.548049
vt 0.391392 0.550970
vt 0.364691 0.539156
vt 0.365088 0.535368
vt 0.327731 0.523424
vt 0.326741 0.519660
vt 0.327961 0.506639
vt 0.372281 0.522913
vt 0.403146 0.534688
vt 0.071911 0.419947
vt 0.126171 0.441783
vt 0.129127 0.451056
vt 0.080568 0.434403
vt 0.128278 0.453491
vt 0.081480 0.439126
vt 0.047809 0.467458
vt 0.046641 0.464249
vt 0.041219 0.461144
vt 0.009848 0.627297
vt 0.002945 0.596309
vt 0.006305 0.598173
vt 0.013446 0.628998
vt 0.008209 0.597633
vt 0.014982 0.627966
vt 0.027610 0.657456
vt 0.026352 0.658833
vt 0.021834 0.657402
vt 0.083362 0.729851
vt 0.074507 0.731478
vt 0.042567 0.691498
vt 0.049179 0.692063
vt 0.050540 0.690349
vt 0.085475 0.728223
vt 0.789894 0.211360
vt 0.810168 0.157458
vt 0.850072 0.198811
vt 0.826796 0.237235
vt 0.878811 0.242172
vt 0.850581 0.267644
vt 0.827275 0.285559
vt 0.803636 0.264397
vt 0.768273 0.249293
vt 0.727448 0.479649
vt 0.722691 0.509177
vt 0.682180 0.517236
vt 0.692600 0.478160
vt 0.638026 0.532911
vt 0.657653 0.480831
vt 0.671426 0.447798
vt 0.702090 0.450766
vt 0.731203 0.456718
vt 0.657745 0.573328
vt 0.654521 0.565743
vt 0.677681 0.561535
vt 0.677871 0.569942
vt 0.712162 0.555081
vt 0.709825 0.563908
vt 0.708841 0.566399
vt 0.677383 0.572520
vt 0.663319 0.574676
vt 0.750198 0.753273
vt 0.733516 0.735593
vt 0.751381 0.727407
vt 0.766626 0.743897
vt 0.774838 0.712839
vt 0.787576 0.729631
vt 0.796235 0.741363
vt 0.775148 0.754750
vt 0.760840 0.762908
vt 0.793330 0.850725
vt 0.799124 0.844362
vt 0.819378 0.832827
vt 0.822709 0.835428
vt 0.858261 0.806126
vt 0.862795 0.808124
vt 0.878684 0.815673
vt 0.832295 0.846730
vt 0.795244 0.863156
vt 0.640916 0.259349
vt 0.640997 0.260030
vt 0.640380 0.260622
vt 0.640299 0.260067
vt 0.639678 0.260583
vt 0.639309 0.260192
vt 0.639460 0.259674
vt 0.639825 0.259181
vt 0.640411 0.259046
vt 0.603387 0.464716
vt 0.585880 0.497063
vt 0.558884 0.495482
vt 0.574745 0.466847
vt 0.534525 0.494237
vt 0.548432 0.470344
vt 0.564923 0.435608
vt 0.592454 0.426299
vt 0.624183 0.411560
vt 0.558402 0.577847
vt 0.556372 0.581886
vt 0.517650 0.581151
vt 0.520021 0.577152
vt 0.485344 0.579070
vt 0.488357 0.575425
vt 0.498385 0.560896
vt 0.528433 0.562295
vt 0.565151 0.563691
vt 0.607267 0.818200
vt 0.616248 0.840960
vt 0.559847 0.846175
vt 0.558209 0.820807
vt 0.512160 0.850315
vt 0.514482 0.823630
vt 0.508803 0.784269
vt 0.547566 0.785034
vt 0.588003 0.782728
vt 0.636442 0.893348
vt 0.647072 0.911872
vt 0.587619 0.922221
vt 0.575459 0.901915
vt 0.534985 0.926769
vt 0.523684 0.905083
vt 0.521660 0.898919
vt 0.572892 0.896120
vt 0.633550 0.887820
vt 0.702550 0.201881
vt 0.678307 0.255950
vt 0.659733 0.227330
vt 0.672304 0.183913
vt 0.636485 0.214624
vt 0.643746 0.168495
vt 0.643906 0.132780
vt 0.678218 0.142523
vt 0.714782 0.155823
vt 0.607867 0.513101
vt 0.623733 0.483884
vt 0.643634 0.442241
vt 0.603790 0.571078
vt 0.602117 0.580011
vt 0.633258 0.570025
vt 0.636052 0.576980
vt 0.644509 0.580397
vt 0.601272 0.583661
vt 0.643082 0.776519
vt 0.662566 0.807484
vt 0.680292 0.768200
vt 0.704033 0.794368
vt 0.725002 0.809301
vt 0.678030 0.826651
vt 0.700985 0.872683
vt 0.703422 0.878431
vt 0.769376 0.852422
vt 0.759341 0.863267
vt 0.761794 0.875620
vt 0.710797 0.893738
vt 0.757965 0.158217
vt 0.744452 0.203592
vt 0.727517 0.246245
vt 0.795654 0.476700
vt 0.799976 0.503399
vt 0.762611 0.506241
vt 0.762954 0.479010
vt 0.761567 0.456483
vt 0.790574 0.455602
vt 0.754053 0.550528
vt 0.750669 0.559037
vt 0.796676 0.547653
vt 0.793338 0.556119
vt 0.792098 0.558397
vt 0.749521 0.561348
vt 0.798268 0.697121
vt 0.810413 0.712351
vt 0.817735 0.678212
vt 0.828792 0.691792
vt 0.835305 0.701066
vt 0.817888 0.722931
vt 0.896435 0.768095
vt 0.901785 0.769042
vt 0.925175 0.724091
vt 0.931165 0.723864
vt 0.953075 0.723427
vt 0.921433 0.772819
vt 0.901771 0.282516
vt 0.871069 0.298345
vt 0.919147 0.323056
vt 0.886559 0.329787
vt 0.862074 0.332972
vt 0.847098 0.308695
vt 0.843341 0.462889
vt 0.859156 0.490780
vt 0.832172 0.498312
vt 0.822446 0.471049
vt 0.813146 0.449644
vt 0.829971 0.441888
vt 0.834980 0.545572
vt 0.831466 0.554746
vt 0.868695 0.543443
vt 0.864303 0.554069
vt 0.862226 0.556946
vt 0.829931 0.557230
vt 0.834769 0.659268
vt 0.841368 0.671540
vt 0.846690 0.645097
vt 0.849331 0.656685
vt 0.849594 0.666797
vt 0.845427 0.680196
vt 0.941586 0.681206
vt 0.948082 0.679727
vt 0.971619 0.674771
vt 0.928452 0.362193
vt 0.894435 0.359560
vt 0.869044 0.356673
vt 0.299936 0.142464
vt 0.291313 0.118122
vt 0.360932 0.099779
vt 0.370618 0.129165
vt 0.380136 0.158010
vt 0.307999 0.169151
vt 0.370347 0.228793
vt 0.300698 0.238390
vt 0.305535 0.200717
vt 0.376950 0.189859
vt 0.295565 0.440229
vt 0.308064 0.417535
vt 0.235216 0.428807
vt 0.248712 0.410242
vt 0.260269 0.390699
vt 0.319149 0.394810
vt 0.232496 0.486071
vt 0.230803 0.475810
vt 0.278673 0.491033
vt 0.281530 0.502478
vt 0.280899 0.505325
vt 0.231986 0.488599
vt 0.216874 0.741104
vt 0.218869 0.699108
vt 0.275226 0.727569
vt 0.276035 0.773041
vt 0.276892 0.804553
vt 0.215108 0.769892
vt 0.243285 0.867319
vt 0.175219 0.823205
vt 0.187147 0.814328
vt 0.254848 0.854010
vt 0.190176 0.811830
vt 0.257823 0.850411
vt 0.240441 0.248836
vt 0.245084 0.215585
vt 0.244979 0.189304
vt 0.180465 0.417327
vt 0.191032 0.400610
vt 0.205842 0.386754
vt 0.179821 0.459777
vt 0.181805 0.468953
vt 0.181345 0.471385
vt 0.169060 0.671162
vt 0.165867 0.708823
vt 0.162595 0.734088
vt 0.119667 0.777290
vt 0.130529 0.772299
vt 0.133393 0.770666
vt 0.233587 0.148180
vt 0.240313 0.168325
vt 0.106876 0.339161
vt 0.128652 0.347409
vt 0.106094 0.315605
vt 0.130826 0.322223
vt 0.165756 0.329105
vt 0.164097 0.355800
vt 0.081514 0.332722
vt 0.091717 0.334673
vt 0.081223 0.308667
vt 0.090687 0.311391
vt 0.013333 0.521807
vt 0.009746 0.521020
vt 0.022963 0.489714
vt 0.026890 0.491325
vt 0.028390 0.493780
vt 0.015144 0.523727
vt 0.101612 0.502570
vt 0.138425 0.505067
vt 0.133621 0.525611
vt 0.096524 0.521899
vt 0.126193 0.555418
vt 0.090047 0.550321
vt 0.062702 0.548099
vt 0.071382 0.524311
vt 0.081810 0.510342
vt 0.168473 0.571673
vt 0.177685 0.538467
vt 0.183794 0.515715
vt 0.231062 0.528463
vt 0.222887 0.550753
vt 0.218869 0.589796
vt 0.273827 0.612679
vt 0.273716 0.569608
vt 0.279353 0.543386
vt 0.325436 0.561927
vt 0.325166 0.589895
vt 0.326437 0.633380
vt 0.386607 0.615031
vt 0.385853 0.656855
vt 0.363028 0.647796
vt 0.362502 0.604861
vt 0.362650 0.577298
vt 0.387888 0.588438
vt 0.555486 0.647602
vt 0.564021 0.684734
vt 0.522976 0.683017
vt 0.514131 0.644969
vt 0.487759 0.681028
vt 0.480119 0.641924
vt 0.473296 0.616698
vt 0.506957 0.620198
vt 0.549231 0.623207
vt 0.608369 0.685855
vt 0.601387 0.650340
vt 0.597534 0.626765
vt 0.635334 0.630920
vt 0.635716 0.654436
vt 0.641930 0.688075
vt 0.715394 0.676946
vt 0.697849 0.681469
vt 0.689909 0.661438
vt 0.705637 0.657201
vt 0.686284 0.649120
vt 0.699267 0.644490
vt 0.719039 0.636947
vt 0.726652 0.649023
vt 0.738055 0.667601
vt 0.762441 0.656357
vt 0.751031 0.639889
vt 0.744222 0.628948
vt 0.770321 0.622250
vt 0.776344 0.631459
vt 0.787181 0.644595
vt 0.811047 0.633384
vt 0.800080 0.624676
vt 0.793118 0.618364
vt 0.807489 0.617209
vt 0.817575 0.619695
vt 0.828890 0.625289
vt 0.896773 0.541112
vt 0.926264 0.537479
vt 0.913599 0.555622
vt 0.889914 0.554221
vt 0.908812 0.560127
vt 0.886922 0.557635
vt 0.869893 0.440047
vt 0.896295 0.467362
vt 0.880696 0.480820
vt 0.859097 0.452590
vt 0.842764 0.432826
vt 0.852029 0.422619
vt 0.619388 0.387061
vt 0.600817 0.403371
vt 0.575061 0.413770
vt 0.576167 0.393582
vt 0.599014 0.388904
vt 0.616121 0.366642
vt 0.446064 0.402977
vt 0.425039 0.390048
vt 0.388013 0.383258
vt 0.397195 0.352078
vt 0.436110 0.354591
vt 0.464392 0.355743
vt 0.270732 0.363884
vt 0.334577 0.366504
vt 0.281143 0.329187
vt 0.345345 0.326718
vt 0.212653 0.363207
vt 0.218239 0.330709
vt 0.174779 0.292738
vt 0.231354 0.290355
vt 0.292187 0.284243
vt 0.106782 0.285647
vt 0.133403 0.288883
vt 0.083564 0.280835
vt 0.091312 0.284305
vt 0.002000 0.558696
vt 0.005556 0.559974
vt 0.007753 0.560820
vt 0.123102 0.598986
vt 0.083027 0.585377
vt 0.055936 0.577543
vt 0.169993 0.621087
vt 0.219856 0.644544
vt 0.274668 0.669631
vt 0.328825 0.691961
vt 0.388250 0.714980
vt 0.365749 0.706621
vt 0.572932 0.734275
vt 0.534581 0.734304
vt 0.496768 0.734202
vt 0.622821 0.732212
vt 0.657689 0.729661
vt 0.713493 0.709274
vt 0.731611 0.703027
vt 0.755133 0.691505
vt 0.780067 0.677193
vt 0.804054 0.660113
vt 0.825312 0.644523
vt 0.840325 0.633530
vt 0.971290 0.528021
vt 0.940304 0.559327
vt 0.931198 0.566766
vt 0.904866 0.449793
vt 0.876094 0.424826
vt 0.858428 0.409951
vt 0.478532 0.292960
vt 0.450826 0.295445
vt 0.411603 0.299403
vt 0.358590 0.277676
vt 0.394523 0.873594
vt 0.391433 0.882734
vt 0.366158 0.878162
vt 0.370360 0.869683
vt 0.324726 0.866186
vt 0.330628 0.857673
vt 0.336586 0.849574
vt 0.374482 0.861464
vt 0.397285 0.864237
vt 0.056425 0.679718
vt 0.034737 0.648381
vt 0.045673 0.646689
vt 0.068008 0.678419
vt 0.056930 0.648481
vt 0.078902 0.677083
vt 0.111860 0.710324
vt 0.101684 0.713590
vt 0.090769 0.716820
vt 0.025269 0.621697
vt 0.020923 0.595267
vt 0.030387 0.594378
vt 0.034871 0.618965
vt 0.038668 0.598484
vt 0.044450 0.622680
vt 0.811767 0.819110
vt 0.764542 0.840469
vt 0.756764 0.829814
vt 0.806837 0.809295
vt 0.753122 0.814889
vt 0.800459 0.800471
vt 0.836686 0.780171
vt 0.844895 0.785343
vt 0.851192 0.792179
vt 0.628815 0.865816
vt 0.634784 0.876375
vt 0.571645 0.884755
vt 0.566595 0.874120
vt 0.519405 0.887755
vt 0.515236 0.877278
vt 0.510754 0.867168
vt 0.561404 0.863804
vt 0.623098 0.855867
vt 0.701739 0.860083
vt 0.693751 0.850503
vt 0.689169 0.839586
vt 0.887611 0.755808
vt 0.878867 0.752819
vt 0.869483 0.749598
vt 0.893262 0.713588
vt 0.903427 0.713973
vt 0.912944 0.714426
vt 0.926936 0.618442
vt 0.930096 0.641726
vt 0.920898 0.644085
vt 0.918294 0.621462
vt 0.910633 0.648409
vt 0.909373 0.627454
vt 0.905156 0.611696
vt 0.913037 0.604931
vt 0.921016 0.600187
vt 0.926149 0.674925
vt 0.916501 0.676480
vt 0.906217 0.678489
vt 0.258682 0.837598
vt 0.192731 0.798933
vt 0.201649 0.792179
vt 0.266342 0.829645
vt 0.210149 0.785845
vt 0.273807 0.822191
vt 0.137499 0.758312
vt 0.147418 0.753152
vt 0.156760 0.748174
vt 0.083025 0.460726
vt 0.125513 0.465860
vt 0.131857 0.478950
vt 0.091084 0.475980
vt 0.137972 0.490673
vt 0.098583 0.488610
vt 0.070807 0.503758
vt 0.061548 0.495274
vt 0.052923 0.484977
vt 0.037665 0.508148
vt 0.045277 0.516870
vt 0.053713 0.523041
vt 0.043701 0.546847
vt 0.036169 0.541094
vt 0.027214 0.534545
vt 0.176477 0.480027
vt 0.226649 0.495382
vt 0.229762 0.505119
vt 0.180748 0.491041
vt 0.233193 0.514502
vt 0.185268 0.501461
vt 0.275413 0.511210
vt 0.322015 0.528683
vt 0.323742 0.537467
vt 0.277746 0.520221
vt 0.325107 0.546134
vt 0.280116 0.528933
vt 0.386634 0.564278
vt 0.387338 0.572797
vt 0.361742 0.561489
vt 0.360624 0.552907
vt 0.359126 0.544311
vt 0.385550 0.555924
vt 0.552233 0.599398
vt 0.548071 0.608041
vt 0.505303 0.605025
vt 0.509852 0.596929
vt 0.471462 0.601361
vt 0.475927 0.593616
vt 0.480568 0.586079
vt 0.514237 0.588838
vt 0.556220 0.590549
vt 0.603185 0.592711
vt 0.644938 0.590062
vt 0.643506 0.600831
vt 0.599201 0.601490
vt 0.646329 0.615233
vt 0.597855 0.611716
vt 0.677294 0.582439
vt 0.711447 0.575264
vt 0.713506 0.581813
vt 0.678392 0.591065
vt 0.711296 0.588844
vt 0.678642 0.600056
vt 0.752798 0.569456
vt 0.795178 0.566735
vt 0.793633 0.572406
vt 0.754119 0.575415
vt 0.789133 0.577860
vt 0.750385 0.581505
vt 0.832162 0.566422
vt 0.861376 0.567430
vt 0.857165 0.573273
vt 0.827905 0.571337
vt 0.850129 0.578782
vt 0.822636 0.576940
vt 0.880988 0.570507
vt 0.897009 0.575314
vt 0.891568 0.582554
vt 0.876765 0.577264
vt 0.883915 0.588557
vt 0.869100 0.582716
vt 0.021667 0.565577
vt 0.030933 0.568308
vt 0.037946 0.572807
vt 0.910790 0.584103
vt 0.904365 0.590924
vt 0.897518 0.597656
vt 0.392997 0.888718
vt 0.367375 0.884203
vt 0.325130 0.872792
vt 0.398634 0.859767
vt 0.376379 0.857949
vt 0.339313 0.846089
vt 0.030495 0.653027
vt 0.052821 0.685419
vt 0.087644 0.722982
vt 0.115909 0.708924
vt 0.082478 0.676477
vt 0.060626 0.649392
vt 0.013937 0.596342
vt 0.019425 0.624748
vt 0.048906 0.625058
vt 0.043675 0.601223
vt 0.814640 0.830264
vt 0.766306 0.847274
vt 0.813601 0.825298
vt 0.852853 0.798107
vt 0.853737 0.802955
vt 0.799112 0.747337
vt 0.778134 0.760409
vt 0.800526 0.748489
vt 0.779352 0.761656
vt 0.768873 0.766259
vt 0.764352 0.767191
vt 0.635233 0.882617
vt 0.573408 0.890889
vt 0.520844 0.893785
vt 0.620736 0.851565
vt 0.559366 0.858980
vt 0.508760 0.862545
vt 0.701469 0.866924
vt 0.736484 0.815063
vt 0.685804 0.835583
vt 0.891243 0.765747
vt 0.889856 0.761076
vt 0.916597 0.718739
vt 0.919190 0.722893
vt 0.838131 0.705494
vt 0.820862 0.728210
vt 0.839846 0.705842
vt 0.822494 0.728970
vt 0.938921 0.617494
vt 0.940459 0.644973
vt 0.935653 0.643037
vt 0.933246 0.617526
vt 0.927208 0.597088
vt 0.933257 0.594452
vt 0.851876 0.639463
vt 0.853516 0.650766
vt 0.853623 0.638952
vt 0.855216 0.650053
vt 0.854469 0.663900
vt 0.852681 0.664358
vt 0.934926 0.681293
vt 0.931041 0.678023
vt 0.848424 0.683071
vt 0.850161 0.683152
vt 0.191207 0.805918
vt 0.258127 0.844577
vt 0.277030 0.819005
vt 0.213871 0.783137
vt 0.135117 0.765004
vt 0.160725 0.745956
vt 0.126480 0.458659
vt 0.081954 0.449497
vt 0.049945 0.476296
vt 0.074374 0.506410
vt 0.101281 0.493025
vt 0.140372 0.495348
vt 0.032584 0.500748
vt 0.020612 0.528898
vt 0.049008 0.547404
vt 0.058566 0.524608
vt 0.229407 0.491427
vt 0.178801 0.474966
vt 0.187177 0.505916
vt 0.234864 0.518614
vt 0.325153 0.525729
vt 0.278399 0.507863
vt 0.281165 0.532695
vt 0.325420 0.549953
vt 0.388807 0.553261
vt 0.362256 0.541497
vt 0.387676 0.576811
vt 0.362121 0.565381
vt 0.556400 0.585666
vt 0.516205 0.584588
vt 0.483183 0.582194
vt 0.546027 0.611862
vt 0.503265 0.608781
vt 0.469512 0.605090
vt 0.644121 0.584890
vt 0.602089 0.587712
vt 0.595503 0.615501
vt 0.634522 0.619930
vt 0.675368 0.575210
vt 0.707973 0.569335
vt 0.709621 0.571790
vt 0.676274 0.578158
vt 0.684311 0.643787
vt 0.695673 0.639070
vt 0.687048 0.641375
vt 0.695236 0.637402
vt 0.715069 0.629853
vt 0.715295 0.631585
vt 0.748728 0.564063
vt 0.791234 0.561018
vt 0.793341 0.563430
vt 0.750781 0.566321
vt 0.741179 0.623900
vt 0.741359 0.622220
vt 0.768530 0.616324
vt 0.767965 0.617842
vt 0.828781 0.560012
vt 0.860333 0.560128
vt 0.861223 0.563400
vt 0.830647 0.562798
vt 0.791784 0.614811
vt 0.792558 0.613423
vt 0.812552 0.613726
vt 0.811315 0.614879
vt 0.884155 0.561700
vt 0.903845 0.565190
vt 0.900824 0.570056
vt 0.883083 0.565787
vt 0.825609 0.617526
vt 0.826734 0.616270
vt 0.837972 0.621019
vt 0.836656 0.622257
vt 0.014194 0.563106
vt 0.042876 0.574128
vt 0.921867 0.573413
vt 0.916259 0.578803
vt 0.846512 0.628944
vt 0.848280 0.628361
vt 0.507795 0.051364
vt 0.475278 0.047679
vt 0.423582 0.048802
vt 0.425434 0.015195
vt 0.470664 0.007891
vt 0.497935 0.005187
vt 0.280949 0.091889
vt 0.347750 0.067252
vt 0.281700 0.067284
vt 0.353973 0.037120
vt 0.222357 0.104036
vt 0.226481 0.125245
vt 0.177781 0.157591
vt 0.174848 0.140380
vt 0.140028 0.171958
vt 0.141624 0.184767
vt 0.117271 0.208224
vt 0.115429 0.199222
vt 0.087230 0.250420
vt 0.100497 0.228925
vt 0.083182 0.245852
vt 0.097671 0.222295
vt 0.071086 0.276978
vt 0.077491 0.277906
vt 0.073235 0.308711
vt 0.065627 0.310400
vt 0.064988 0.339224
vt 0.072894 0.335931
vt 0.076315 0.362533
vt 0.067182 0.369219
vt 0.125674 0.423035
vt 0.086188 0.402955
vt 0.178571 0.439751
vt 0.228466 0.453695
vt 0.281760 0.466198
vt 0.339872 0.480969
vt 0.423071 0.503544
vt 0.389306 0.492832
vt 0.569658 0.541767
vt 0.538826 0.536600
vt 0.511944 0.532437
vt 0.522500 0.512365
vt 0.546807 0.516609
vt 0.574695 0.522083
vt 0.602050 0.553733
vt 0.602465 0.535671
vt 0.619319 0.546909
vt 0.627521 0.558612
vt 0.648383 0.554454
vt 0.675875 0.543623
vt 0.716472 0.535713
vt 0.759040 0.531489
vt 0.800099 0.528525
vt 0.836669 0.524848
vt 0.868783 0.519556
vt 0.921010 0.501740
vt 0.895952 0.512431
vt 0.953871 0.463066
vt 0.937234 0.482609
vt 0.987028 0.481893
vt 0.966037 0.402871
vt 0.962349 0.436557
vt 0.998000 0.400024
vt 0.995168 0.442809
vt 0.951927 0.311202
vt 0.978682 0.295462
vt 0.993108 0.348604
vt 0.963436 0.359231
vt 0.905010 0.217154
vt 0.925311 0.196394
vt 0.955159 0.243536
vt 0.931490 0.263104
vt 0.847054 0.143962
vt 0.867413 0.131965
vt 0.893263 0.157002
vt 0.876100 0.173562
vt 0.728192 0.093055
vt 0.729930 0.050567
vt 0.794147 0.079845
vt 0.781148 0.109382
vt 0.842054 0.110846
vt 0.820044 0.122770
vt 0.799113 0.131766
vt 0.769285 0.131281
vt 0.722565 0.125439
vt 0.680028 0.112591
vt 0.677701 0.073884
vt 0.641695 0.103174
vt 0.633595 0.061180
vt 0.619224 0.012036
vt 0.669450 0.026972
vt 0.693320 0.764663
vt 0.717689 0.788726
vt 0.698785 0.762655
vt 0.722208 0.784803
vt 0.742441 0.796504
vt 0.739489 0.801781
vt 0.647033 0.635926
vt 0.646453 0.658605
vt 0.652189 0.637225
vt 0.651207 0.659280
vt 0.658576 0.690610
vt 0.653654 0.689866
vt 0.670187 0.728810
vt 0.675542 0.728158
vt 0.766414 0.804320
vt 0.797552 0.795575
vt 0.764817 0.799921
vt 0.794109 0.791817
vt 0.827540 0.773130
vt 0.831872 0.776483
vt 0.752772 0.806443
vt 0.753715 0.799907
vt 0.863567 0.747446
vt 0.858093 0.745392
vt 0.880487 0.712634
vt 0.886698 0.713140
vt 0.903882 0.650998
vt 0.903073 0.630982
vt 0.897378 0.653330
vt 0.896873 0.634146
vt 0.893663 0.619388
vt 0.899419 0.615740
vt 0.899438 0.679646
vt 0.892933 0.680659
vt 0.658035 0.616784
vt 0.649666 0.623675
vt 0.659759 0.621310
vt 0.655037 0.628304
vt 0.710499 0.593509
vt 0.679765 0.604764
vt 0.710058 0.597871
vt 0.679939 0.609081
vt 0.786108 0.581607
vt 0.748252 0.585663
vt 0.783259 0.585375
vt 0.746498 0.589749
vt 0.845458 0.582519
vt 0.818842 0.580635
vt 0.840937 0.586238
vt 0.815087 0.584305
vt 0.878658 0.592469
vt 0.863986 0.586493
vt 0.873537 0.596296
vt 0.859067 0.590273
vt 0.892254 0.601741
vt 0.887014 0.605543
vt 0.821669 0.768510
vt 0.850575 0.742452
vt 0.815388 0.763073
vt 0.842289 0.738907
vt 0.862491 0.710513
vt 0.871952 0.711782
vt 0.884011 0.681851
vt 0.874093 0.682804
vt 0.878588 0.659052
vt 0.888489 0.656247
vt 0.888314 0.638145
vt 0.878698 0.642134
vt 0.876381 0.628877
vt 0.885592 0.624076
vt 0.879732 0.610672
vt 0.871264 0.616184
vt 0.858724 0.607697
vt 0.866587 0.601705
vt 0.852512 0.595708
vt 0.845254 0.601856
vt 0.828396 0.597849
vt 0.834932 0.591619
vt 0.810056 0.589679
vt 0.804677 0.596076
vt 0.775864 0.597730
vt 0.779578 0.590973
vt 0.744527 0.595747
vt 0.742930 0.602891
vt 0.710657 0.611131
vt 0.709951 0.604023
vt 0.681568 0.614919
vt 0.684764 0.621311
vt 0.669848 0.632079
vt 0.664174 0.626841
vt 0.660766 0.633793
vt 0.667718 0.638033
vt 0.665760 0.644523
vt 0.658659 0.641481
vt 0.658037 0.659685
vt 0.665828 0.660947
vt 0.673032 0.687601
vt 0.664827 0.687886
vt 0.681675 0.723565
vt 0.690292 0.722215
vt 0.712356 0.752971
vt 0.704201 0.756713
vt 0.726794 0.778303
vt 0.732881 0.771951
vt 0.748747 0.782381
vt 0.745071 0.789569
vt 0.755145 0.791860
vt 0.757294 0.783866
vt 0.764647 0.785227
vt 0.764292 0.792998
vt 0.790297 0.786199
vt 0.786923 0.779399
vt 0.827683 0.731693
vt 0.804530 0.752398
vt 0.801840 0.749702
vt 0.824153 0.729811
vt 0.841706 0.706272
vt 0.845732 0.707247
vt 0.856402 0.683343
vt 0.852122 0.683223
vt 0.856493 0.663519
vt 0.860842 0.662821
vt 0.861444 0.648162
vt 0.857208 0.649430
vt 0.855613 0.638443
vt 0.859575 0.636543
vt 0.854788 0.625533
vt 0.850436 0.627694
vt 0.839964 0.620083
vt 0.843910 0.617945
vt 0.831960 0.612703
vt 0.828466 0.615170
vt 0.813938 0.612373
vt 0.816842 0.609475
vt 0.795649 0.608625
vt 0.793521 0.611887
vt 0.769109 0.614679
vt 0.770315 0.611175
vt 0.741615 0.616888
vt 0.741471 0.620509
vt 0.714729 0.628181
vt 0.713828 0.624685
vt 0.692433 0.632919
vt 0.694263 0.635982
vt 0.683163 0.642194
vt 0.680525 0.640241
vt 0.678429 0.644271
vt 0.680845 0.644839
vt 0.681206 0.649161
vt 0.678049 0.649078
vt 0.680299 0.661670
vt 0.683801 0.660967
vt 0.691271 0.681499
vt 0.687722 0.683004
vt 0.703485 0.712797
vt 0.706766 0.710416
vt 0.726904 0.737745
vt 0.723938 0.740686
vt 0.741251 0.758679
vt 0.744177 0.756072
vt 0.755979 0.766023
vt 0.753676 0.768835
vt 0.759807 0.771543
vt 0.759979 0.769208
vt 0.764933 0.768853
vt 0.765100 0.772002
vt 0.781528 0.766392
vt 0.779991 0.763200
vt 0.809363 0.757299
vt 0.834174 0.735051
vt 0.853180 0.708870
vt 0.864287 0.683300
vt 0.868775 0.661341
vt 0.869142 0.645627
vt 0.867076 0.633223
vt 0.862400 0.621445
vt 0.850695 0.613508
vt 0.837997 0.607930
vt 0.822012 0.604217
vt 0.799598 0.602848
vt 0.772630 0.604964
vt 0.741984 0.610451
vt 0.712182 0.618486
vt 0.688843 0.627643
vt 0.675744 0.636754
vt 0.673459 0.642087
vt 0.672630 0.648049
vt 0.673734 0.661792
vt 0.681107 0.685215
vt 0.697445 0.716981
vt 0.718583 0.746105
vt 0.737318 0.764579
vt 0.750976 0.774581
vt 0.758158 0.776723
vt 0.764922 0.777768
vt 0.783974 0.772280
vt 0.583105 0.308208
vt 0.579439 0.327424
vt 0.565114 0.319374
vt 0.573564 0.301128
vt 0.550402 0.317876
vt 0.560546 0.298546
vt 0.573157 0.279393
vt 0.587948 0.286309
vt 0.597477 0.294576
vt 0.860567 0.383968
vt 0.860892 0.372814
vt 0.860918 0.372022
vt 0.860970 0.384684
vt 0.861609 0.372724
vt 0.861398 0.385420
vt 0.858775 0.395041
vt 0.858533 0.394451
vt 0.858271 0.393685
vt 0.934839 0.594002
vt 0.940260 0.617761
vt 0.936707 0.592990
vt 0.941901 0.616876
vt 0.943100 0.645058
vt 0.941472 0.645654
vt 0.791640 0.278363
vt 0.759097 0.265013
vt 0.758425 0.263196
vt 0.791913 0.277276
vt 0.758783 0.262253
vt 0.792622 0.276384
vt 0.818233 0.291926
vt 0.817199 0.291892
vt 0.816448 0.294020
vt 0.704135 0.437887
vt 0.729080 0.443864
vt 0.731061 0.446229
vt 0.704352 0.438825
vt 0.730788 0.446972
vt 0.704240 0.439717
vt 0.676350 0.437463
vt 0.676121 0.436507
vt 0.676074 0.432919
vt 0.644517 0.568396
vt 0.647863 0.575101
vt 0.645200 0.567647
vt 0.648805 0.574250
vt 0.655937 0.576353
vt 0.655080 0.576916
vt 0.675225 0.574982
vt 0.675891 0.574184
vt 0.707951 0.568255
vt 0.707519 0.569053
vt 0.786508 0.848448
vt 0.778389 0.856774
vt 0.788109 0.848544
vt 0.780540 0.856575
vt 0.781146 0.868472
vt 0.779609 0.869003
vt 0.853607 0.803903
vt 0.814677 0.830966
vt 0.854976 0.804590
vt 0.816131 0.831640
vt 0.625495 0.276989
vt 0.621895 0.278702
vt 0.611665 0.276271
vt 0.614860 0.274189
vt 0.603138 0.273758
vt 0.603319 0.271945
vt 0.604299 0.270603
vt 0.615535 0.273434
vt 0.625846 0.276240
vt 0.657513 0.279865
vt 0.644629 0.293668
vt 0.644786 0.287987
vt 0.657320 0.278041
vt 0.644465 0.284533
vt 0.657542 0.275755
vt 0.682930 0.266508
vt 0.682728 0.267294
vt 0.676393 0.271707
vt 0.577655 0.512718
vt 0.551468 0.507033
vt 0.527812 0.503113
vt 0.528193 0.502343
vt 0.551566 0.506114
vt 0.577738 0.511726
vt 0.720658 0.135890
vt 0.720036 0.136733
vt 0.679154 0.126384
vt 0.680067 0.125734
vt 0.642830 0.118517
vt 0.643707 0.117809
vt 0.603495 0.527281
vt 0.603825 0.526383
vt 0.625556 0.543485
vt 0.625063 0.544286
vt 0.652345 0.423035
vt 0.651726 0.423696
vt 0.651309 0.424623
vt 0.634542 0.397946
vt 0.635278 0.397458
vt 0.633438 0.391765
vt 0.803946 0.137926
vt 0.764466 0.139611
vt 0.804381 0.138986
vt 0.764197 0.140627
vt 0.718955 0.262815
vt 0.719007 0.261932
vt 0.719395 0.261082
vt 0.760532 0.445971
vt 0.788543 0.444909
vt 0.787459 0.446957
vt 0.760825 0.446736
vt 0.788244 0.447512
vt 0.761127 0.447529
vt 0.748163 0.563757
vt 0.748589 0.563047
vt 0.791087 0.559996
vt 0.790623 0.560641
vt 0.919514 0.723924
vt 0.891261 0.766777
vt 0.921092 0.724024
vt 0.892724 0.767207
vt 0.835489 0.312082
vt 0.836222 0.311561
vt 0.837315 0.311878
vt 0.852566 0.333004
vt 0.851654 0.332348
vt 0.849649 0.333228
vt 0.807741 0.439865
vt 0.823368 0.432821
vt 0.824448 0.433107
vt 0.808560 0.440518
vt 0.825307 0.433491
vt 0.809429 0.441043
vt 0.828210 0.559516
vt 0.828735 0.558882
vt 0.860634 0.558816
vt 0.859937 0.559494
vt 0.935620 0.682212
vt 0.937256 0.681983
vt 0.857375 0.354318
vt 0.858254 0.354648
vt 0.859117 0.355378
vt 0.884239 0.560850
vt 0.884946 0.559916
vt 0.905513 0.563023
vt 0.904410 0.564109
vt 0.835812 0.424622
vt 0.844955 0.416010
vt 0.846152 0.416125
vt 0.836752 0.424765
vt 0.846758 0.416255
vt 0.837541 0.425004
vt 0.582085 0.355710
vt 0.581101 0.356435
vt 0.573026 0.353395
vt 0.573361 0.352644
vt 0.564025 0.350897
vt 0.564142 0.349965
vt 0.565258 0.348634
vt 0.572767 0.349645
vt 0.580600 0.352695
vt 0.629463 0.379524
vt 0.628114 0.380518
vt 0.626825 0.381126
vt 0.620729 0.363214
vt 0.624405 0.360385
vt 0.628505 0.357893
vt 0.923276 0.572146
vt 0.925272 0.570771
vt 0.852215 0.404757
vt 0.852731 0.405168
vt 0.853073 0.405450
vt 0.637877 0.558443
vt 0.638452 0.557619
vt 0.856144 0.122135
vt 0.834161 0.131034
vt 0.857246 0.123107
vt 0.835294 0.132184
vt 0.508020 0.173599
vt 0.504807 0.203998
vt 0.509539 0.173302
vt 0.506472 0.202983
vt 0.509648 0.226843
vt 0.508180 0.228836
vt 0.464604 0.372804
vt 0.451895 0.409760
vt 0.465514 0.375190
vt 0.453965 0.410150
vt 0.452161 0.444990
vt 0.450847 0.445072
vt 0.454590 0.465854
vt 0.455663 0.465566
vt 0.460722 0.476459
vt 0.459928 0.476993
vt 0.536908 0.123514
vt 0.520774 0.144868
vt 0.537714 0.124512
vt 0.522084 0.144882
vt 0.632882 0.274519
vt 0.626389 0.273415
vt 0.619199 0.270599
vt 0.625596 0.266672
vt 0.608218 0.266689
vt 0.612699 0.260526
vt 0.621312 0.252580
vt 0.633618 0.264855
vt 0.644186 0.278290
vt 0.634167 0.279098
vt 0.634250 0.280601
vt 0.626173 0.284913
vt 0.614215 0.292365
vt 0.602345 0.283065
vt 0.578681 0.277520
vt 0.579197 0.267678
vt 0.593869 0.272341
vt 0.523819 0.246617
vt 0.524228 0.250493
vt 0.516152 0.248485
vt 0.514824 0.241248
vt 0.515521 0.239607
vt 0.524019 0.245486
vt 0.609399 0.357050
vt 0.597292 0.355000
vt 0.587265 0.344386
vt 0.596557 0.343677
vt 0.579154 0.335312
vt 0.580632 0.330327
vt 0.603738 0.343144
vt 0.475803 0.363141
vt 0.476426 0.361118
vt 0.477594 0.349945
vt 0.487509 0.349486
vt 0.484000 0.355800
vt 0.483337 0.357275
vt 0.604869 0.363235
vt 0.593960 0.360549
vt 0.595563 0.359061
vt 0.609071 0.359625
vt 0.588743 0.377320
vt 0.589121 0.377403
vt 0.589065 0.377897
vt 0.588227 0.377945
vt 0.589080 0.378390
vt 0.588500 0.378458
vt 0.587825 0.378247
vt 0.587662 0.377602
vt 0.588259 0.377303
vt 0.522540 0.237490
vt 0.528357 0.243078
vt 0.524682 0.244504
vt 0.516245 0.238335
vt 0.510649 0.225593
vt 0.517070 0.225414
vt 0.626522 0.275592
vt 0.616735 0.272378
vt 0.606001 0.268935
vt 0.644695 0.282239
vt 0.634441 0.278249
vt 0.658109 0.273832
vt 0.656847 0.272711
vt 0.683118 0.265627
vt 0.719747 0.260135
vt 0.759134 0.261171
vt 0.793496 0.275402
vt 0.819401 0.292008
vt 0.838505 0.312268
vt 0.853574 0.333732
vt 0.860046 0.356181
vt 0.862338 0.373550
vt 0.861856 0.386208
vt 0.859009 0.395695
vt 0.853430 0.405738
vt 0.847416 0.416391
vt 0.838371 0.425285
vt 0.826212 0.433935
vt 0.810332 0.441637
vt 0.789050 0.448157
vt 0.761436 0.448400
vt 0.730506 0.447810
vt 0.704088 0.440637
vt 0.676578 0.438529
vt 0.650827 0.425657
vt 0.633638 0.398384
vt 0.625890 0.381651
vt 0.618558 0.364878
vt 0.601673 0.367233
vt 0.592486 0.363519
vt 0.593009 0.361686
vt 0.602297 0.364648
vt 0.581505 0.357215
vt 0.579380 0.358363
vt 0.573031 0.357031
vt 0.573233 0.354650
vt 0.564807 0.355481
vt 0.564152 0.352477
vt 0.478495 0.366739
vt 0.471501 0.377366
vt 0.466197 0.376402
vt 0.475646 0.364487
vt 0.482934 0.358496
vt 0.486235 0.362682
vt 0.455397 0.410339
vt 0.460028 0.413724
vt 0.456665 0.447666
vt 0.453297 0.444877
vt 0.456540 0.465293
vt 0.460033 0.465750
vt 0.462748 0.473681
vt 0.461319 0.476087
vt 0.578101 0.511031
vt 0.551919 0.505515
vt 0.528545 0.501762
vt 0.604104 0.525695
vt 0.625892 0.542802
vt 0.638899 0.556797
vt 0.646119 0.567240
vt 0.649977 0.573977
vt 0.656974 0.575958
vt 0.676555 0.573439
vt 0.708342 0.567451
vt 0.748984 0.562315
vt 0.791516 0.559320
vt 0.829221 0.558206
vt 0.861278 0.558069
vt 0.885556 0.558909
vt 0.906698 0.561788
vt 0.927548 0.569213
vt 0.938803 0.591931
vt 0.943764 0.615971
vt 0.944903 0.644447
vt 0.939031 0.681753
vt 0.922783 0.724140
vt 0.894269 0.767665
vt 0.856367 0.805303
vt 0.817565 0.832223
vt 0.789816 0.848436
vt 0.782451 0.856108
vt 0.782701 0.867956
vt 0.858347 0.124078
vt 0.836250 0.133248
vt 0.804661 0.139757
vt 0.763995 0.141363
vt 0.719540 0.137410
vt 0.678510 0.126852
vt 0.642211 0.119026
vt 0.537991 0.125440
vt 0.522875 0.145504
vt 0.537358 0.131538
vt 0.527054 0.147418
vt 0.515764 0.177448
vt 0.510752 0.173365
vt 0.507713 0.202274
vt 0.512173 0.204771
vt 0.630107 0.355073
vt 0.611947 0.346002
vt 0.597076 0.330882
vt 0.610609 0.334966
vt 0.620801 0.346159
vt 0.631625 0.352280
vt 0.610086 0.301008
vt 0.598555 0.314385
vt 0.620357 0.309823
vt 0.611374 0.320092
vt 0.642637 0.301459
vt 0.641361 0.307906
vt 0.631735 0.305471
vt 0.625412 0.298215
vt 0.637739 0.308821
vt 0.634437 0.314641
vt 0.629225 0.317777
vt 0.628793 0.310270
vt 0.627582 0.322832
vt 0.622964 0.316377
vt 0.624688 0.327307
vt 0.618099 0.323342
vt 0.624031 0.332457
vt 0.616048 0.332549
vt 0.624926 0.337833
vt 0.619022 0.342543
vt 0.628878 0.344277
vt 0.628581 0.348291
vt 0.634165 0.339613
vt 0.632179 0.336734
vt 0.630234 0.334020
vt 0.633983 0.335208
vt 0.636314 0.338396
vt 0.636992 0.341056
vt 0.630885 0.324264
vt 0.629206 0.329406
vt 0.632835 0.324994
vt 0.633078 0.330133
vt 0.634883 0.318869
vt 0.635841 0.320697
vt 0.633717 0.322293
vt 0.631863 0.320348
vt 0.639811 0.315486
vt 0.639673 0.315046
vt 0.643029 0.314882
vt 0.642898 0.315828
vt 0.638053 0.316631
vt 0.637975 0.315258
vt 0.637957 0.314280
vt 0.641187 0.314022
vt 0.633436 0.349209
vt 0.633705 0.347069
vt 0.634986 0.346376
vt 0.635313 0.347904
vt 0.635931 0.345932
vt 0.636075 0.347284
vt 0.642143 0.314127
vt 0.634662 0.349840
vt 0.632815 0.350356
vt 0.635279 0.349040
vt 0.633459 0.347158
vt 0.633277 0.349096
vt 0.636099 0.345912
vt 0.635302 0.345987
vt 0.636675 0.348521
vt 0.635732 0.350273
vt 0.639949 0.345579
vt 0.632761 0.350440
vt 0.636791 0.350596
vt 0.635485 0.351106
vt 0.634816 0.350846
vt 0.639809 0.311272
vt 0.643000 0.314129
vt 0.635082 0.313523
vt 0.642771 0.317884
vt 0.635497 0.318855
vt 0.641667 0.316413
vt 0.635052 0.316740
vt 0.643108 0.314401
vt 0.643186 0.316079
vt 0.643038 0.315877
vt 0.643113 0.315452
vt 0.642586 0.342365
vt 0.638654 0.339372
vt 0.636384 0.327996
vt 0.635567 0.333222
vt 0.653186 0.347007
vt 0.643353 0.337473
vt 0.639786 0.332430
vt 0.638128 0.323810
vt 0.641196 0.326349
vt 0.644341 0.347612
vt 0.538234 0.209713
vt 0.538732 0.210788
vt 0.537968 0.211653
vt 0.537441 0.210613
vt 0.537003 0.211999
vt 0.536328 0.211505
vt 0.536261 0.210660
vt 0.536484 0.209839
vt 0.537316 0.209335
vt 0.560737 0.143572
vt 0.556411 0.178343
vt 0.536012 0.170391
vt 0.541352 0.144217
vt 0.548811 0.125101
vt 0.564361 0.121298
vt 0.552093 0.116733
vt 0.565452 0.113415
vt 0.565050 0.114071
vt 0.551909 0.117574
vt 0.565960 0.112397
vt 0.552295 0.115522
vt 0.545190 0.100719
vt 0.559843 0.098472
vt 0.516548 0.003689
vt 0.530592 0.002666
vt 0.544901 0.053177
vt 0.529668 0.053256
vt 0.426339 0.902021
vt 0.430744 0.927215
vt 0.414718 0.926161
vt 0.410904 0.901131
vt 0.413015 0.895710
vt 0.428083 0.896391
vt 0.426487 0.891332
vt 0.411546 0.890603
vt 0.409764 0.884726
vt 0.424592 0.885465
vt 0.426180 0.875697
vt 0.411997 0.875264
vt 0.413808 0.865745
vt 0.427088 0.866257
vt 0.427951 0.862142
vt 0.414995 0.861363
vt 0.416947 0.849945
vt 0.429260 0.851881
vt 0.428270 0.826013
vt 0.414793 0.822052
vt 0.410280 0.779072
vt 0.424186 0.782991
vt 0.418817 0.724824
vt 0.405013 0.720650
vt 0.402228 0.662840
vt 0.415360 0.667197
vt 0.403063 0.595500
vt 0.413105 0.600534
vt 0.413914 0.626127
vt 0.402334 0.621501
vt 0.402525 0.579993
vt 0.412030 0.585177
vt 0.412234 0.589342
vt 0.402785 0.584113
vt 0.402080 0.563382
vt 0.413315 0.568580
vt 0.412837 0.576804
vt 0.402474 0.571552
vt 0.408541 0.558686
vt 0.420234 0.563705
vt 0.417028 0.565926
vt 0.405559 0.560827
vt 0.423469 0.560740
vt 0.411557 0.555801
vt 0.421564 0.541836
vt 0.433477 0.546486
vt 0.459797 0.490870
vt 0.468834 0.495860
vt 0.453074 0.514962
vt 0.442274 0.509914
vt 0.476589 0.487548
vt 0.467374 0.483529
vt 0.467784 0.482767
vt 0.476666 0.486577
vt 0.468545 0.478589
vt 0.478881 0.481577
vt 0.476833 0.485930
vt 0.468199 0.482394
vt 0.468560 0.450994
vt 0.486853 0.450076
vt 0.482269 0.468792
vt 0.468695 0.468898
vt 0.483467 0.392903
vt 0.500493 0.397777
vt 0.494233 0.422962
vt 0.474117 0.420911
vt 0.495136 0.379411
vt 0.495800 0.379044
vt 0.496344 0.379422
vt 0.495679 0.379471
vt 0.496192 0.380086
vt 0.495836 0.380443
vt 0.495418 0.380432
vt 0.495062 0.380280
vt 0.494798 0.379976
vt 0.511529 0.352102
vt 0.522412 0.350761
vt 0.522719 0.351935
vt 0.511655 0.353132
vt 0.521346 0.355367
vt 0.510189 0.355994
vt 0.502798 0.356493
vt 0.500433 0.354043
vt 0.500552 0.353033
vt 0.511547 0.349193
vt 0.522352 0.347631
vt 0.522611 0.349926
vt 0.511759 0.351205
vt 0.500804 0.352168
vt 0.503738 0.350017
vt 0.488773 0.331951
vt 0.510238 0.321829
vt 0.511298 0.323606
vt 0.490983 0.333742
vt 0.517315 0.331217
vt 0.499226 0.338159
vt 0.517652 0.263225
vt 0.537099 0.268863
vt 0.521904 0.294886
vt 0.500350 0.297812
vt 0.532591 0.254413
vt 0.548463 0.258597
vt 0.541285 0.265951
vt 0.523383 0.260624
vt 0.550818 0.256111
vt 0.535004 0.251762
vt 0.535625 0.250725
vt 0.551417 0.255068
vt 0.537580 0.246135
vt 0.553147 0.249873
vt 0.552307 0.253801
vt 0.536686 0.249691
vt 0.535320 0.224675
vt 0.554328 0.224092
vt 0.554155 0.239488
vt 0.536600 0.236245
vt 0.580219 0.214009
vt 0.580704 0.215338
vt 0.579909 0.216277
vt 0.579504 0.214984
vt 0.578908 0.216451
vt 0.578248 0.215884
vt 0.578055 0.215025
vt 0.578230 0.214102
vt 0.579029 0.213555
vt 0.598420 0.151922
vt 0.598102 0.190688
vt 0.578642 0.177448
vt 0.579174 0.147402
vt 0.579664 0.122212
vt 0.596645 0.123832
vt 0.579230 0.112626
vt 0.595166 0.112777
vt 0.594622 0.113395
vt 0.578708 0.113275
vt 0.595874 0.111891
vt 0.579851 0.111671
vt 0.574235 0.097250
vt 0.591065 0.097085
vt 0.544413 0.002000
vt 0.561243 0.002415
vt 0.577363 0.052927
vt 0.559715 0.052682
vt 0.460991 0.904204
vt 0.467549 0.928316
vt 0.446997 0.927792
vt 0.442198 0.902253
vt 0.442538 0.896255
vt 0.459758 0.897899
vt 0.459116 0.892858
vt 0.441272 0.891444
vt 0.439940 0.885156
vt 0.458144 0.886930
vt 0.456477 0.876607
vt 0.440212 0.874411
vt 0.439997 0.865235
vt 0.454996 0.866765
vt 0.454194 0.862338
vt 0.439980 0.861327
vt 0.441651 0.851091
vt 0.457157 0.851800
vt 0.458744 0.828713
vt 0.442548 0.826828
vt 0.438220 0.786161
vt 0.455378 0.789300
vt 0.448224 0.731513
vt 0.432471 0.728362
vt 0.428324 0.671015
vt 0.443057 0.674652
vt 0.422949 0.605044
vt 0.434545 0.609021
vt 0.438587 0.634257
vt 0.425364 0.630277
vt 0.420731 0.590210
vt 0.432100 0.593779
vt 0.431773 0.597876
vt 0.421332 0.594090
vt 0.424768 0.574067
vt 0.438714 0.578248
vt 0.435046 0.585755
vt 0.422452 0.582496
vt 0.431675 0.568253
vt 0.444856 0.572187
vt 0.441905 0.574787
vt 0.428459 0.570696
vt 0.448251 0.569046
vt 0.435012 0.565193
vt 0.445038 0.550850
vt 0.458393 0.554841
vt 0.478528 0.499834
vt 0.489810 0.503781
vt 0.475807 0.523701
vt 0.463583 0.519510
vt 0.496436 0.495580
vt 0.485731 0.491564
vt 0.485717 0.490596
vt 0.496354 0.494597
vt 0.489106 0.485407
vt 0.500928 0.489201
vt 0.496804 0.494088
vt 0.485943 0.489968
vt 0.504261 0.448634
vt 0.522451 0.445928
vt 0.510096 0.471971
vt 0.495901 0.469585
vt 0.516376 0.408660
vt 0.538966 0.402138
vt 0.530601 0.425734
vt 0.510426 0.429412
vt 0.525226 0.387855
vt 0.526012 0.387639
vt 0.526552 0.388311
vt 0.525836 0.388707
vt 0.526891 0.388994
vt 0.526580 0.389478
vt 0.526179 0.390041
vt 0.525570 0.389666
vt 0.525018 0.388797
vt 0.536549 0.350257
vt 0.546552 0.349911
vt 0.546825 0.351165
vt 0.536813 0.351481
vt 0.546266 0.354467
vt 0.535173 0.354788
vt 0.536385 0.346778
vt 0.547441 0.346547
vt 0.546475 0.349008
vt 0.536468 0.349251
vt 0.531435 0.317932
vt 0.551005 0.319362
vt 0.531990 0.319578
vt 0.551922 0.328747
vt 0.535001 0.328914
vt 0.556121 0.272832
vt 0.542929 0.295606
vt 0.561699 0.261798
vt 0.558828 0.270443
vt 0.580134 0.264660
vt 0.563217 0.259903
vt 0.563670 0.258996
vt 0.580942 0.263742
vt 0.567014 0.253839
vt 0.584136 0.259861
vt 0.581987 0.262738
vt 0.564617 0.257671
vt 0.573474 0.232132
vt 0.590279 0.235728
vt 0.586356 0.250009
vt 0.570060 0.243651
vt 0.591910 0.268440
vt 0.592872 0.267604
vt 0.596736 0.264281
vt 0.594339 0.266579
vt 0.605552 0.246511
vt 0.600011 0.256005
vt 0.614543 0.232563
vt 0.614946 0.233397
vt 0.614371 0.233967
vt 0.613926 0.233101
vt 0.613618 0.234113
vt 0.613063 0.233647
vt 0.612799 0.233099
vt 0.613073 0.232531
vt 0.613787 0.232190
vt 0.618555 0.194784
vt 0.619425 0.158806
vt 0.617346 0.127099
vt 0.615575 0.114454
vt 0.614999 0.115020
vt 0.616374 0.113655
vt 0.612664 0.098536
vt 0.584763 0.005156
vt 0.601010 0.055268
vt 0.495890 0.928334
vt 0.486674 0.905455
vt 0.484958 0.899154
vt 0.484233 0.894050
vt 0.483111 0.888083
vt 0.480121 0.877735
vt 0.477034 0.867759
vt 0.475679 0.863175
vt 0.479342 0.851824
vt 0.481225 0.826473
vt 0.478958 0.787583
vt 0.468706 0.733694
vt 0.461942 0.678125
vt 0.450286 0.612735
vt 0.455921 0.638181
vt 0.448267 0.597309
vt 0.446649 0.601086
vt 0.456368 0.582244
vt 0.452049 0.589572
vt 0.461935 0.575790
vt 0.459321 0.578633
vt 0.465252 0.572434
vt 0.475575 0.558203
vt 0.503925 0.507985
vt 0.491353 0.528053
vt 0.509866 0.499610
vt 0.509996 0.498710
vt 0.515495 0.492205
vt 0.510408 0.498160
vt 0.542131 0.441587
vt 0.527346 0.471755
vt 0.557260 0.403817
vt 0.551728 0.421274
vt 0.556562 0.384868
vt 0.557125 0.384610
vt 0.557809 0.384898
vt 0.557323 0.385285
vt 0.558288 0.385406
vt 0.558174 0.385841
vt 0.557747 0.386043
vt 0.557137 0.386020
vt 0.556577 0.385564
vt 0.554964 0.349977
vt 0.555223 0.351382
vt 0.556014 0.354727
vt 0.558581 0.346842
vt 0.554869 0.349203
vt 0.564667 0.363257
vt 0.554285 0.361953
vt 0.567566 0.372401
vt 0.554424 0.371121
vt 0.541643 0.374992
vt 0.543749 0.362875
vt 0.585327 0.360996
vt 0.580149 0.368349
vt 0.576703 0.362266
vt 0.587713 0.359234
vt 0.587654 0.358800
vt 0.588152 0.358491
vt 0.586805 0.351696
vt 0.568195 0.331575
vt 0.571196 0.341351
vt 0.551490 0.338527
vt 0.535972 0.338754
vt 0.521360 0.339991
vt 0.506572 0.343694
vt 0.496792 0.349706
vt 0.491603 0.354402
vt 0.492268 0.353559
vt 0.495387 0.358227
vt 0.491164 0.355349
vt 0.518093 0.363606
vt 0.504427 0.362661
vt 0.511832 0.374775
vt 0.498319 0.369146
vt 0.531285 0.363551
vt 0.527444 0.372992
vt 0.566492 0.322179
vt 0.601127 0.374608
vt 0.599687 0.371594
vt 0.594017 0.376666
vt 0.593194 0.374197
vt 0.589576 0.373216
vt 0.592788 0.370341
vt 0.584478 0.382734
vt 0.593772 0.382054
vt 0.588132 0.379944
vt 0.591344 0.379492
vt 0.572247 0.381149
vt 0.578420 0.375268
vt 0.579532 0.379459
vt 0.583539 0.376620
vt 0.585360 0.378863
vt 0.584276 0.372162
vt 0.585894 0.374645
vt 0.562348 0.377877
vt 0.555983 0.377118
vt 0.558866 0.380977
vt 0.555795 0.380800
vt 0.553633 0.382562
vt 0.550784 0.379826
vt 0.566192 0.388347
vt 0.566088 0.382267
vt 0.561357 0.386059
vt 0.561103 0.383086
vt 0.551579 0.392640
vt 0.559956 0.392581
vt 0.555941 0.388388
vt 0.559213 0.388253
vt 0.541977 0.386768
vt 0.549242 0.386563
vt 0.553559 0.385941
vt 0.533140 0.381239
vt 0.526340 0.379805
vt 0.530022 0.384315
vt 0.526971 0.383898
vt 0.523959 0.385709
vt 0.519801 0.381523
vt 0.531558 0.393924
vt 0.534980 0.387141
vt 0.530601 0.389944
vt 0.531378 0.386870
vt 0.515437 0.394203
vt 0.523779 0.396785
vt 0.524109 0.391619
vt 0.527051 0.391896
vt 0.507334 0.385055
vt 0.515180 0.387390
vt 0.523070 0.388918
vt 0.502692 0.377323
vt 0.496706 0.373986
vt 0.498598 0.378418
vt 0.496350 0.377228
vt 0.493824 0.377255
vt 0.490878 0.372103
vt 0.498500 0.386145
vt 0.502741 0.382465
vt 0.497403 0.381679
vt 0.498962 0.380325
vt 0.487900 0.380375
vt 0.490687 0.384811
vt 0.492671 0.380678
vt 0.494910 0.382074
vt 0.488847 0.375512
vt 0.492520 0.378403
vt 0.555299 0.203974
vt 0.544670 0.214620
vt 0.547052 0.205834
vt 0.542250 0.213102
vt 0.543500 0.209105
vt 0.541545 0.205505
vt 0.545806 0.196300
vt 0.527750 0.218262
vt 0.536031 0.217367
vt 0.533996 0.215006
vt 0.538076 0.214839
vt 0.526130 0.195760
vt 0.523171 0.208722
vt 0.532870 0.206263
vt 0.532025 0.211471
vt 0.536619 0.192149
vt 0.537311 0.204662
vt 0.594767 0.216281
vt 0.584501 0.222918
vt 0.588120 0.213725
vt 0.583488 0.219052
vt 0.585146 0.214491
vt 0.583438 0.210463
vt 0.586934 0.204454
vt 0.568672 0.221180
vt 0.576713 0.224822
vt 0.575386 0.219840
vt 0.579712 0.220911
vt 0.569812 0.199290
vt 0.565373 0.209915
vt 0.574912 0.209597
vt 0.573365 0.214961
vt 0.579490 0.198850
vt 0.579353 0.208922
vt 0.627646 0.238142
vt 0.617048 0.240748
vt 0.621637 0.234468
vt 0.615814 0.237441
vt 0.617653 0.234172
vt 0.617107 0.231076
vt 0.622677 0.225898
vt 0.603461 0.236616
vt 0.609732 0.240903
vt 0.609174 0.236613
vt 0.612446 0.238369
vt 0.607500 0.215664
vt 0.602218 0.225594
vt 0.610114 0.228383
vt 0.608430 0.232684
vt 0.616549 0.217918
vt 0.614134 0.228831
vt 0.643625 0.268604
vt 0.650538 0.267808
vt 0.641797 0.263171
vt 0.644246 0.262367
vt 0.645755 0.259157
vt 0.654856 0.261375
vt 0.632253 0.257587
vt 0.637630 0.263013
vt 0.635986 0.259726
vt 0.638688 0.261878
vt 0.639770 0.242096
vt 0.632619 0.248126
vt 0.638348 0.252978
vt 0.635718 0.255907
vt 0.650108 0.249111
vt 0.642868 0.254479
vt 0.591882 0.377328
vt 0.591466 0.375170
vt 0.590637 0.377837
vt 0.590942 0.375635
vt 0.588990 0.374580
vt 0.589186 0.374206
vt 0.589628 0.379148
vt 0.590437 0.378745
vt 0.589837 0.379040
vt 0.590451 0.378556
vt 0.585318 0.377177
vt 0.587870 0.378917
vt 0.585861 0.377462
vt 0.588321 0.378968
vt 0.586579 0.375152
vt 0.586652 0.375452
vt 0.589626 0.376935
vt 0.590143 0.377410
vt 0.589622 0.377307
vt 0.589198 0.376990
vt 0.588473 0.377052
vt 0.588698 0.376820
vt 0.590054 0.378154
vt 0.589690 0.378973
vt 0.589451 0.378650
vt 0.589525 0.377951
vt 0.588736 0.378941
vt 0.587683 0.378244
vt 0.587765 0.378275
vt 0.588662 0.378776
vt 0.587018 0.376688
vt 0.587295 0.377158
vt 0.558776 0.381822
vt 0.556299 0.381710
vt 0.558413 0.382438
vt 0.556254 0.382484
vt 0.554940 0.384653
vt 0.554387 0.383576
vt 0.560761 0.385924
vt 0.560525 0.383414
vt 0.559566 0.386314
vt 0.559860 0.383943
vt 0.557843 0.388098
vt 0.559002 0.387596
vt 0.558135 0.387939
vt 0.559036 0.387415
vt 0.554971 0.386606
vt 0.556498 0.387343
vt 0.555908 0.383897
vt 0.557442 0.383986
vt 0.557229 0.384289
vt 0.556080 0.384419
vt 0.556154 0.385701
vt 0.555672 0.385732
vt 0.558605 0.384721
vt 0.559235 0.385835
vt 0.558782 0.385558
vt 0.558202 0.384744
vt 0.558950 0.386794
vt 0.557894 0.387091
vt 0.557877 0.386477
vt 0.558656 0.386222
vt 0.556570 0.386984
vt 0.556924 0.386554
vt 0.529060 0.384752
vt 0.526436 0.384596
vt 0.528008 0.385440
vt 0.525565 0.385676
vt 0.524117 0.388118
vt 0.524067 0.386818
vt 0.530223 0.389496
vt 0.530571 0.386814
vt 0.528787 0.389701
vt 0.529416 0.387279
vt 0.525791 0.391313
vt 0.527215 0.390935
vt 0.525688 0.391150
vt 0.526801 0.391042
vt 0.524148 0.389844
vt 0.524737 0.390359
vt 0.525214 0.386616
vt 0.526901 0.386458
vt 0.526343 0.387022
vt 0.525077 0.387225
vt 0.524617 0.388708
vt 0.524285 0.388442
vt 0.527150 0.388492
vt 0.527449 0.389596
vt 0.527249 0.389208
vt 0.526898 0.388418
vt 0.527038 0.390546
vt 0.525865 0.391023
vt 0.526067 0.390514
vt 0.526892 0.389831
vt 0.524798 0.390135
vt 0.525175 0.389999
vt 0.497483 0.378446
vt 0.495649 0.377871
vt 0.496768 0.378889
vt 0.495518 0.378799
vt 0.494496 0.379378
vt 0.494080 0.378402
vt 0.496559 0.380905
vt 0.498195 0.380008
vt 0.496854 0.380631
vt 0.497894 0.379788
vt 0.494356 0.381125
vt 0.495346 0.381354
vt 0.494717 0.381190
vt 0.495665 0.381232
vt 0.493357 0.379608
vt 0.494083 0.380299
vt 0.494993 0.379180
vt 0.496091 0.378932
vt 0.495877 0.378999
vt 0.494964 0.379249
vt 0.494510 0.379971
vt 0.494370 0.379827
vt 0.497264 0.379500
vt 0.496266 0.380607
vt 0.496334 0.380370
vt 0.496638 0.379488
vt 0.495683 0.381119
vt 0.495065 0.381149
vt 0.495374 0.380776
vt 0.495879 0.380883
vt 0.494374 0.380600
vt 0.494736 0.380653
vt 0.541246 0.212466
vt 0.542258 0.209746
vt 0.540766 0.211894
vt 0.541384 0.209645
vt 0.539728 0.207668
vt 0.540672 0.207076
vt 0.534943 0.214322
vt 0.538102 0.214355
vt 0.536187 0.214026
vt 0.538532 0.213468
vt 0.534410 0.208552
vt 0.533621 0.212104
vt 0.534392 0.209315
vt 0.534361 0.212550
vt 0.537326 0.206843
vt 0.536856 0.207480
vt 0.539571 0.209251
vt 0.539850 0.211267
vt 0.539369 0.210991
vt 0.538873 0.209337
vt 0.537396 0.208819
vt 0.537779 0.208285
vt 0.538413 0.212687
vt 0.536749 0.213099
vt 0.536845 0.212575
vt 0.538264 0.212280
vt 0.535380 0.212135
vt 0.535271 0.210445
vt 0.535872 0.210649
vt 0.535924 0.211868
vt 0.535945 0.208882
vt 0.536152 0.209456
vt 0.582535 0.217726
vt 0.583455 0.214702
vt 0.582236 0.217274
vt 0.582820 0.214276
vt 0.580481 0.212102
vt 0.581392 0.212155
vt 0.577564 0.219050
vt 0.580132 0.219222
vt 0.577778 0.218522
vt 0.580000 0.218766
vt 0.576168 0.213214
vt 0.575870 0.216486
vt 0.576208 0.213681
vt 0.576376 0.215992
vt 0.578285 0.211948
vt 0.577732 0.212290
vt 0.581090 0.213552
vt 0.581451 0.216027
vt 0.581151 0.215676
vt 0.580623 0.213652
vt 0.578854 0.213019
vt 0.578972 0.212568
vt 0.579991 0.217346
vt 0.578453 0.217359
vt 0.578705 0.216960
vt 0.579989 0.216882
vt 0.577196 0.216299
vt 0.576964 0.214760
vt 0.577584 0.214923
vt 0.577775 0.216183
vt 0.577466 0.213268
vt 0.577754 0.213744
vt 0.615578 0.234744
vt 0.615610 0.232586
vt 0.615572 0.234486
vt 0.615420 0.232333
vt 0.614606 0.231480
vt 0.614836 0.231537
vt 0.611651 0.235193
vt 0.613652 0.236076
vt 0.612225 0.234909
vt 0.613819 0.235848
vt 0.612143 0.231733
vt 0.610923 0.233471
vt 0.612143 0.232055
vt 0.611503 0.233592
vt 0.613847 0.231265
vt 0.613530 0.231370
vt 0.615481 0.234544
vt 0.615436 0.232638
vt 0.615431 0.234236
vt 0.615336 0.232564
vt 0.614232 0.231590
vt 0.614513 0.231480
vt 0.612625 0.235022
vt 0.614051 0.235474
vt 0.613228 0.234880
vt 0.614466 0.234945
vt 0.611969 0.232519
vt 0.611743 0.234020
vt 0.611909 0.233038
vt 0.612448 0.234063
vt 0.613220 0.231544
vt 0.612784 0.231902
vt 0.615303 0.233735
vt 0.614939 0.232379
vt 0.613893 0.231852
vt 0.613474 0.234535
vt 0.614493 0.234496
vt 0.612409 0.233130
vt 0.612734 0.233890
vt 0.612811 0.232278
vt 0.641661 0.260978
vt 0.642141 0.260127
vt 0.641831 0.260644
vt 0.642145 0.259391
vt 0.641737 0.258584
vt 0.642154 0.258879
vt 0.638474 0.260523
vt 0.639926 0.261538
vt 0.638375 0.260350
vt 0.639845 0.261465
vt 0.638455 0.258077
vt 0.637952 0.259629
vt 0.639119 0.258064
vt 0.638042 0.259378
vt 0.641006 0.257956
vt 0.640683 0.257977
vt 0.641580 0.259138
vt 0.641336 0.260311
vt 0.641226 0.260099
vt 0.641237 0.259070
vt 0.640505 0.258633
vt 0.640786 0.258381
vt 0.640063 0.260964
vt 0.639000 0.260561
vt 0.639276 0.260575
vt 0.640272 0.260856
vt 0.638601 0.259932
vt 0.638929 0.259177
vt 0.639132 0.259491
vt 0.638892 0.260160
vt 0.639704 0.258424
vt 0.639684 0.258785
vt 0.581803 0.216637
vt 0.581882 0.213785
vt 0.579555 0.212184
vt 0.577426 0.212645
vt 0.576336 0.214265
vt 0.576624 0.216186
vt 0.578162 0.217677
vt 0.579937 0.218049
vt 0.540322 0.211551
vt 0.540480 0.209344
vt 0.538568 0.207805
vt 0.535995 0.208125
vt 0.534600 0.209971
vt 0.534667 0.212312
vt 0.536473 0.213641
vt 0.538450 0.213144
vt 0.641388 0.260541
vt 0.641966 0.259327
vt 0.641310 0.258344
vt 0.640161 0.258031
vt 0.638890 0.258527
vt 0.638344 0.259553
vt 0.638679 0.260476
vt 0.639801 0.261057
vt 0.496420 0.378870
vt 0.495181 0.379001
vt 0.494386 0.379658
vt 0.494243 0.380478
vt 0.494832 0.381165
vt 0.495592 0.381219
vt 0.496312 0.380681
vt 0.497607 0.379623
vt 0.527581 0.389897
vt 0.528390 0.387554
vt 0.527485 0.385890
vt 0.525436 0.386098
vt 0.524240 0.388429
vt 0.524731 0.390272
vt 0.525933 0.391103
vt 0.526957 0.390779
vt 0.559455 0.386175
vt 0.558967 0.384925
vt 0.557943 0.383158
vt 0.556035 0.383154
vt 0.555379 0.385406
vt 0.556906 0.387464
vt 0.557945 0.387832
vt 0.559025 0.387414
vt 0.590447 0.377634
vt 0.589920 0.376924
vt 0.588824 0.375482
vt 0.586858 0.375964
vt 0.586631 0.377863
vt 0.588716 0.378973
vt 0.589847 0.378992
vt 0.590443 0.378396
vt 0.007628 0.664091
vt 0.007955 0.669614
vt 0.002000 0.658701
vt 0.005663 0.661684
vt 0.007386 0.661954
vt 0.007386 0.661954
vt 0.007386 0.661954
vt 0.007386 0.661954
vt 0.007386 0.661954
vt 0.007386 0.661954
vt 0.007386 0.661954
vt 0.007386 0.661954
vt 0.007386 0.661954
vt 0.007386 0.661954
vt 0.007386 0.661954
vt 0.007386 0.661954
vt 0.007386 0.661954
vt 0.007386 0.661954
vt 0.007386 0.661954
vt 0.007386 0.661954
vt 0.007386 0.661954
vt 0.007386 0.661954
vt 0.007386 0.661954
vt 0.007386 0.661954
vt 0.007386 0.661954
vt 0.007386 0.661954
vt 0.007386 0.661954
vt 0.007386 0.661954
vt 0.007386 0.661954
vt 0.007386 0.661954
vt 0.007386 0.661954
vt 0.007386 0.661954
vt 0.007386 0.661954
vt 0.007386 0.661954
vt 0.007386 0.661954
vt 0.007386 0.661954
vt 0.007386 0.661954
vt 0.007386 0.661954
vt 0.007386 0.661954
vt 0.007386 0.661954
vt 0.007386 0.661954
vt 0.007386 0.661954
vt 0.007386 0.661954
vt 0.007386 0.661954
vt 0.007386 0.661954
vt 0.007386 0.661954
vt 0.007386 0.661954
vt 0.007386 0.661954
vt 0.007386 0.661954
vt 0.007386 0.661954
vt 0.007386 0.661954
vt 0.007386 0.661954
vt 0.007386 0.661954
vt 0.007386 0.661954
vt 0.007386 0.661954
vt 0.007386 0.661954
vt 0.007386 0.661954
vt 0.007386 0.661954
vt 0.007386 0.661954
vt 0.007386 0.661954
vt 0.007386 0.661954
vt 0.007386 0.661954
vt 0.007386 0.661954
vt 0.007386 0.661954
vt 0.007386 0.661954
vt 0.007386 0.661954
vt 0.007386 0.661954
vt 0.007386 0.661954
vt 0.007386 0.661954
vt 0.007386 0.661954
vt 0.007386 0.661954
vt 0.007386 0.661954
vt 0.007386 0.661954
vt 0.007386 0.661954
vt 0.007386 0.661954
vt 0.007386 0.661954
vt 0.007386 0.661954
vt 0.007386 0.661954
vt 0.007386 0.661954
vt 0.007386 0.661954
vt 0.007386 0.661954
vt 0.007386 0.661954
vt 0.007386 0.661954
vt 0.007386 0.661954
vt 0.007386 0.661954
vt 0.007386 0.661954
vt 0.007386 0.661954
vt 0.007386 0.661954
vt 0.007386 0.661954
vt 0.007386 0.661954
vt 0.007386 0.661954
vt 0.007386 0.661954
vt 0.007386 0.661954
vt 0.007386 0.661954
vt 0.007386 0.661954
vt 0.007386 0.661954
vt 0.007386 0.661954
vt 0.007386 0.661954
vt 0.007386 0.661954
vt 0.007386 0.661954
vt 0.007386 0.661954
vt 0.007386 0.661954
vt 0.007386 0.661954
vt 0.007386 0.661954
vt 0.007386 0.661954
vt 0.007386 0.661954
vt 0.007386 0.661954
vt 0.007386 0.661954
vt 0.007386 0.661954
vt 0.007386 0.661954
vt 0.007386 0.661954
vt 0.007386 0.661954
vt 0.007386 0.661954
vt 0.007386 0.661954
vt 0.007386 0.661954
vt 0.007386 0.661954
vt 0.007386 0.661954
vt 0.007386 0.661954
vt 0.007386 0.661954
vt 0.007386 0.661954
vt 0.007386 0.661954
vt 0.007386 0.661954
vt 0.007386 0.661954
vt 0.007386 0.661954
vt 0.007386 0.661954
vt 0.007386 0.661954
vt 0.007386 0.661954
vt 0.007386 0.661954
vt 0.007386 0.661954
vt 0.007386 0.661954
vt 0.007386 0.661954
vt 0.007386 0.661954
vt 0.007386 0.661954
vt 0.007386 0.661954
vt 0.007386 0.661954
vt 0.007386 0.661954
vt 0.007386 0.661954
vt 0.007386 0.661954
vt 0.007386 0.661954
vt 0.007386 0.661954
vt 0.007386 0.661954
vt 0.007386 0.661954
vt 0.007386 0.661954
vt 0.007386 0.661954
vt 0.007386 0.661954
vt 0.007386 0.661954
vt 0.007386 0.661954
vt 0.007386 0.661954
vt 0.007386 0.661954
vt 0.007386 0.661954
vt 0.007386 0.661954
vt 0.007386 0.661954
vt 0.007386 0.661954
vt 0.007386 0.661954
vt 0.007386 0.661954
vt 0.007386 0.661954
vt 0.007386 0.661954
vt 0.007386 0.661954
vt 0.007386 0.661954
vt 0.007386 0.661954
vt 0.007386 0.661954
vt 0.007386 0.661954
vt 0.007386 0.661954
vt 0.007386 0.661954
vt 0.007386 0.661954
vt 0.007386 0.661954
vt 0.007386 0.661954
vt 0.007386 0.661954
vt 0.007386 0.661954
vt 0.007386 0.661954
vt 0.007386 0.661954
vt 0.007386 0.661954
vt 0.007386 0.661954
vt 0.007386 0.661954
vt 0.007386 0.661954
vt 0.007386 0.661954
vt 0.007386 0.661954
vt 0.007386 0.661954
vt 0.007386 0.661954
vt 0.007386 0.661954
vt 0.007386 0.661954
vt 0.007386 0.661954
vt 0.007386 0.661954
vt 0.007386 0.661954
vt 0.007386 0.661954
vt 0.007386 0.661954
vt 0.007386 0.661954
vt 0.007386 0.661954
vt 0.007386 0.661954
vt 0.007386 0.661954
vt 0.007386 0.661954
vt 0.007386 0.661954
vt 0.007386 0.661954
vt 0.007386 0.661954
vt 0.007386 0.661954
vt 0.007386 0.661954
vt 0.007386 0.661954
vt 0.007386 0.661954
vt 0.007386 0.661954
vt 0.007386 0.661954
vt 0.007386 0.661954
vt 0.007386 0.661954
vt 0.007386 0.661954
vt 0.007386 0.661954
vt 0.007386 0.661954
vt 0.007386 0.661954
vt 0.007386 0.661954
vt 0.007386 0.661954
vt 0.007386 0.661954
vt 0.007386 0.661954
vt 0.007386 0.661954
vt 0.007386 0.661954
vt 0.007386 0.661954
vt 0.007386 0.661954
vt 0.007386 0.661954
vt 0.007386 0.661954
vt 0.007386 0.661954
vt 0.007386 0.661954
vt 0.007386 0.661954
vt 0.007386 0.661954
vt 0.007386 0.661954
vt 0.007386 0.661954
vt 0.007386 0.661954
vt 0.007386 0.661954
vt 0.007386 0.661954
vt 0.007386 0.661954
vt 0.007386 0.661954
vt 0.007386 0.661954
vt 0.007386 0.661954
vt 0.007386 0.661954
vt 0.007386 0.661954
vt 0.007386 0.661954
vt 0.007386 0.661954
vt 0.007386 0.661954
vt 0.007386 0.661954
vt 0.007386 0.661954
vt 0.007386 0.661954
vt 0.007386 0.661954
vt 0.007386 0.661954
vt 0.007386 0.661954
vt 0.007386 0.661954
vt 0.007386 0.661954
vt 0.007386 0.661954
vt 0.007386 0.661954
vt 0.007386 0.661954
vt 0.007386 0.661954
vt 0.007386 0.661954
vt 0.007386 0.661954
vt 0.007386 0.661954
vt 0.007386 0.661954
vt 0.007386 0.661954
vt 0.007386 0.661954
vt 0.007386 0.661954
vt 0.007386 0.661954
vt 0.007386 0.661954
vt 0.007386 0.661954
vt 0.007386 0.661954
vt 0.007386 0.661954
vt 0.007386 0.661954
vt 0.007386 0.661954
vt 0.007386 0.661954
vt 0.007386 0.661954
vt 0.007386 0.661954
vt 0.007386 0.661954
vt 0.007386 0.661954
vt 0.007386 0.661954
vt 0.007386 0.661954
vt 0.007386 0.661954
vt 0.007386 0.661954
vt 0.007386 0.661954
vt 0.007386 0.661954
vt 0.007386 0.661954
vt 0.007386 0.661954
vt 0.007386 0.661954
vt 0.007386 0.661954
vt 0.007386 0.661954
vt 0.007386 0.661954
vt 0.007386 0.661954
vt 0.007386 0.661954
vt 0.007386 0.661954
vt 0.007386 0.661954
vt 0.007386 0.661954
vt 0.007386 0.661954
vt 0.007386 0.661954
vt 0.007386 0.661954
vt 0.007386 0.661954
vt 0.007386 0.661954
vt 0.007386 0.661954
vt 0.007386 0.661954
vt 0.007386 0.661954
vt 0.007386 0.661954
vt 0.007386 0.661954
vt 0.007386 0.661954
vt 0.007386 0.661954
vt 0.007386 0.661954
vt 0.007386 0.661954
vt 0.007386 0.661954
vt 0.007386 0.661954
vt 0.007386 0.661954
vt 0.007386 0.661954
vt 0.007386 0.661954
vt 0.007386 0.661954
vt 0.007386 0.661954
vt 0.007386 0.661954
vt 0.007386 0.661954
vt 0.007386 0.661954
vt 0.007386 0.661954
vt 0.007386 0.661954
vt 0.007386 0.661954
vt 0.007386 0.661954
vt 0.007386 0.661954
vt 0.007386 0.661954
vt 0.007386 0.661954
vt 0.007386 0.661954
vt 0.007386 0.661954
vt 0.007386 0.661954
vt 0.007386 0.661954
vt 0.007386 0.661954
vt 0.007386 0.661954
vt 0.007386 0.661954
vt 0.007386 0.661954
vt 0.007386 0.661954
vt 0.007386 0.661954
vt 0.007386 0.661954
vt 0.007386 0.661954
vt 0.007386 0.661954
vt 0.007386 0.661954
vt 0.007386 0.661954
vt 0.007386 0.661954
vt 0.007386 0.661954
vt 0.007386 0.661954
vt 0.007386 0.661954
vt 0.007386 0.661954
vt 0.007386 0.661954
vt 0.007386 0.661954
vt 0.007386 0.661954
vt 0.007386 0.661954
vt 0.007386 0.661954
vt 0.007386 0.661954
vt 0.007386 0.661954
vt 0.007386 0.661954
vt 0.007386 0.661954
vt 0.007386 0.661954
vt 0.007386 0.661954
vt 0.007386 0.661954
vt 0.007386 0.661954
vt 0.007386 0.661954
vt 0.007386 0.661954
vt 0.007386 0.661954
vt 0.007386 0.661954
vt 0.007386 0.661954
vt 0.007386 0.661954
vt 0.007386 0.661954
vt 0.007386 0.661954
vt 0.007386 0.661954
vt 0.007386 0.661954
vt 0.007386 0.661954
vt 0.007386 0.661954
vt 0.007386 0.661954
vt 0.007386 0.661954
vt 0.007386 0.661954
vt 0.007386 0.661954
vt 0.007386 0.661954
vt 0.007386 0.661954
vt 0.007386 0.661954
vt 0.007386 0.661954
vt 0.007386 0.661954
vt 0.007386 0.661954
vt 0.007386 0.661954
vt 0.007386 0.661954
vt 0.007386 0.661954
vt 0.007386 0.661954
vt 0.007386 0.661954
vt 0.007386 0.661954
vt 0.007386 0.661954
vt 0.007386 0.661954
vt 0.007386 0.661954
vt 0.007386 0.661954
vt 0.007386 0.661954
vt 0.007386 0.661954
vt 0.007386 0.661954
vt 0.007386 0.661954
vt 0.007386 0.661954
vt 0.007386 0.661954
vt 0.007386 0.661954
vt 0.007386 0.661954
vt 0.007386 0.661954
vt 0.007386 0.661954
vt 0.007386 0.661954
vt 0.007386 0.661954
vt 0.007386 0.661954
vt 0.007386 0.661954
vt 0.007386 0.661954
vt 0.007386 0.661954
vt 0.007386 0.661954
vt 0.007386 0.661954
vt 0.007386 0.661954
vt 0.007386 0.661954
vt 0.007386 0.661954
vt 0.007386 0.661954
vt 0.007386 0.661954
vt 0.007386 0.661954
vt 0.007386 0.661954
vt 0.007386 0.661954
vt 0.007386 0.661954
vt 0.007386 0.661954
vt 0.007386 0.661954
vt 0.007386 0.661954
vt 0.007386 0.661954
vt 0.007386 0.661954
vt 0.007386 0.661954
vt 0.007386 0.661954
vt 0.007386 0.661954
vt 0.007386 0.661954
vt 0.007386 0.661954
vt 0.007386 0.661954
vt 0.007386 0.661954
vt 0.007386 0.661954
vt 0.007386 0.661954
vt 0.007386 0.661954
vt 0.007386 0.661954
vt 0.007386 0.661954
vt 0.007386 0.661954
vt 0.007386 0.661954
vt 0.007386 0.661954
vt 0.007386 0.661954
vt 0.007386 0.661954
vt 0.007386 0.661954
vt 0.007386 0.661954
vt 0.007386 0.661954
vt 0.007386 0.661954
vt 0.007386 0.661954
vt 0.007386 0.661954
vt 0.007386 0.661954
vt 0.007386 0.661954
vt 0.007386 0.661954
vt 0.007386 0.661954
vt 0.007386 0.661954
vt 0.007386 0.661954
vt 0.007386 0.661954
vt 0.007386 0.661954
vt 0.007386 0.661954
vt 0.007386 0.661954
vt 0.007386 0.661954
vt 0.007386 0.661954
vt 0.007386 0.661954
vt 0.007386 0.661954
vt 0.007386 0.661954
vt 0.007386 0.661954
vt 0.007386 0.661954
vt 0.007386 0.661954
vt 0.007386 0.661954
vt 0.007386 0.661954
vt 0.007386 0.661954
vt 0.007386 0.661954
vt 0.007386 0.661954
vt 0.007384 0.661958
vt 0.007298 0.662228
vt 0.007102 0.661815
vt 0.007382 0.661951
vt 0.007386 0.661954
vt 0.007386 0.661955
vt 0.007385 0.661954
vt 0.007386 0.661954
vt 0.007387 0.661953
vt 0.007387 0.661954
vt 0.007386 0.661954
vt 0.007386 0.661954
vt 0.007464 0.661734
vt 0.007642 0.661918
vt 0.007394 0.661954
vt 0.007388 0.661947
vt 0.007260 0.662303
vt 0.006964 0.662530
vt 0.006657 0.661901
vt 0.007000 0.661837
vt 0.007476 0.661431
vt 0.008122 0.662281
vt 0.007775 0.661990
vt 0.007482 0.661580
vt 0.013219 0.652794
vt 0.019024 0.663534
vt 0.009853 0.663517
vt 0.008939 0.660397
vn 0.243673 -0.571696 -0.783446
vn 0.256678 -0.206845 -0.944104
vn 0.569367 -0.197103 -0.798105
vn 0.503083 -0.563237 -0.655493
vn 0.736368 -0.170481 -0.654750
vn 0.676823 -0.523676 -0.517372
vn 0.625932 -0.656238 -0.421380
vn 0.488241 -0.691870 -0.531917
vn 0.246790 -0.693374 -0.676998
vn 0.809767 -0.561019 -0.171857
vn 0.754553 -0.588524 -0.290326
vn 0.694025 -0.681400 -0.232430
vn 0.771635 -0.620687 -0.139022
vn 0.624147 -0.767989 -0.143642
vn 0.739482 -0.666051 -0.097687
vn 0.929579 -0.364972 -0.051757
vn 0.916530 -0.399374 0.021747
vn 0.927668 -0.368203 0.062118
vn 0.732192 -0.133197 0.667947
vn 0.682362 -0.033143 0.730263
vn 0.573194 -0.028886 0.818910
vn 0.624112 -0.128819 0.770643
vn 0.259047 -0.006904 0.965840
vn 0.291909 -0.115131 0.949491
vn 0.297469 -0.156327 0.941846
vn 0.640759 -0.164937 0.749816
vn 0.771208 -0.174306 0.612255
vn -0.967798 -0.219796 0.122709
vn -0.993626 -0.021569 0.110640
vn -0.997443 -0.038560 0.060173
vn -0.972408 -0.229496 0.041895
vn -0.996253 -0.070982 -0.049407
vn -0.948758 -0.303345 -0.088544
vn -0.891039 -0.442305 -0.102058
vn -0.921515 -0.387496 0.025621
vn -0.916028 -0.382476 0.120850
vn 0.013867 0.996658 -0.080508
vn 0.014232 0.996674 -0.080238
vn 0.015213 0.995526 -0.093254
vn 0.015678 0.995428 -0.094224
vn 0.016861 0.994239 -0.105850
vn 0.017980 0.994250 -0.105559
vn 0.017195 0.994388 -0.104384
vn 0.014800 0.995416 -0.094485
vn 0.012137 0.996734 -0.079833
vn 0.441840 -0.527396 -0.725693
vn 0.174483 -0.631869 -0.755180
vn 0.254433 -0.720820 -0.644735
vn 0.466924 -0.702775 -0.536739
vn 0.242329 -0.900115 -0.362036
vn 0.404903 -0.865192 -0.295798
vn 0.496895 -0.835173 -0.235759
vn 0.578909 -0.702409 -0.414110
vn 0.618923 -0.566348 -0.544228
vn 0.205423 -0.970929 -0.122877
vn 0.220508 -0.940653 -0.257970
vn 0.374528 -0.891468 -0.254977
vn 0.353938 -0.925952 -0.131689
vn 0.556202 -0.782682 -0.279372
vn 0.475590 -0.868268 -0.141158
vn 0.419903 -0.901537 -0.104465
vn 0.313019 -0.946010 -0.084173
vn 0.175527 -0.982869 -0.056204
vn 0.844905 -0.393570 -0.362269
vn 0.904701 -0.130955 -0.405422
vn 0.931374 -0.153930 -0.329921
vn 0.844651 -0.465036 -0.265153
vn 0.944107 -0.202442 -0.260153
vn 0.824330 -0.526826 -0.207208
vn 0.718728 -0.673654 -0.172105
vn 0.741651 -0.632343 -0.223823
vn 0.712679 -0.625793 -0.316973
vn 0.053501 0.965284 -0.255664
vn 0.036089 0.970755 -0.237343
vn 0.045493 0.967932 -0.247057
vn 0.078882 0.958609 -0.273582
vn 0.023968 0.968515 -0.247798
vn 0.042393 0.958911 -0.280523
vn 0.059749 0.960519 -0.271722
vn 0.098135 0.961549 -0.256502
vn 0.061318 0.967660 -0.244693
vn -0.859583 -0.430644 -0.275069
vn -0.940023 -0.135155 -0.313193
vn -0.902031 -0.157390 -0.401956
vn -0.828303 -0.449707 -0.334183
vn -0.842438 -0.172576 -0.510408
vn -0.772639 -0.413435 -0.481769
vn -0.656196 -0.608273 -0.446555
vn -0.742796 -0.607147 -0.282182
vn -0.764369 -0.599844 -0.236492
vn 0.977238 -0.015843 0.211555
vn 0.974132 0.024548 0.224641
vn 0.994585 0.023138 0.101316
vn 0.994189 -0.029803 0.103442
vn 0.997863 0.023292 -0.061048
vn 0.997512 -0.041220 -0.057184
vn 0.956177 -0.291014 -0.032185
vn 0.959134 -0.257172 0.118003
vn 0.946177 -0.235582 0.221925
vn 0.505535 0.138722 0.851581
vn 0.613462 0.122084 0.780231
vn 0.598483 0.149979 0.786972
vn 0.490360 0.162669 0.856204
vn 0.583850 0.223465 0.780502
vn 0.482291 0.237967 0.843070
vn 0.191843 0.261185 0.946033
vn 0.196404 0.192026 0.961536
vn 0.209328 0.170735 0.962825
vn -0.991658 -0.026505 0.126142
vn -0.963106 -0.232690 0.135214
vn -0.964662 -0.251791 0.077638
vn -0.997052 -0.036762 0.067343
vn -0.958421 -0.285170 -0.010355
vn -0.998593 -0.045065 -0.027939
vn -0.999427 0.017083 -0.029204
vn -0.997670 0.013542 0.066872
vn -0.992453 0.016874 0.121461
vn -0.893357 0.150411 -0.423427
vn -0.937289 0.086722 -0.337593
vn -0.950553 -0.079806 -0.300134
vn -0.929972 -0.077195 -0.359434
vn -0.822624 -0.554237 -0.126925
vn -0.763135 -0.631549 -0.137009
vn -0.712384 -0.679516 -0.175405
vn -0.865275 -0.044298 -0.499336
vn -0.804440 0.219754 -0.551892
vn 0.576962 0.306460 -0.757098
vn 0.266677 0.401490 -0.876179
vn 0.310188 -0.094431 -0.945974
vn 0.645753 -0.061088 -0.761099
vn 0.154876 -0.885457 -0.438154
vn 0.440850 -0.767425 -0.465521
vn 0.605339 -0.690909 -0.395234
vn 0.748884 -0.077309 -0.658176
vn 0.693847 0.253212 -0.674137
vn 0.960550 -0.074621 -0.267911
vn 0.949577 0.085243 -0.301725
vn 0.919511 0.135843 -0.368845
vn 0.944468 -0.074429 -0.320062
vn 0.873236 0.180247 -0.452736
vn 0.908976 -0.071152 -0.410731
vn 0.714014 -0.677551 -0.176376
vn 0.763661 -0.633026 -0.126888
vn 0.828586 -0.549088 -0.109304
vn 0.990950 -0.109000 0.078336
vn 0.987584 -0.133516 0.082774
vn 0.987575 -0.152473 0.038052
vn 0.988577 -0.131122 0.074309
vn 0.987102 -0.152816 0.047711
vn 0.977229 -0.203216 0.061042
vn 0.966304 -0.239966 0.093131
vn 0.982141 -0.149577 0.114132
vn 0.990751 -0.123007 0.057284
vn -0.978666 -0.196103 0.061287
vn -0.993066 -0.113689 0.029911
vn -0.996155 -0.079636 -0.036510
vn -0.991750 -0.127766 -0.010339
vn -0.994119 -0.083987 -0.068372
vn -0.990763 -0.105747 -0.084892
vn -0.988991 -0.120712 -0.085589
vn -0.986923 -0.158905 0.027076
vn -0.966915 -0.235566 0.097896
vn -0.998940 0.016779 -0.042874
vn -0.998885 0.009628 -0.046214
vn -0.999764 0.014543 -0.016126
vn -0.999243 0.037393 -0.010750
vn -0.999101 0.024085 0.034898
vn -0.998158 0.046150 0.039382
vn -0.992096 0.118418 0.041507
vn -0.993213 0.116052 -0.007726
vn -0.991821 0.120929 -0.040837
vn -0.002477 0.999806 0.019545
vn -0.002503 0.999810 0.019335
vn -0.004078 0.999439 0.033255
vn -0.004075 0.999430 0.033527
vn -0.004496 0.999245 0.038590
vn -0.004565 0.999232 0.038925
vn -0.004894 0.999226 0.039036
vn -0.004173 0.999427 0.033580
vn -0.002481 0.999804 0.019653
vn 0.994152 -0.042195 0.099403
vn 0.986379 0.113682 0.118882
vn 0.980537 0.115334 0.158886
vn 0.988965 0.011118 0.147735
vn 0.967294 0.124132 0.221211
vn 0.974813 0.041990 0.219034
vn 0.983178 -0.046668 0.176589
vn 0.986990 -0.127306 0.098206
vn 0.980570 -0.182757 0.071290
vn 0.715367 -0.687385 -0.125505
vn 0.752072 -0.650152 -0.108120
vn 0.753593 -0.655620 -0.047545
vn 0.719808 -0.690819 -0.068156
vn 0.752730 -0.658322 0.003038
vn 0.723108 -0.690657 -0.010366
vn 0.684182 -0.728812 -0.026992
vn 0.684002 -0.724042 -0.088905
vn 0.681837 -0.717934 -0.140248
vn -0.991098 -0.131636 -0.019907
vn -0.970715 -0.240229 0.001630
vn -0.970081 -0.242367 0.014205
vn -0.987469 -0.157811 0.001019
vn -0.976594 -0.213270 0.027928
vn -0.980911 -0.194027 0.012950
vn -0.988147 -0.153000 -0.012499
vn -0.996202 -0.086877 0.005914
vn -0.996669 -0.076222 -0.029017
vn -0.999382 -0.029284 -0.019420
vn -0.967301 -0.242681 -0.073718
vn -0.970048 -0.227217 -0.085900
vn -0.999717 -0.023777 0.001220
vn -0.972597 -0.222854 -0.066271
vn -0.999544 -0.023653 0.018752
vn -0.998486 0.034774 0.042617
vn -0.999200 0.033148 0.022388
vn -0.999522 0.030027 -0.007346
vn -0.042573 0.975213 0.217132
vn -0.032415 0.973901 0.224647
vn -0.051207 0.936415 0.347138
vn -0.058460 0.933147 0.354710
vn -0.055169 0.928408 0.367443
vn -0.049719 0.928388 0.368271
vn -0.041464 0.927306 0.372002
vn -0.050449 0.927483 0.370445
vn -0.037493 0.972039 0.231806
vn 0.990650 -0.065050 0.119922
vn 0.982317 -0.131327 0.133442
vn 0.985456 -0.070033 0.154827
vn 0.988640 -0.024493 0.148294
vn 0.984097 -0.036418 0.173856
vn 0.986442 -0.024487 0.162272
vn 0.972106 -0.219397 0.082913
vn 0.971853 -0.225950 0.066692
vn 0.964495 -0.258216 0.055444
vn 0.971509 -0.236998 0.001511
vn 0.966775 -0.253720 -0.031175
vn 0.953104 -0.302629 0.002857
vn 0.955930 -0.291337 0.036349
vn 0.919239 -0.389520 -0.057216
vn 0.941595 -0.335385 0.030262
vn 0.944749 -0.317687 0.080771
vn 0.958880 -0.269762 0.088186
vn 0.974911 -0.213433 0.063201
vn -0.985670 -0.160197 -0.052828
vn -0.988279 -0.133087 -0.074780
vn -0.989754 -0.096982 -0.104794
vn -0.999105 0.027108 -0.032477
vn -0.998340 -0.042872 -0.038467
vn -0.998697 0.026893 -0.043367
vn -0.994372 -0.094968 -0.046956
vn -0.972656 -0.226833 -0.049870
vn -0.967784 -0.245484 -0.055958
vn -0.014896 0.995680 0.091647
vn -0.017377 0.995413 0.094083
vn -0.005120 0.999253 0.038313
vn -0.005165 0.999247 0.038467
vn -0.005194 0.999242 0.038581
vn -0.013420 0.995290 0.096013
vn 0.955052 -0.292161 0.050178
vn 0.984103 -0.156141 0.084623
vn 0.954693 -0.293616 0.048490
vn 0.971906 -0.229511 0.052182
vn 0.972942 -0.219637 0.071716
vn 0.976222 -0.186602 0.110317
vn 0.989088 -0.140490 0.044358
vn 0.986210 -0.165479 -0.002589
vn 0.979286 -0.194999 -0.054529
vn -0.939759 -0.273922 0.204500
vn -0.958754 -0.141682 0.246407
vn -0.983819 -0.139009 0.113035
vn -0.959095 -0.257744 0.117066
vn -0.942963 -0.307414 0.127739
vn -0.927450 -0.326435 0.182417
vn -0.991745 0.035771 0.123136
vn -0.990470 0.056402 0.125652
vn -0.955341 0.051739 0.290943
vn -0.952473 0.071397 0.296137
vn -0.944656 0.140696 0.296360
vn -0.983608 0.127646 0.127365
vn -0.003695 0.999365 0.035451
vn -0.003702 0.999348 0.035922
vn -0.003004 0.999065 0.043129
vn -0.001864 0.998970 0.045339
vn -0.003741 0.998945 0.045778
vn -0.004449 0.999343 0.035975
vn 0.939244 0.141596 0.312683
vn 0.947904 0.059244 0.313000
vn 0.878359 0.164466 0.448816
vn 0.888527 0.076465 0.452407
vn 0.893269 0.047278 0.447030
vn 0.954152 0.018126 0.298774
vn 0.960880 -0.136726 0.240863
vn 0.944223 -0.239217 0.226315
vn 0.906895 -0.120202 0.403848
vn 0.902437 -0.233906 0.361794
vn 0.898832 -0.280244 0.336993
vn 0.929967 -0.286282 0.230662
vn -0.879155 -0.232099 0.416193
vn -0.850741 -0.110625 0.513812
vn -0.897452 -0.120653 0.424291
vn -0.905485 -0.249728 0.343122
vn -0.908218 -0.296338 0.295506
vn -0.892543 -0.273814 0.358319
vn -0.859853 0.076253 0.504815
vn -0.850741 0.097643 0.516435
vn -0.787997 0.091280 0.608875
vn -0.773644 0.112722 0.623514
vn -0.753564 0.192727 0.628488
vn -0.840071 0.168653 0.515594
vn -0.000444 0.998409 0.056391
vn 0.003353 0.998130 0.061037
vn 0.003413 0.997450 0.071281
vn 0.012814 0.997020 0.076073
vn 0.011195 0.996795 0.079216
vn 0.001315 0.997946 0.064050
vn 0.774355 0.189463 0.603720
vn 0.788347 0.101702 0.606766
vn 0.705483 0.202230 0.679261
vn 0.725404 0.114620 0.678714
vn 0.740558 0.089853 0.665958
vn 0.799459 0.072661 0.596310
vn 0.844743 -0.095073 0.526660
vn 0.865016 -0.203640 0.458561
vn 0.806915 -0.085080 0.584508
vn 0.842375 -0.186573 0.505563
vn 0.859569 -0.222032 0.460264
vn 0.874803 -0.242936 0.419168
vn 0.764519 -0.606424 -0.218542
vn 0.941114 -0.255517 -0.221395
vn 0.941464 -0.303968 -0.145769
vn 0.745678 -0.649372 -0.149266
vn 0.604075 -0.782299 -0.151993
vn 0.625324 -0.751517 -0.210220
vn 0.212713 -0.938384 -0.272376
vn 0.187894 -0.952005 -0.241624
vn 0.320551 -0.921052 -0.221158
vn 0.351131 -0.907669 -0.229879
vn 0.393594 -0.894422 -0.212353
vn 0.426777 -0.880757 -0.205254
vn -0.985113 -0.090516 -0.146151
vn -0.917591 -0.346032 -0.195677
vn -0.966754 -0.105045 -0.233135
vn -0.888342 -0.377479 -0.261454
vn -0.783237 -0.557095 -0.276017
vn -0.831296 -0.511829 -0.216746
vn -0.974938 -0.069316 -0.211404
vn -0.973243 0.035380 -0.227040
vn -0.990766 0.025704 -0.133123
vn -0.990592 -0.054098 -0.125698
vn -0.936267 -0.339116 -0.091681
vn -0.898338 -0.414841 -0.144553
vn 0.025471 0.988740 -0.147460
vn 0.023288 0.988750 -0.147752
vn 0.019655 0.993340 -0.113532
vn 0.021349 0.993111 -0.115220
vn 0.019766 0.993027 -0.116220
vn 0.022560 0.988981 -0.146314
vn 0.986398 0.030488 -0.161520
vn 0.973618 0.040527 -0.224555
vn 0.975686 -0.055933 -0.211915
vn 0.986947 -0.046216 -0.154273
vn 0.901123 -0.407205 -0.148866
vn 0.933906 -0.338157 -0.116062
vn 0.172957 -0.974808 -0.140835
vn 0.309332 -0.940060 -0.143530
vn 0.396166 -0.906085 -0.148533
vn -0.950272 -0.120215 -0.287282
vn -0.863861 -0.416001 -0.284055
vn -0.760584 -0.589227 -0.272623
vn -0.953515 0.053229 -0.296609
vn -0.958978 -0.079436 -0.272123
vn -0.857518 -0.490915 -0.153835
vn 0.027610 0.979171 -0.201152
vn 0.029471 0.979076 -0.201349
vn 0.021805 0.979703 -0.199266
vn 0.961453 0.056644 -0.269070
vn 0.966339 -0.066145 -0.248625
vn 0.864623 -0.481787 -0.142509
vn 0.941086 -0.234753 -0.243409
vn 0.791816 -0.573805 -0.209224
vn 0.669317 -0.720122 -0.182864
vn -0.513641 -0.842471 -0.162529
vn -0.464723 -0.790263 -0.399395
vn -0.306541 -0.880889 -0.360649
vn -0.363905 -0.916445 -0.166438
vn -0.087422 -0.945689 -0.313098
vn -0.124911 -0.981831 -0.142849
vn -0.131086 -0.988440 -0.076181
vn -0.382848 -0.914391 -0.131596
vn -0.517026 -0.838914 -0.170022
vn -0.478600 -0.523500 -0.704904
vn -0.520211 -0.214974 -0.826539
vn -0.344113 -0.203950 -0.916510
vn -0.314502 -0.520247 -0.793997
vn -0.097748 -0.197290 -0.975460
vn -0.095810 -0.532139 -0.841218
vn -0.107781 -0.644806 -0.756709
vn -0.320872 -0.643343 -0.695090
vn -0.457730 -0.638802 -0.618397
vn -0.100989 -0.107938 -0.989015
vn -0.091032 0.443252 -0.891763
vn -0.336009 0.403444 -0.851077
vn -0.398798 -0.073522 -0.914087
vn -0.475874 0.362614 -0.801283
vn -0.549350 -0.097717 -0.829859
vn -0.357839 -0.860673 -0.362206
vn -0.184964 -0.912075 -0.365935
vn -0.032371 -0.935739 -0.351204
vn 0.006837 0.955038 -0.296405
vn 0.024390 0.965295 -0.260019
vn 0.013217 0.966799 -0.255197
vn -0.014832 0.957838 -0.286927
vn 0.018076 0.969868 -0.242961
vn -0.001133 0.964269 -0.264924
vn -0.020960 0.964978 -0.261492
vn -0.044167 0.957864 -0.283806
vn -0.018506 0.953020 -0.302341
vn 0.024804 0.978219 -0.206090
vn 0.024423 0.977637 -0.208875
vn 0.027121 0.977365 -0.209817
vn 0.020684 0.988136 -0.152180
vn 0.021840 0.988176 -0.151764
vn 0.022228 0.988216 -0.151446
vn 0.017971 0.993497 -0.112432
vn 0.016954 0.993614 -0.111549
vn 0.014623 0.993683 -0.111264
vn 0.009877 0.995570 -0.093507
vn 0.012287 0.995269 -0.096382
vn 0.014570 0.994867 -0.100141
vn 0.000559 0.997586 -0.069443
vn 0.005690 0.997237 -0.074066
vn 0.010103 0.995982 -0.088979
vn 0.005987 0.996558 -0.082677
vn 0.003602 0.996985 -0.077509
vn -0.001906 0.997828 -0.065841
vn -0.031660 0.971997 0.232853
vn -0.022665 0.973313 0.228360
vn -0.039103 0.928211 0.369993
vn -0.048204 0.928657 0.367795
vn -0.041099 0.921912 0.385212
vn -0.047565 0.919224 0.390852
vn -0.046394 0.917961 0.393949
vn -0.046472 0.927750 0.370298
vn -0.030039 0.971625 0.234611
vn -0.010344 0.995347 0.095797
vn -0.013331 0.995146 0.097502
vn -0.012505 0.995101 0.098073
vn -0.004756 0.999274 0.037801
vn -0.005087 0.999270 0.037867
vn -0.005102 0.999265 0.038000
vn -0.003468 0.999486 0.031866
vn -0.002376 0.999819 0.018871
vn -0.002199 0.999822 0.018755
vn -0.002700 0.999525 0.030691
vn -0.001947 0.999823 0.018716
vn -0.001997 0.999560 0.029580
vn 0.002049 0.999544 0.030137
vn 0.000517 0.999451 0.033117
vn -0.002229 0.999341 0.036224
vn 0.001414 0.999467 0.032614
vn 0.007641 0.999566 0.028438
vn 0.010513 0.999646 0.024429
vn 0.016690 0.999181 0.036865
vn 0.011751 0.999179 0.038775
vn 0.002926 0.999167 0.040711
vn -0.000840 0.998478 0.055145
vn 0.006908 0.998353 0.056960
vn 0.014358 0.998157 0.058966
vn 0.002199 0.997009 0.077261
vn -0.006860 0.997207 0.074377
vn -0.007679 0.997487 0.070440
vn -0.507033 0.135715 0.851175
vn -0.275583 0.166167 0.946807
vn -0.253724 0.189010 0.948630
vn -0.482715 0.163586 0.860364
vn -0.244759 0.260913 0.933819
vn -0.470624 0.247468 0.846920
vn -0.574447 0.235565 0.783913
vn -0.593422 0.151401 0.790524
vn -0.614664 0.119315 0.779713
vn -0.408150 -0.123002 0.904591
vn -0.359212 -0.014073 0.933150
vn -0.608752 -0.047182 0.791956
vn -0.675983 -0.155067 0.720418
vn -0.705768 -0.058264 0.706043
vn -0.766110 -0.170582 0.619659
vn -0.809865 -0.215428 0.545627
vn -0.704795 -0.191285 0.683135
vn -0.420486 -0.163418 0.892461
vn -0.893812 -0.447650 -0.026639
vn -0.932414 -0.359908 -0.032734
vn -0.951852 -0.292536 -0.091651
vn -0.917141 -0.393352 -0.064244
vn -0.974394 -0.221041 -0.041189
vn -0.943892 -0.321206 -0.076775
vn -0.907580 -0.413458 -0.073146
vn -0.867729 -0.494569 -0.049473
vn -0.820291 -0.571693 -0.017019
vn -0.802328 -0.586713 -0.109719
vn -0.887974 -0.449765 0.095985
vn -0.855872 -0.515742 -0.038656
vn -0.703802 -0.680723 -0.203172
vn -0.709915 -0.670077 -0.216835
vn -0.553206 -0.786013 -0.275948
vn -0.145810 -0.920860 -0.361603
vn -0.222455 -0.834298 -0.504441
vn -0.091689 -0.724299 -0.683362
vn -0.542226 -0.785421 -0.298504
vn -0.484887 -0.826026 -0.287342
vn -0.364284 -0.884484 -0.291523
vn -0.410850 -0.854225 -0.318595
vn -0.088866 -0.955426 -0.281538
vn -0.095873 -0.941464 -0.323192
vn -0.498758 -0.834331 -0.234801
vn -0.364915 -0.905851 -0.215107
vn -0.102844 -0.979612 -0.172578
vn 0.055267 -0.997151 -0.051328
vn 0.065363 -0.986761 -0.148426
vn 0.079076 -0.961965 -0.261479
vn 0.085559 -0.956763 -0.278000
vn 0.066499 -0.990196 -0.122838
vn 0.050708 -0.198352 -0.978818
vn 0.063155 -0.545227 -0.835906
vn 0.065676 -0.661346 -0.747200
vn 0.052052 0.439779 -0.896596
vn 0.054088 -0.121490 -0.991118
vn 0.015335 -0.932808 -0.360047
vn 0.025632 0.971498 -0.235657
vn 0.022210 0.967778 -0.250822
vn 0.016296 0.968967 -0.246653
vn 0.025545 0.978813 -0.203156
vn 0.021782 0.988468 -0.149859
vn 0.018026 0.993449 -0.112846
vn 0.015946 0.994579 -0.102749
vn 0.009762 0.996934 -0.077636
vn 0.013202 0.995580 -0.092988
vn -0.021662 0.972404 0.232294
vn -0.036831 0.926071 0.375549
vn -0.037804 0.924897 0.378333
vn -0.009862 0.995651 0.092640
vn -0.005092 0.999259 0.038154
vn -0.002481 0.999815 0.019082
vn -0.003947 0.999456 0.032733
vn -0.003999 0.999274 0.037901
vn -0.002672 0.999394 0.034710
vn -0.002498 0.999120 0.041879
vn -0.003165 0.998537 0.053978
vn -0.004184 0.997578 0.069429
vn -0.062713 0.180777 0.981523
vn -0.059434 0.199810 0.978031
vn -0.057501 0.264976 0.962539
vn -0.071636 -0.001495 0.997430
vn -0.072636 -0.113294 0.990903
vn -0.071187 -0.155650 0.985244
vn 0.078333 -0.683722 -0.725527
vn 0.097191 -0.772986 -0.626935
vn 0.092411 -0.921445 -0.377358
vn 0.090664 -0.949512 -0.300344
vn 0.977493 -0.015310 0.210412
vn 0.968181 -0.123839 0.217463
vn 0.987004 -0.126083 0.099634
vn 0.995548 -0.014771 0.093092
vn 0.989761 -0.128893 -0.061310
vn 0.997421 -0.016484 -0.069860
vn 0.992730 0.093068 -0.076330
vn 0.991651 0.093469 0.088837
vn 0.975206 0.092941 0.200837
vn 0.929421 -0.125750 -0.346935
vn 0.906074 -0.127853 -0.403341
vn 0.904657 -0.046753 -0.423568
vn 0.929857 -0.031488 -0.366570
vn 0.892782 0.062783 -0.446092
vn 0.922063 0.072757 -0.380140
vn 0.945120 0.081472 -0.316402
vn 0.954990 -0.026870 -0.295419
vn 0.954066 -0.129760 -0.270039
vn 0.626090 -0.310768 -0.715147
vn 0.288152 -0.448337 -0.846146
vn 0.308815 -0.279495 -0.909129
vn 0.632933 -0.171573 -0.754956
vn 0.331641 -0.100239 -0.938065
vn 0.655299 -0.019444 -0.755119
vn 0.766979 0.018617 -0.641402
vn 0.764073 -0.094506 -0.638170
vn 0.747746 -0.228119 -0.623569
vn 0.982681 -0.126708 0.135216
vn 0.988520 -0.126637 0.082412
vn 0.995610 -0.039056 0.085065
vn 0.988590 -0.056292 0.139715
vn 0.995337 0.034193 0.090195
vn 0.989807 0.004898 0.142333
vn 0.975398 0.000000 0.220452
vn 0.974317 -0.060701 0.216846
vn 0.969005 -0.130793 0.209576
vn 0.994294 -0.022162 0.104345
vn 0.988725 -0.127045 0.079260
vn 0.986792 -0.125091 0.102922
vn 0.989233 -0.016752 0.145388
vn 0.984857 -0.125593 0.119511
vn 0.985648 -0.010484 0.168490
vn 0.973507 0.094514 0.208212
vn 0.976891 0.094605 0.191660
vn 0.985990 0.094674 0.137331
vn 0.989449 -0.128299 0.067313
vn 0.996685 -0.027114 0.076702
vn 0.993200 0.077369 0.086989
vn 0.945142 -0.136095 0.296960
vn 0.949643 -0.063471 0.306839
vn 0.950215 -0.000000 0.311595
vn 0.892445 0.000000 0.451156
vn 0.931024 -0.068283 0.358512
vn 0.926887 -0.139178 0.348582
vn 0.488040 -0.184351 0.853131
vn 0.681043 -0.170346 0.712153
vn 0.682042 -0.081141 0.726798
vn 0.487404 -0.086855 0.868846
vn 0.681658 0.000000 0.731671
vn 0.489850 0.000000 0.871807
vn 0.342039 0.000000 0.939686
vn 0.340875 -0.087333 0.936043
vn 0.336123 -0.189969 0.922461
vn 0.793661 -0.159150 0.587174
vn 0.839407 -0.152962 0.521535
vn 0.842122 -0.067899 0.534995
vn 0.795636 -0.074902 0.601126
vn 0.794848 0.000000 0.606808
vn 0.979736 -0.132685 -0.150039
vn 0.969044 -0.137951 -0.204754
vn 0.974839 -0.024414 -0.221570
vn 0.986533 -0.020706 -0.162246
vn 0.968291 0.088013 -0.233810
vn 0.980945 0.091274 -0.171514
vn 0.960604 -0.138707 -0.240834
vn 0.964249 -0.027298 -0.263589
vn 0.955849 0.084601 -0.281418
vn -0.902680 -0.136347 -0.408141
vn -0.942767 -0.139740 -0.302760
vn -0.942480 -0.031818 -0.332744
vn -0.902288 -0.036268 -0.429606
vn -0.930783 0.081762 -0.356311
vn -0.894651 0.074720 -0.440474
vn -0.838829 0.064401 -0.540572
vn -0.856021 -0.054155 -0.514097
vn -0.860435 -0.139689 -0.490040
vn -0.406446 -0.319511 -0.855987
vn -0.572192 -0.238009 -0.784823
vn -0.583439 -0.106603 -0.805130
vn -0.414439 -0.183886 -0.891306
vn -0.584620 0.015724 -0.811155
vn -0.435347 -0.026973 -0.899859
vn -0.156712 -0.103064 -0.982252
vn -0.141701 -0.280887 -0.949223
vn -0.128547 -0.439327 -0.889082
vn -0.952715 -0.150263 -0.264112
vn -0.967298 -0.147438 -0.206391
vn -0.973606 -0.031988 -0.225981
vn -0.955943 -0.034667 -0.291500
vn -0.967604 0.081022 -0.239119
vn -0.946811 0.080539 -0.311547
vn -0.982935 -0.136346 -0.123487
vn -0.991323 -0.127898 -0.030355
vn -0.999071 -0.017120 -0.039556
vn -0.990365 -0.024304 -0.136331
vn -0.994646 0.092608 -0.045853
vn -0.985522 0.087177 -0.145419
vn -0.991717 -0.013899 0.127685
vn -0.988185 0.093684 0.121303
vn -0.994018 0.094044 0.055532
vn -0.998052 -0.013754 0.060845
vn -0.990039 -0.123360 0.067859
vn -0.983643 -0.121150 0.133299
vn -0.999513 -0.019849 -0.024097
vn -0.995478 0.094659 0.007987
vn -0.994429 0.094634 0.046421
vn -0.999891 -0.014575 -0.002285
vn -0.993183 0.094583 0.068131
vn -0.999702 -0.007143 0.023345
vn -0.992061 -0.121901 -0.030895
vn -0.991477 -0.122389 -0.044666
vn -0.991291 -0.123126 -0.046705
vn -0.991314 -0.123520 -0.045166
vn -0.991511 -0.123215 -0.041531
vn -0.998729 -0.031237 -0.039549
vn -0.999113 -0.021260 -0.036359
vn -0.998137 0.047452 -0.038343
vn -0.996262 0.082451 -0.025775
vn -0.992127 -0.123838 -0.018663
vn -0.991511 -0.126019 0.032010
vn -0.997581 -0.058750 0.037154
vn -0.998529 -0.051636 -0.016547
vn -0.999206 -0.000000 0.039854
vn -0.999757 0.014679 -0.016464
vn -0.984843 -0.130274 0.114515
vn -0.948705 -0.142366 0.282295
vn -0.953304 -0.066046 0.294703
vn -0.990571 -0.060722 0.122811
vn -0.954766 -0.000001 0.297359
vn -0.992040 -0.000000 0.125928
vn -0.851020 -0.159098 0.500452
vn -0.779135 -0.166611 0.604310
vn -0.781576 -0.081793 0.618425
vn -0.854171 -0.074538 0.514623
vn -0.778493 -0.000001 0.627654
vn -0.854445 -0.000002 0.519541
vn -0.481211 -0.189785 0.855814
vn -0.247522 -0.196208 0.948807
vn -0.249946 -0.091374 0.963939
vn -0.482946 -0.089575 0.871057
vn -0.251476 0.000000 0.967864
vn -0.484907 0.000000 0.874565
vn -0.598646 0.000000 0.801014
vn -0.599899 -0.083665 0.795690
vn -0.595904 -0.182288 0.782093
vn 0.046145 -0.481964 -0.874975
vn 0.050400 -0.315910 -0.947450
vn 0.052951 -0.130952 -0.989974
vn -0.057309 -0.197470 0.978632
vn 0.049563 -0.196036 0.979343
vn 0.050473 -0.091609 0.994515
vn -0.057749 -0.091872 0.994095
vn 0.050806 0.000000 0.998709
vn -0.057962 0.000000 0.998319
vn 0.561564 -0.805981 0.187191
vn 0.418971 -0.893196 0.163291
vn 0.404218 -0.906069 0.125088
vn 0.568841 -0.812181 0.129548
vn 0.372509 -0.925293 0.071210
vn 0.557922 -0.828581 0.046657
vn 0.677043 -0.735386 0.028651
vn 0.676282 -0.725178 0.129458
vn 0.665737 -0.718148 0.202625
vn 0.205741 0.977900 -0.037180
vn 0.756244 0.645174 0.108841
vn 0.763765 0.645472 0.005317
vn 0.223136 0.972306 -0.069502
vn 0.757059 0.641574 -0.123465
vn 0.228489 0.966438 -0.117432
vn 0.297637 -0.939771 0.168058
vn 0.176377 -0.976744 0.121911
vn 0.430383 -0.900280 -0.065318
vn 0.554514 -0.831870 0.022495
vn 0.509226 -0.833355 -0.214962
vn 0.692119 -0.717924 -0.074545
vn 0.713305 -0.699844 -0.037594
vn 0.567011 -0.822585 0.043040
vn 0.304768 -0.940641 0.149367
vn 0.196316 0.935784 -0.292863
vn 0.171514 0.928636 -0.328966
vn 0.658120 0.655403 -0.370573
vn 0.582504 0.693133 -0.424564
vn 0.482300 0.729933 -0.484339
vn 0.215476 0.918926 -0.330372
vn 0.113255 -0.993048 0.032075
vn 0.048769 -0.998605 -0.020228
vn 0.117735 -0.960276 -0.252998
vn 0.265613 -0.942234 -0.204069
vn 0.143906 -0.907346 -0.394986
vn 0.323708 -0.876937 -0.355239
vn 0.183708 0.931271 -0.314619
vn 0.347507 0.748810 -0.564378
vn 0.171814 0.763728 -0.622253
vn 0.094427 0.937021 -0.336268
vn 0.105334 -0.994069 -0.027065
vn 0.263046 -0.964530 -0.022116
vn 0.509143 -0.860681 -0.000796
vn 0.442300 -0.896693 0.017666
vn 0.658033 -0.752686 0.021363
vn 0.651115 -0.756557 0.060588
vn 0.642074 -0.761234 0.090908
vn 0.415693 -0.909232 0.022262
vn 0.016291 -0.997784 -0.064520
vn 0.059539 0.996791 0.053508
vn 0.056041 0.997493 0.043218
vn 0.293523 0.950264 0.104124
vn 0.311443 0.946622 0.083126
vn 0.350108 0.934825 0.059387
vn 0.009232 0.999736 0.021052
vn 0.583733 -0.803052 -0.119843
vn 0.451334 -0.878004 -0.159394
vn 0.480100 -0.842499 -0.244333
vn 0.606421 -0.770161 -0.197751
vn 0.489093 -0.833701 -0.256380
vn 0.613557 -0.762686 -0.204590
vn 0.700612 -0.695639 -0.158838
vn 0.701680 -0.694986 -0.156970
vn 0.689927 -0.718407 -0.088838
vn 0.184222 0.951609 0.245973
vn 0.729754 0.646304 0.223046
vn 0.695047 0.633322 0.340312
vn 0.150271 0.915711 0.372681
vn 0.681112 0.627459 0.377335
vn 0.136611 0.909407 0.392831
vn 0.393508 -0.916901 -0.066658
vn 0.548499 -0.835210 -0.039657
vn 0.668192 -0.743737 -0.019360
vn 0.338779 0.939133 0.057083
vn 0.213525 0.970675 0.110439
vn 0.733909 0.675561 0.070678
vn 0.739590 0.663003 0.115906
vn 0.040665 -0.995311 -0.087757
vn 0.419803 -0.906844 0.037404
vn 0.624030 -0.770311 0.131175
vn 0.573031 -0.793564 0.204677
vn 0.402924 -0.911726 0.080055
vn 0.060367 -0.993682 -0.094612
vn 0.069458 0.994101 0.083302
vn 0.064492 0.996201 0.058525
vn 0.280716 0.940489 0.191517
vn 0.296129 0.945808 0.133245
vn 0.001303 -0.998479 -0.055125
vn 0.047966 -0.996174 -0.073054
vn 0.278753 -0.942677 0.183459
vn 0.167857 -0.957587 0.234202
vn 0.398930 -0.846851 0.351707
vn 0.244054 -0.874506 0.419137
vn 0.084709 -0.886799 0.454326
vn 0.053408 -0.965013 0.256705
vn -0.010809 -0.998602 -0.051741
vn 0.022567 0.982971 0.182369
vn 0.069285 0.980816 0.182206
vn 0.083297 0.862097 0.499850
vn 0.188554 0.892669 0.409377
vn 0.227809 0.920183 0.318381
vn 0.103270 0.978218 0.180069
vn 0.067877 -0.993719 -0.088971
vn 0.350305 -0.927218 0.132486
vn 0.497757 -0.820154 0.282108
vn 0.073576 0.989679 0.122972
vn 0.248289 0.933744 0.257827
vn 0.331304 -0.942069 0.052387
vn 0.294930 -0.953130 0.067522
vn 0.521122 -0.853470 0.004476
vn 0.534605 -0.845070 0.007304
vn 0.665638 -0.744878 -0.045639
vn 0.669101 -0.742652 -0.027800
vn 0.222097 0.963899 -0.146871
vn 0.742091 0.640374 -0.198044
vn 0.721447 0.641251 -0.261365
vn 0.221604 0.957082 -0.186779
vn 0.285841 -0.952057 0.109010
vn 0.527722 -0.849016 0.026123
vn 0.677998 -0.734010 -0.039360
vn 0.216538 0.945169 -0.244472
vn 0.695678 0.642105 -0.322075
vn -0.360856 -0.919776 0.154256
vn -0.326655 -0.933097 0.150425
vn -0.571595 -0.819701 0.037020
vn -0.603507 -0.797247 -0.013322
vn -0.708790 -0.703763 -0.048321
vn -0.713259 -0.689350 -0.126721
vn -0.535740 -0.785017 -0.311017
vn -0.475911 -0.864410 -0.162186
vn -0.296894 -0.951878 0.076040
vn -0.214615 0.880974 -0.421694
vn -0.178721 0.909636 -0.374995
vn -0.441793 0.654798 -0.613237
vn -0.598841 0.626550 -0.498824
vn -0.657369 0.627645 -0.417047
vn -0.167459 0.931996 -0.321468
vn -0.078477 -0.996915 -0.001390
vn -0.177678 -0.948593 -0.261921
vn -0.206014 -0.885547 -0.416371
vn -0.044985 -0.913897 -0.403445
vn -0.029682 -0.969486 -0.243341
vn 0.000749 -0.999999 0.000914
vn -0.048757 0.932225 -0.358578
vn -0.126630 0.913830 -0.385849
vn -0.087724 0.748160 -0.657694
vn -0.235687 0.710806 -0.662727
vn -0.306722 -0.944636 0.116553
vn -0.313973 -0.946435 0.075380
vn -0.534846 -0.844875 0.011176
vn -0.537259 -0.842974 0.027343
vn -0.671859 -0.739562 -0.040665
vn -0.679585 -0.732328 -0.043129
vn -0.172194 0.948571 -0.265635
vn -0.685860 0.632529 -0.359866
vn -0.717949 0.639341 -0.275304
vn -0.178859 0.964303 -0.195265
vn -0.348739 -0.935529 0.056280
vn -0.390342 -0.918089 0.068895
vn -0.568186 -0.821257 0.051986
vn -0.548628 -0.835880 0.017703
vn -0.686746 -0.726025 0.035599
vn -0.677972 -0.734937 -0.014893
vn -0.183839 0.973489 -0.136099
vn -0.743731 0.644343 -0.178007
vn -0.756587 0.647339 -0.092347
vn -0.189119 0.977070 -0.097815
vn -0.584141 -0.801953 0.125102
vn -0.690888 -0.710751 0.132314
vn -0.690741 -0.717141 0.092658
vn -0.580628 -0.808633 0.094784
vn -0.421601 -0.902066 0.092353
vn -0.441036 -0.890353 0.112952
vn -0.195125 0.980054 -0.037697
vn -0.193660 0.979170 -0.061010
vn -0.761162 0.648547 -0.004387
vn -0.759677 0.647934 0.055425
vn -0.550114 -0.811146 -0.198537
vn -0.664897 -0.724090 -0.183317
vn -0.652647 -0.702720 -0.283263
vn -0.546274 -0.778357 -0.309429
vn -0.639636 -0.713020 -0.287172
vn -0.532638 -0.779679 -0.329238
vn -0.375517 -0.849255 -0.371150
vn -0.399992 -0.852344 -0.336923
vn -0.404971 -0.887864 -0.218395
vn -0.240462 0.943658 0.227350
vn -0.232586 0.901806 0.364211
vn -0.220510 0.894212 0.389565
vn -0.722661 0.626516 0.291958
vn -0.733850 0.632871 0.246858
vn -0.752685 0.645301 0.130580
vn -0.357400 -0.927843 -0.106646
vn -0.231529 -0.971286 -0.054749
vn -0.483816 -0.872887 -0.063171
vn -0.521164 -0.847519 -0.100502
vn -0.650418 -0.757015 -0.062330
vn -0.651108 -0.753034 -0.094861
vn -0.235722 0.967904 0.087156
vn -0.738350 0.673602 0.033153
vn -0.716609 0.697444 -0.006597
vn -0.327491 0.944626 0.020781
vn -0.091302 -0.994992 -0.040674
vn 0.000587 -0.998582 -0.053232
vn -0.417498 -0.907833 -0.039173
vn -0.434995 -0.899256 -0.046015
vn -0.660074 -0.751051 -0.014978
vn -0.659222 -0.750932 -0.039088
vn -0.013821 0.999740 0.018130
vn -0.065572 0.997448 0.028235
vn -0.355912 0.934519 0.000946
vn -0.320565 0.946898 0.024953
vn -0.307874 0.950648 0.038495
vn -0.067837 0.997213 0.031072
vn -0.016075 -0.997154 -0.073659
vn -0.041740 -0.995058 -0.090092
vn -0.428363 -0.903287 0.024030
vn -0.431039 -0.902011 -0.024119
vn -0.606114 -0.785796 0.123084
vn -0.650566 -0.758860 0.029918
vn -0.068683 0.997123 0.032060
vn -0.316663 0.946398 0.063687
vn -0.306700 0.941472 0.139876
vn -0.071247 0.995488 0.062678
vn -0.064842 -0.993222 -0.096461
vn -0.051065 -0.995450 -0.080450
vn -0.289049 -0.943049 0.164651
vn -0.375036 -0.922193 0.094386
vn -0.407716 -0.853098 0.325563
vn -0.526857 -0.818728 0.228269
vn -0.071178 0.990944 0.113859
vn -0.270183 0.932953 0.237905
vn -0.234169 0.918337 0.319097
vn -0.094542 0.980015 0.175020
vn -0.003042 -0.998385 -0.056734
vn 0.013607 -0.998608 -0.050963
vn -0.064585 -0.967834 0.243157
vn -0.160018 -0.961052 0.225329
vn -0.113829 -0.887670 0.446190
vn -0.241356 -0.880373 0.408278
vn -0.063050 0.982257 0.176624
vn -0.185515 0.892407 0.411332
vn -0.114511 0.862855 0.492310
vn -0.034272 0.984083 0.174374
vn -0.001067 -0.999987 -0.004990
vn 0.012203 -0.970511 -0.240748
vn 0.020790 -0.919848 -0.391724
vn 0.016232 0.936740 -0.349649
vn 0.030851 0.763500 -0.645071
vn 0.003269 -0.998618 -0.052463
vn -0.015299 -0.967506 0.252384
vn -0.026749 -0.888849 0.457418
vn -0.010857 0.983694 0.179523
vn -0.030342 0.850511 0.525081
vn 0.971375 -0.149999 0.184204
vn 0.986874 -0.134247 0.089759
vn 0.993968 -0.096396 -0.052310
vn 0.974520 -0.034350 -0.221653
vn 0.986263 -0.059628 -0.154046
vn 0.965375 -0.019735 -0.260120
vn 0.957670 0.006216 -0.287800
vn 0.932044 0.054072 -0.358288
vn 0.895782 0.076953 -0.437781
vn 0.270126 0.210077 -0.939627
vn 0.583539 0.172129 -0.793633
vn 0.716152 0.168157 -0.677385
vn 0.053217 0.220702 -0.973889
vn -0.096258 0.222565 -0.970154
vn -0.354497 0.195225 -0.914450
vn -0.516671 0.190362 -0.834753
vn -0.944168 0.030040 -0.328091
vn -0.905343 0.059526 -0.420489
vn -0.844621 0.061625 -0.531806
vn -0.956665 0.013379 -0.290884
vn -0.974006 0.002980 -0.226501
vn -0.991050 -0.002650 -0.133467
vn -0.999493 -0.003599 -0.031639
vn -0.993008 0.012236 0.117415
vn -0.997800 0.002528 0.066248
vn -0.999227 0.038797 -0.006398
vn -0.998686 0.045341 0.023885
vn -0.997940 0.047304 0.043349
vn -0.997131 0.061272 0.044461
vn -0.998262 0.054218 0.023116
vn -0.998980 0.044846 -0.005326
vn -0.998914 0.034228 -0.031622
vn -0.998820 0.039855 -0.027770
vn -0.997990 0.041754 -0.047676
vn -0.998566 0.030451 -0.044031
vn -0.998222 -0.021201 -0.055716
vn -0.999334 -0.020972 -0.029881
vn -0.999439 -0.019157 0.027480
vn -0.992782 -0.015119 0.118979
vn -0.960327 -0.004425 0.278842
vn -0.876553 0.017680 0.480981
vn -0.813917 0.029412 0.580237
vn -0.310956 0.109959 0.944042
vn -0.547332 0.077243 0.833344
vn -0.649750 0.063067 0.757527
vn 0.229603 0.115437 0.966414
vn -0.067414 0.125067 0.989855
vn 0.639000 0.073646 0.765673
vn 0.530807 0.085320 0.843187
vn 0.900488 -0.003558 0.434866
vn 0.817961 0.020833 0.574897
vn 0.767484 0.033999 0.640166
vn 0.989048 -0.108100 0.100495
vn 0.961827 -0.033552 0.271595
vn 0.970600 -0.230813 0.068274
vn 0.980071 -0.194244 0.041588
vn 0.974167 -0.178348 0.138533
vn 0.974140 -0.189888 0.122449
vn 0.971273 -0.220368 0.089814
vn 0.981885 -0.151139 0.114273
vn 0.978988 -0.158791 0.127939
vn 0.974090 -0.177122 0.140631
vn 0.968483 -0.198026 0.151086
vn 0.975516 -0.162905 0.147749
vn 0.966158 -0.208346 0.152088
vn 0.977474 -0.137104 0.160457
vn 0.023538 0.983411 -0.179860
vn 0.023430 0.983542 -0.179155
vn 0.068712 0.846823 -0.527418
vn 0.069094 0.844946 -0.530370
vn 0.128984 0.000000 -0.991647
vn 0.128946 0.000000 -0.991652
vn 0.128708 0.000000 -0.991683
vn 0.069480 0.842495 -0.534204
vn 0.023586 0.983313 -0.180385
vn 0.023293 0.983916 -0.177110
vn 0.021798 0.984000 -0.176832
vn 0.063576 0.855173 -0.514429
vn 0.067941 0.852582 -0.518159
vn 0.122410 0.000000 -0.992480
vn 0.129794 0.000001 -0.991541
vn 0.129924 0.000001 -0.991524
vn 0.068325 0.851008 -0.520688
vn 0.023409 0.983806 -0.177703
vn 0.023360 0.983678 -0.178414
vn 0.068398 0.848804 -0.524265
vn 0.129186 0.000000 -0.991620
vn 0.994860 0.003547 0.101195
vn 0.989331 0.001269 0.145679
vn 0.994965 0.000000 0.100227
vn 0.989129 0.000000 0.147052
vn 0.975174 0.000000 0.221441
vn 0.975274 -0.000000 0.221001
vn 0.130612 0.975602 -0.176468
vn 0.618902 0.689946 -0.375413
vn 0.664990 0.000000 -0.746853
vn 0.989672 -0.000000 -0.143352
vn 0.983916 0.128513 -0.124068
vn 0.884906 0.461637 -0.061903
vn 0.949809 0.000000 0.312830
vn 0.949517 -0.000000 0.313716
vn 0.890622 -0.000001 0.454744
vn 0.891382 -0.000001 0.453252
vn 0.680954 0.000000 0.732326
vn 0.489626 0.000000 0.871933
vn 0.680380 0.000000 0.732860
vn 0.489300 0.000000 0.872116
vn 0.342038 0.000000 0.939686
vn 0.342039 0.000000 0.939686
vn 0.793814 -0.000001 0.608160
vn 0.793046 -0.000001 0.609162
vn -0.102507 0.977093 -0.186497
vn -0.842076 0.512343 -0.168560
vn -0.954021 0.145414 -0.262103
vn -0.528426 0.729315 -0.434586
vn -0.957916 0.000000 -0.287047
vn -0.539869 0.000000 -0.841749
vn -0.999191 -0.000000 0.040219
vn -0.999779 0.009613 -0.018705
vn -0.999180 0.000000 0.040499
vn -0.999804 0.000000 -0.019781
vn -0.998159 0.000000 -0.060656
vn -0.998187 0.027466 -0.053555
vn -0.953914 -0.000002 0.300079
vn -0.991888 -0.000000 0.127119
vn -0.953312 -0.000001 0.301987
vn -0.991783 -0.000000 0.127934
vn -0.778492 -0.000004 0.627654
vn -0.853180 -0.000003 0.521617
vn -0.778492 -0.000001 0.627655
vn -0.852226 -0.000001 0.523174
vn -0.251593 -0.000001 0.967833
vn -0.484647 0.000000 0.874710
vn -0.251610 -0.000003 0.967829
vn -0.484289 -0.000001 0.874908
vn -0.598645 -0.000001 0.801015
vn -0.598645 0.000000 0.801014
vn 0.050806 -0.000002 0.998709
vn -0.057962 -0.000002 0.998319
vn 0.050809 -0.000002 0.998708
vn -0.057961 -0.000003 0.998319
vn 0.975216 -0.000001 0.221255
vn 0.949636 -0.000001 0.313356
vn 0.975239 0.000000 0.221156
vn 0.949697 -0.000001 0.313171
vn 0.891133 -0.000000 0.453741
vn 0.890960 -0.000000 0.454083
vn 0.793426 -0.000000 0.608666
vn 0.793629 0.000000 0.608403
vn 0.680870 0.000000 0.732405
vn 0.680694 0.000000 0.732568
vn 0.489513 0.000000 0.871996
vn 0.489657 0.000000 0.871915
vn 0.342040 0.000000 0.939686
vn 0.342039 0.000000 0.939686
vn 0.050808 0.000001 0.998708
vn -0.057961 0.000001 0.998319
vn 0.050807 0.000001 0.998709
vn -0.057961 0.000002 0.998319
vn -0.251633 0.000002 0.967823
vn -0.251616 0.000001 0.967827
vn -0.484522 -0.000000 0.874779
vn -0.484675 0.000001 0.874694
vn -0.598646 0.000000 0.801014
vn -0.598645 0.000000 0.801014
vn -0.778491 0.000000 0.627655
vn -0.852701 0.000000 0.522400
vn -0.778491 0.000000 0.627655
vn -0.852956 0.000000 0.521983
vn -0.953709 0.000000 0.300730
vn -0.953574 0.000000 0.301159
vn -0.991823 0.000000 0.127624
vn -0.991843 -0.000000 0.127468
vn -0.999187 0.000000 0.040328
vn -0.999184 -0.000000 0.040387
vn -0.999803 -0.000000 -0.019867
vn -0.999802 0.000000 -0.019920
vn -0.998159 0.000000 -0.060656
vn -0.998159 0.000000 -0.060656
vn -0.957916 0.000000 -0.287047
vn -0.539147 0.000000 -0.842211
vn -0.957916 0.000000 -0.287047
vn -0.538671 0.000000 -0.842516
vn 0.122410 0.000000 -0.992480
vn 0.122410 0.000000 -0.992480
vn 0.129794 0.000000 -0.991541
vn 0.129794 0.000000 -0.991541
vn 0.129924 0.000000 -0.991524
vn 0.129924 0.000000 -0.991524
vn 0.129186 0.000000 -0.991620
vn 0.129186 0.000000 -0.991620
vn 0.128984 0.000000 -0.991647
vn 0.128984 -0.000000 -0.991647
vn 0.128946 0.000000 -0.991652
vn 0.128946 0.000000 -0.991652
vn 0.128708 0.000000 -0.991683
vn 0.128708 0.000000 -0.991683
vn 0.664376 -0.000000 -0.747398
vn 0.663971 0.000000 -0.747758
vn 0.989672 -0.000000 -0.143352
vn 0.989672 0.000000 -0.143352
vn 0.994965 0.000002 0.100228
vn 0.989146 0.000000 0.146939
vn 0.994964 0.000002 0.100228
vn 0.989156 0.000002 0.146870
vn 0.949862 0.000001 0.312671
vn 0.975315 -0.000000 0.220817
vn 0.969172 0.103862 0.223425
vn 0.944102 0.098793 0.314503
vn 0.920032 0.323643 0.220898
vn 0.899928 0.309339 0.307310
vn 0.846738 0.295044 0.442700
vn 0.885795 0.093566 0.454547
vn 0.891637 0.000001 0.452751
vn 0.794299 0.000001 0.607527
vn 0.788006 0.089586 0.609115
vn 0.753038 0.284402 0.593337
vn 0.645649 0.277020 0.711616
vn 0.675440 0.086625 0.732309
vn 0.681579 -0.000000 0.731745
vn 0.490586 0.000000 0.871393
vn 0.485591 0.085323 0.870012
vn 0.465201 0.270615 0.842826
vn 0.323708 0.263744 0.908654
vn 0.338900 0.083056 0.937149
vn 0.342039 0.000000 0.939686
vn -0.057959 0.000000 0.998319
vn 0.050806 0.000000 0.998709
vn 0.049845 0.085015 0.995132
vn -0.057669 0.085205 0.994693
vn 0.046695 0.259571 0.964594
vn -0.056685 0.262119 0.963369
vn -0.238605 0.264931 0.934280
vn -0.249548 0.085817 0.964552
vn -0.251900 0.000000 0.967753
vn -0.485634 0.000000 0.874162
vn -0.480722 0.085266 0.872718
vn -0.458693 0.270589 0.846394
vn -0.565265 0.269764 0.779553
vn -0.592477 0.090216 0.800520
vn -0.598645 0.000000 0.801014
vn -0.853846 0.000002 0.520525
vn -0.778492 0.000002 0.627655
vn -0.772360 0.080395 0.630077
vn -0.847521 0.088654 0.523306
vn -0.736034 0.274906 0.618611
vn -0.811643 0.282497 0.511303
vn -0.909013 0.295429 0.293969
vn -0.948645 0.093751 0.302133
vn -0.954101 0.000001 0.299484
vn -0.991892 0.000000 0.127088
vn -0.986707 0.098797 0.129028
vn -0.942482 0.309279 0.126787
vn -0.945327 0.322787 0.046529
vn -0.993715 0.103438 0.042790
vn -0.999194 0.000000 0.040136
vn -0.999796 0.000000 -0.020188
vn -0.994334 0.105213 -0.015179
vn -0.936867 0.349675 -0.002731
vn -0.920740 0.387744 -0.043498
vn -0.997946 0.022680 -0.059914
vn -0.998159 0.000000 -0.060656
vn -0.536738 -0.001739 -0.843747
vn -0.957916 -0.000000 -0.287048
vn -0.895848 0.377376 -0.234615
vn -0.333266 0.688484 -0.644145
vn -0.681811 0.718019 -0.139938
vn -0.230948 0.953232 -0.194968
vn 0.022687 0.978395 -0.205496
vn 0.072721 0.773088 -0.630116
vn 0.119596 -0.009931 -0.992773
vn 0.127835 -0.021064 -0.991572
vn 0.079908 0.766548 -0.637196
vn 0.025388 0.977723 -0.208359
vn 0.027426 0.977162 -0.210717
vn 0.083998 0.761677 -0.642489
vn 0.129881 -0.026095 -0.991186
vn 0.130297 -0.019541 -0.991283
vn 0.085012 0.764548 -0.638936
vn 0.028362 0.976968 -0.211495
vn 0.028247 0.976933 -0.211668
vn 0.083942 0.769536 -0.633062
vn 0.130019 -0.008602 -0.991474
vn 0.129318 -0.001591 -0.991602
vn 0.082523 0.771351 -0.631037
vn 0.027727 0.976823 -0.212247
vn 0.027497 0.976660 -0.213022
vn 0.081928 0.770494 -0.632160
vn 0.128708 0.000000 -0.991683
vn 0.661428 0.000000 -0.750009
vn 0.433901 0.684544 -0.585772
vn 0.264541 0.950222 -0.164608
vn 0.694826 0.718334 -0.034824
vn 0.921664 0.375112 -0.099130
vn 0.989672 -0.000000 -0.143351
vn 0.989208 -0.000003 0.146518
vn 0.994965 -0.000003 0.100228
vn 0.994593 0.024096 0.101017
vn 0.982827 0.105662 0.151285
vn 0.915293 0.388715 0.105546
vn 0.923282 0.351047 0.155938
vn 0.975270 0.000001 0.221018
vn 0.949770 0.000001 0.312948
vn 0.891353 0.000001 0.453311
vn 0.793905 0.000001 0.608042
vn 0.681141 -0.000000 0.732152
vn 0.489967 0.000000 0.871741
vn 0.342039 0.000000 0.939686
vn 0.050806 0.000000 0.998709
vn -0.057961 0.000000 0.998319
vn -0.251710 0.000000 0.967803
vn -0.484997 0.000000 0.874516
vn -0.598645 0.000000 0.801014
vn -0.778492 0.000001 0.627655
vn -0.853316 0.000001 0.521394
vn -0.953879 0.000000 0.300190
vn -0.991866 0.000000 0.127289
vn -0.999190 0.000000 0.040248
vn -0.999800 0.000000 -0.020015
vn -0.998159 0.000000 -0.060656
vn -0.957916 -0.000000 -0.287048
vn -0.537864 -0.000307 -0.843032
vn 0.121882 -0.001753 -0.992543
vn 0.129430 -0.003717 -0.991582
vn 0.129923 -0.004607 -0.991513
vn 0.129399 -0.003451 -0.991587
vn 0.129180 -0.001519 -0.991620
vn 0.129016 -0.000281 -0.991642
vn 0.128708 0.000000 -0.991683
vn 0.663116 -0.000000 -0.748516
vn 0.989672 0.000000 -0.143351
vn 0.994965 -0.000002 0.100228
vn 0.989174 -0.000000 0.146745
vn -0.053015 -0.932924 -0.356149
vn -0.154556 -0.937708 -0.311152
vn -0.100501 -0.894945 -0.434710
vn -0.023431 -0.884288 -0.466354
vn -0.021367 -0.811208 -0.584368
vn 0.008844 -0.815348 -0.578904
vn 0.039257 -0.818714 -0.572858
vn 0.051623 -0.881919 -0.468566
vn 0.051620 -0.916081 -0.397656
vn -0.403214 -0.425650 -0.810087
vn 0.007199 -0.860614 -0.509207
vn 0.036584 -0.883978 -0.466095
vn 0.036786 -0.861346 -0.506685
vn 0.099898 -0.895426 -0.433858
vn 0.168831 -0.918413 -0.357790
vn 0.129827 -0.961279 -0.243079
vn -0.017657 -0.744213 -0.667710
vn -0.228954 -0.232551 -0.945251
vn -0.083279 -0.975114 -0.205467
vn -0.037343 -0.975531 -0.216669
vn -0.186221 0.324124 -0.927505
vn -0.423326 0.556569 -0.714861
vn -0.032053 0.984230 -0.173963
vn -0.096869 0.987264 -0.126199
vn -0.148309 0.987750 -0.048516
vn -0.457449 0.786619 -0.414693
vn -0.078736 -0.978566 -0.190288
vn -0.903989 -0.421407 -0.072248
vn -0.961468 -0.274677 0.011491
vn -0.694601 -0.663379 0.278312
vn -0.683632 -0.729263 0.028673
vn -0.233902 -0.907428 0.349092
vn -0.207983 -0.965051 0.159437
vn -0.208421 -0.978027 -0.004899
vn -0.657384 -0.750519 -0.067589
vn -0.852944 -0.503675 -0.137107
vn 0.994820 -0.089231 -0.048691
vn 0.900928 -0.415881 -0.123986
vn 0.714606 -0.689208 -0.119713
vn 0.870022 -0.490226 -0.052344
vn 0.228150 -0.973418 -0.020130
vn 0.205087 -0.977877 -0.041192
vn 0.195287 -0.971475 -0.134532
vn 0.976504 -0.205137 -0.066020
vn 0.984107 0.176818 -0.016376
vn -0.995161 0.038688 -0.090317
vn -0.994826 0.047121 -0.090010
vn -0.980174 0.089934 -0.176550
vn -0.982001 0.116856 -0.148391
vn 0.033009 0.462225 -0.886148
vn 0.038976 0.714154 -0.698903
vn 0.031686 0.947420 -0.318420
vn -0.755387 0.608585 -0.242928
vn -0.995281 0.065716 -0.071393
vn -0.191048 -0.979991 -0.055840
vn -0.999246 0.003551 -0.038675
vn -0.773391 0.632559 -0.041671
vn -0.395882 0.918301 -0.000587
vn 0.026528 0.999492 -0.017653
vn 0.029750 0.999383 0.018654
vn 0.040683 0.997661 0.054934
vn 0.083339 0.994936 0.056185
vn 0.093489 -0.993083 -0.071029
vn 0.989290 -0.120615 -0.082200
vn 0.997993 0.063302 -0.001832
vn 0.834069 0.515308 -0.196943
vn 0.991675 -0.004959 -0.128668
vn 0.028715 0.921086 -0.388300
vn 0.089111 0.590162 -0.802352
vn 0.111261 0.261343 -0.958812
vn 0.965601 -0.150230 -0.212238
vn 0.973162 -0.191549 -0.127531
vn 0.182365 -0.982081 -0.047535
vn -0.067547 -0.992286 -0.103949
vn -0.116059 0.991935 0.050940
vn 0.275216 0.960284 0.045935
vn -0.062841 0.996322 0.058259
vn -0.039131 0.999106 0.016013
vn -0.026735 0.999366 -0.023499
vn 0.547580 0.835158 0.051659
vn 0.879407 0.465333 0.100539
vn -0.909548 0.315083 0.271007
vn -0.575264 0.746458 0.334473
vn -0.730486 0.667329 0.145131
vn -0.831700 0.504368 0.232136
vn -0.813517 0.569801 0.116263
vn -0.991105 0.132155 0.015667
vn -0.909281 -0.398082 -0.121404
vn -0.915729 -0.390616 -0.094126
vn -0.938265 -0.335361 0.084810
vn -0.300796 0.952837 -0.040292
vn -0.669669 0.492111 0.556211
vn -0.679104 0.418027 0.603383
vn -0.631991 0.703873 0.324268
vn -0.680907 0.284938 0.674667
vn -0.772450 0.184346 0.607732
vn -0.685415 -0.423558 0.592288
vn -0.685632 0.727496 0.025651
vn -0.009738 0.933252 -0.359090
vn -0.982930 0.182994 -0.019023
vn -0.995357 0.095896 -0.008295
vn -0.994578 0.098197 0.034229
vn -0.984111 0.173997 0.035359
vn -0.992964 0.104992 0.054765
vn -0.982639 0.173849 0.064788
vn -0.203046 0.962946 0.177502
vn -0.216726 0.972829 0.081449
vn -0.203146 0.970215 -0.131965
vn 0.979065 0.177492 0.099645
vn 0.243513 0.965477 -0.092495
vn 0.314357 0.945240 0.087758
vn 0.972978 0.158091 0.168286
vn 0.376174 0.912246 0.162173
vn 0.969881 0.144199 0.196308
vn 0.977590 0.085823 0.192229
vn 0.980943 0.089650 0.172380
vn 0.989286 0.096483 0.109564
vn -0.993702 0.097991 -0.054344
vn -0.976583 0.198146 -0.083803
vn -0.141548 0.918708 -0.368700
vn -0.095045 0.869215 -0.485213
vn -0.944903 0.277191 -0.174135
vn -0.992145 0.099113 -0.076322
vn 0.979051 0.065675 0.192735
vn 0.977427 0.184045 0.103753
vn 0.979614 -0.182748 0.083429
vn 0.871105 -0.396855 0.289278
vn 0.257131 -0.965975 -0.027860
vn 0.336153 -0.888162 0.313320
vn 0.506684 -0.541879 0.670550
vn 0.524950 -0.543738 0.654811
vn 0.492130 0.810679 -0.317187
vn 0.993327 0.110676 0.032447
vn 0.992785 0.119870 -0.003168
vn 0.949762 0.294532 -0.105849
vn 0.978535 0.205885 0.009010
vn 0.131501 0.864041 -0.485944
vn 0.171136 0.922535 -0.345893
vn -0.921868 0.365872 -0.127658
vn -0.723430 -0.560214 0.403496
vn -0.340781 -0.796786 0.498999
vn 0.908043 -0.360907 -0.212614
vn 0.947581 -0.085419 -0.307887
vn 0.781921 -0.546125 -0.300577
vn 0.722901 -0.659307 -0.206708
vn 0.213208 -0.937505 -0.275004
vn 0.242537 -0.959417 -0.143857
vn 0.065972 -0.992843 -0.099549
vn 0.119958 0.990576 0.066104
vn 0.063976 0.995500 0.069909
vn 0.102822 0.992151 0.071163
vn 0.199174 0.978894 0.045777
vn 0.028116 -0.990464 -0.134875
vn -0.050060 -0.990034 -0.131632
vn -0.035229 -0.987205 -0.155515
vn -0.245390 0.969424 -0.000416
vn -0.164769 0.985008 0.051085
vn -0.129068 0.989985 0.057195
vn -0.094526 0.992982 0.071069
vn -0.866470 -0.401810 -0.296274
vn -0.659161 -0.699363 -0.276401
vn -0.185671 -0.967756 -0.170222
vn -0.111864 -0.937072 -0.330731
vn -0.664024 -0.591165 -0.457817
vn -0.842016 -0.270164 -0.466926
vn 0.906567 -0.161756 -0.389836
vn 0.621059 -0.535601 -0.572203
vn 0.319231 -0.762093 -0.563299
vn 0.625086 -0.615262 -0.480333
vn -0.011309 -0.898272 -0.439295
vn 0.116857 -0.909562 -0.398799
vn 0.029175 -0.986298 -0.162371
vn 0.352483 0.931084 -0.094014
vn 0.145807 0.988499 0.040135
vn 0.150389 0.988015 -0.034770
vn 0.506603 0.741301 -0.440257
vn 0.062535 -0.981359 -0.181726
vn -0.042250 -0.983741 -0.174553
vn -0.356280 0.922522 -0.148384
vn -0.153899 0.987953 0.016263
vn -0.745235 -0.363481 -0.559023
vn -0.394302 -0.734490 -0.552314
vn -0.003949 -0.903626 -0.428305
vn 0.076419 -0.976762 -0.200240
vn 0.430341 0.469475 -0.770973
vn 0.095924 0.987406 -0.125813
vn 0.043442 0.983875 -0.173499
vn 0.240618 0.308576 -0.920263
vn 0.053815 -0.975133 -0.214989
vn 0.685418 -0.231215 -0.690465
vn 0.527175 0.180514 -0.830363
vn 0.278318 -0.488764 -0.826830
vn 0.386922 -0.597261 -0.702546
vn -0.113838 -0.954613 -0.275236
vn -0.113877 -0.915061 -0.386906
vn 0.714645 0.575217 0.398005
vn 0.653943 -0.753040 0.072725
vn 0.853764 -0.518820 -0.043744
vn 0.814857 0.479181 0.326180
vn 0.907235 -0.399431 -0.131829
vn 0.893629 0.393048 0.216658
vn 0.632588 0.697561 0.336512
vn 0.680395 0.649297 0.339818
vn 0.676603 0.626933 0.386217
vn 0.703908 0.707999 -0.057023
vn 0.849991 0.424874 0.311443
vn 0.720541 -0.061802 0.690653
vn 0.693245 -0.001367 0.720700
vn 0.815323 0.252089 0.521249
vn 0.834327 0.501922 0.227976
vn 0.013595 -0.975320 -0.220379
vn 0.061963 0.243937 -0.967810
vn 0.011638 0.982883 -0.183861
vn 0.094640 -0.017251 -0.995362
vn 0.057340 -0.654559 -0.753834
vn 0.001765 -0.979638 -0.200765
vn -0.993982 0.068668 -0.085346
vn -0.993526 0.077121 -0.083417
vn -0.974452 0.160361 -0.157254
vn -0.974702 0.140911 -0.173494
vn -0.013903 0.746046 -0.665749
vn 0.003473 0.678173 -0.734894
vn 0.982665 -0.105417 -0.152503
vn 0.964070 -0.118780 -0.237613
vn 0.101887 0.434033 -0.895117
vn 0.095001 0.553439 -0.827454
vn 0.967667 0.033853 -0.249948
vn 0.986893 -0.031739 -0.158227
vn 0.468732 -0.300454 -0.830673
vn 0.740432 -0.466069 -0.484293
vn 0.683182 -0.312524 -0.659994
vn 0.164014 0.036126 -0.985796
vn -0.124687 0.646878 -0.752331
vn -0.390856 0.667907 -0.633350
vn -0.503934 0.703158 -0.501617
vn -0.000838 0.091727 -0.995784
vn 0.102551 -0.037614 -0.994016
vn -0.869922 -0.394590 -0.295861
vn -0.529270 -0.248655 -0.811199
vn -0.301793 -0.044447 -0.952337
vn -0.869489 -0.283371 -0.404586
vn 0.548805 0.581312 -0.600740
vn 0.481555 0.555082 -0.678225
vn 0.259466 0.505225 -0.823059
vn -0.920826 -0.389974 -0.000596
vn -0.898798 -0.422763 0.115907
vn -0.941374 -0.332497 0.057102
vn -0.975633 -0.217886 -0.025796
vn -0.022800 0.602025 -0.798152
vn -0.175367 0.709861 -0.682161
vn -0.995116 -0.091755 -0.036402
vn -0.990861 -0.134826 0.004184
vn 0.849253 -0.416786 -0.324128
vn 0.880323 -0.372031 -0.294321
vn 0.887397 -0.316133 -0.335540
vn 0.858184 -0.330496 -0.392801
vn 0.288884 0.708193 -0.644211
vn 0.164621 0.674247 -0.719924
vn 0.355402 -0.927963 -0.112134
vn 0.395671 -0.898353 -0.190804
vn 0.339598 -0.930633 -0.136367
vn 0.356439 -0.923482 -0.141889
vn 0.359798 -0.899490 -0.247917
vn 0.374766 -0.895878 -0.238647
vn 0.387362 -0.890823 -0.237456
vn 0.353484 -0.927156 -0.124223
vn 0.344395 -0.934359 -0.091461
vn -0.562038 0.036845 0.826290
vn -0.454276 0.144394 0.879081
vn -0.575614 0.592343 0.563737
vn -0.586618 0.550445 0.594045
vn -0.577905 0.619963 0.530728
vn -0.578402 0.648496 0.494878
vn -0.577919 0.670471 0.465271
vn -0.609786 0.596869 0.521449
vn -0.670388 -0.041365 0.740857
vn -0.317890 0.930142 0.183798
vn -0.244452 0.955742 0.163709
vn -0.244284 0.955806 0.163583
vn -0.475896 0.851602 0.219767
vn 0.466534 -0.819577 -0.332627
vn 0.203057 -0.889510 -0.409317
vn -0.303466 -0.778505 -0.549398
vn -0.469317 0.757131 0.454416
vn -0.328337 0.802596 0.498030
vn -0.500204 0.806138 0.316129
vn -0.537374 0.818794 0.202005
vn -0.491340 0.841979 0.222839
vn -0.482994 0.845829 0.226472
vn -0.476657 0.824209 0.305742
vn -0.393998 0.809328 0.435607
vn -0.469122 0.829828 0.302176
vn -0.630271 0.729078 -0.266839
vn -0.649915 0.675074 -0.349121
vn -0.544578 0.769123 -0.334491
vn -0.448331 0.677950 -0.582565
vn -0.548036 0.546651 -0.633111
vn -0.614176 0.240564 -0.751610
vn 0.679666 0.729080 0.080596
vn 0.533236 0.823682 0.192892
vn 0.456580 0.864975 0.208214
vn 0.639035 0.762104 0.104077
vn 0.399754 0.894030 0.202257
vn 0.501958 0.854388 0.134385
vn 0.228773 0.973029 0.029623
vn 0.665060 0.745008 0.051553
vn 0.684758 0.727232 0.047327
vn 0.391260 0.843024 -0.369089
vn 0.369677 0.852475 -0.369630
vn 0.398529 0.909247 -0.120189
vn 0.275903 0.930873 0.239483
vn 0.440732 0.860092 0.256900
vn 0.106402 0.879981 0.462939
vn 0.046676 0.869646 0.491465
vn 0.064552 0.888712 0.453899
vn 0.416679 0.748221 -0.516279
vn 0.561486 0.286064 0.776467
vn 0.438910 0.243198 0.864993
vn 0.475256 0.464058 0.747517
vn 0.629123 0.403049 0.664647
vn 0.486126 0.501129 0.715927
vn 0.678926 0.455180 0.576082
vn 0.707666 0.595642 0.380027
vn 0.666639 0.525064 0.529056
vn 0.492195 0.314662 0.811623
vn -0.652968 -0.710806 -0.261509
vn -0.465332 -0.860740 -0.206381
vn -0.372477 -0.907547 0.193957
vn -0.666235 -0.733460 0.134787
vn -0.381083 -0.772250 0.508336
vn -0.575490 -0.646991 0.500214
vn -0.752643 -0.514551 0.410812
vn -0.846786 -0.526373 0.076720
vn -0.792871 -0.560204 -0.239849
vn 0.271028 -0.689158 -0.672016
vn 0.185563 -0.723790 -0.664601
vn 0.018611 -0.608568 -0.793283
vn 0.227567 -0.538392 -0.811386
vn 0.274962 -0.488171 -0.828303
vn 0.375045 -0.637319 -0.673175
vn -0.429900 -0.888697 -0.159387
vn -0.507406 -0.849413 -0.145039
vn -0.412299 -0.866791 -0.280503
vn -0.110521 -0.969145 -0.220326
vn -0.057597 -0.975082 -0.214237
vn 0.021005 -0.964041 -0.264924
vn 0.484407 -0.822693 -0.297533
vn 0.503407 -0.793173 -0.342722
vn 0.391931 -0.919545 0.028751
vn 0.340978 -0.939883 -0.018808
vn 0.184876 -0.980334 0.069038
vn 0.465169 -0.847905 -0.254313
vn 0.161734 -0.859440 0.484979
vn 0.662141 -0.748917 0.026319
vn 0.522695 -0.852474 0.008837
vn 0.658682 -0.750165 -0.058228
vn 0.899412 -0.423726 -0.107303
vn 0.897671 -0.436469 -0.060683
vn 0.944151 -0.327016 -0.040494
vn 0.971623 -0.230483 -0.053165
vn 0.980378 -0.170686 0.098618
vn 0.967713 -0.236090 0.088284
vn 0.940986 -0.281604 0.187736
vn 0.963384 -0.204981 0.172844
vn 0.943652 -0.300723 0.138154
vn 0.911794 -0.387289 0.136528
vn 0.876060 -0.435925 0.206128
vn 0.910987 -0.352912 0.213438
vn 0.890295 -0.349153 0.292347
vn 0.865178 -0.430369 0.257391
vn 0.873137 -0.382600 0.302076
vn 0.889878 -0.313265 0.331635
vn 0.861501 -0.258854 0.436819
vn 0.845869 -0.322805 0.424622
vn 0.695249 -0.279492 0.662204
vn 0.730869 -0.216821 0.647163
vn 0.363813 -0.205712 0.908473
vn 0.330199 -0.268807 0.904827
vn -0.070362 -0.269179 0.960517
vn -0.073489 -0.205040 0.975991
vn -0.499567 -0.214221 0.839370
vn -0.461054 -0.276864 0.843075
vn -0.760718 -0.304109 0.573434
vn -0.789950 -0.245170 0.562024
vn -0.889821 -0.300469 0.343420
vn -0.870779 -0.361253 0.333528
vn -0.885899 -0.426488 0.182458
vn -0.910559 -0.358666 0.205526
vn -0.909098 -0.389452 0.147876
vn -0.874333 -0.469774 0.121875
vn -0.878814 -0.460756 0.124058
vn -0.917567 -0.371973 0.140382
vn -0.942487 -0.300483 0.146386
vn -0.910714 -0.387415 0.143208
vn -0.948741 -0.309210 0.065414
vn -0.974596 -0.216493 0.057389
vn -0.982171 -0.186882 -0.020364
vn -0.965495 -0.258653 -0.030306
vn -0.977881 -0.175989 -0.113034
vn -0.981471 -0.179905 -0.065941
vn -0.989411 -0.094966 -0.109757
vn -0.988309 -0.125772 -0.086184
vn -0.967904 -0.242098 -0.067457
vn -0.951010 -0.308046 -0.026225
vn -0.832531 -0.551364 0.053757
vn -0.858682 -0.511795 -0.027047
vn -0.774617 -0.625264 0.094940
vn -0.717655 -0.664570 0.208132
vn -0.779705 -0.625733 0.022758
vn -0.647816 -0.747325 -0.147782
vn -0.415534 -0.886894 0.201869
vn -0.445323 -0.567804 0.692306
vn -0.368504 -0.292018 0.882570
vn -0.801963 -0.585508 0.118474
vn 0.299220 -0.952263 0.060516
vn -0.265188 -0.960124 -0.088534
vn -0.053134 -0.978229 -0.200612
vn 0.374664 -0.914461 -0.152932
vn 0.230883 -0.900509 -0.368478
vn 0.518362 -0.792058 -0.322406
vn -0.067277 -0.672606 -0.736936
vn -0.222723 -0.589088 -0.776769
vn -0.106958 -0.318524 -0.941861
vn -0.034114 -0.473456 -0.880156
vn 0.145748 -0.574313 -0.805558
vn 0.067957 -0.685848 -0.724565
vn -0.812028 -0.417376 -0.407932
vn -0.856881 -0.306664 -0.414381
vn -0.831483 -0.469802 -0.296515
vn -0.893670 -0.395710 -0.211581
vn -0.936422 -0.332987 -0.110604
vn -0.924094 -0.211939 -0.318014
vn -0.935056 -0.186489 -0.301484
vn -0.946063 -0.309745 -0.094985
vn -0.981612 -0.180835 -0.061132
vn -0.942065 0.111995 -0.316181
vn -0.991033 -0.133147 0.011182
vn -0.989124 -0.146671 0.011000
vn -0.992253 -0.122690 0.019499
vn -0.979799 -0.199947 0.003936
vn -0.979707 -0.200249 0.008620
vn -0.984078 -0.176855 0.017714
vn -0.997512 -0.069488 -0.011869
vn -0.992742 -0.120019 0.007675
vn -0.997412 -0.071218 -0.009877
vn -0.998930 -0.035387 -0.029778
vn -0.994813 0.040003 -0.093530
vn -0.992848 0.046796 -0.109831
vn -0.998291 0.000465 -0.058439
vn -0.997255 0.012193 -0.073030
vn -0.993429 0.033425 -0.109461
vn -0.980732 0.072431 -0.181436
vn -0.959082 0.163262 -0.231317
vn -0.986677 0.118623 -0.111347
vn -0.962502 0.253997 -0.095270
vn -0.892169 0.425299 -0.152172
vn -0.083665 0.996260 -0.021588
vn -0.480490 0.876920 0.011901
vn -0.843141 0.536189 -0.040187
vn -0.805542 0.592491 0.007535
vn -0.777715 0.624955 0.067751
vn -0.471952 0.879157 0.065920
vn -0.464947 0.876732 0.123148
vn -0.764163 0.627383 0.149820
vn -0.717517 0.629008 0.299196
vn -0.443555 0.868590 0.220929
vn -0.366552 0.870813 0.327605
vn -0.612871 0.637450 0.466954
vn -0.488958 0.657068 0.573743
vn -0.289611 0.877832 0.381493
vn -0.205678 0.889998 0.406940
vn -0.338785 0.677838 0.652503
vn -0.184006 0.686427 0.703534
vn -0.109503 0.904901 0.411295
vn -0.025748 0.903847 0.427081
vn -0.042331 0.688069 0.724410
vn 0.141648 0.684967 0.714672
vn 0.089828 0.896082 0.434704
vn 0.214638 0.887760 0.407200
vn 0.345670 0.672873 0.654029
vn 0.469513 0.662379 0.583791
vn 0.263936 0.888661 0.374993
vn 0.303897 0.887633 0.346056
vn 0.545959 0.659405 0.516832
vn 0.632457 0.655030 0.413442
vn 0.367243 0.884573 0.287511
vn 0.408604 0.885857 0.219773
vn 0.701254 0.645604 0.302387
vn 0.742709 0.633362 0.217337
vn 0.441671 0.882742 0.160295
vn 0.467350 0.878969 0.094853
vn 0.790281 0.595249 0.145378
vn 0.837623 0.537707 0.096221
vn 0.088088 0.996073 -0.008858
vn 0.914001 0.402755 -0.048889
vn 0.987283 0.028870 -0.156329
vn 0.971748 0.234019 0.030663
vn 0.999612 0.023971 -0.014187
vn 0.982117 -0.164398 -0.091757
vn 0.971547 -0.149896 -0.183379
vn 0.980836 -0.123202 -0.150937
vn 0.981832 -0.160863 -0.100639
vn 0.987394 -0.131923 -0.087461
vn 0.986310 -0.103338 -0.128508
vn 0.996046 -0.052620 0.071574
vn 0.992862 -0.085133 0.083530
vn 0.992645 -0.082608 0.088503
vn 0.986408 -0.131776 0.098158
vn 0.972784 -0.197630 0.120967
vn 0.980173 -0.160139 0.116690
vn 0.958939 -0.248415 0.136844
vn 0.966595 -0.214717 0.139966
vn 0.946887 -0.292340 0.133952
vn 0.956684 -0.255551 0.139462
vn 0.864948 -0.046893 -0.499666
vn 0.834390 -0.373260 -0.405550
vn 0.831112 -0.533035 -0.158515
vn 0.819997 -0.515279 -0.249183
vn 0.747528 -0.521905 -0.410873
vn 0.764187 -0.388314 -0.515005
vn 0.612890 -0.402477 -0.679984
vn 0.627904 -0.548570 -0.552094
vn 0.589609 -0.554775 -0.587014
vn 0.518573 -0.437350 -0.734716
vn -0.527659 -0.839815 0.127621
vn -0.261003 -0.935383 0.238614
vn -0.670221 -0.741058 -0.040452
vn -0.678957 -0.734033 -0.014552
vn -0.346826 -0.907079 -0.238580
vn -0.451505 -0.869574 -0.199962
vn -0.526796 -0.820120 -0.223357
vn -0.714256 -0.699379 -0.026599
vn -0.643420 -0.762545 0.067360
vn -0.123769 -0.943038 -0.308804
vn 0.099819 -0.940668 -0.324314
vn 0.159905 -0.936850 -0.311036
vn -0.134313 -0.940551 -0.311968
vn 0.201127 -0.904817 -0.375305
vn -0.165815 -0.917743 -0.360906
vn 0.393381 -0.881689 -0.260530
vn 0.378308 -0.775135 -0.506012
vn 0.461632 -0.804690 -0.373323
vn 0.444739 -0.866145 -0.228036
vn 0.346099 -0.911196 -0.223469
vn 0.453952 -0.861807 -0.226309
vn 0.568951 -0.507883 -0.646800
vn 0.571745 -0.591556 -0.568480
vn 0.378815 -0.595497 -0.708437
vn 0.461626 -0.605372 -0.648403
vn 0.144389 -0.580849 -0.801103
vn 0.152318 -0.716970 -0.680260
vn -0.036191 -0.573327 -0.818527
vn -0.107962 -0.735446 -0.668928
vn -0.382817 -0.581064 -0.718203
vn -0.495746 -0.694568 -0.521355
vn -0.744983 -0.548422 -0.379781
vn -0.755371 -0.580319 -0.304375
vn -0.785469 -0.561421 -0.260471
vn -0.782884 -0.531386 -0.323607
vn 0.002237 0.404714 -0.914441
vn -0.658570 -0.347617 -0.667419
vn -0.747536 -0.434209 -0.502646
vn -0.654362 -0.332819 -0.679001
vn -0.444463 -0.288533 -0.848057
vn -0.671566 -0.490632 -0.555229
vn -0.435986 -0.425594 -0.792961
vn -0.443723 -0.719627 -0.534084
vn -0.444056 -0.883022 0.151942
vn -0.751740 -0.657952 0.044567
vn -0.886756 -0.400824 0.230226
vn -0.096369 -0.753879 -0.649907
vn 0.183834 -0.925230 -0.331897
vn 0.133799 -0.986736 0.091922
vn -0.114846 -0.968736 -0.219910
vn 0.069118 -0.791797 0.606861
vn -0.152540 -0.834071 0.530149
vn 0.610398 -0.752251 0.248059
vn 0.495267 -0.595755 0.632287
vn 0.342330 -0.761058 0.551001
vn 0.440644 -0.886964 0.138304
vn 0.472069 -0.877218 -0.087405
vn 0.664367 -0.747126 0.020483
vn -0.307653 0.802841 0.510682
vn 0.829095 0.295381 0.474711
vn -0.370685 0.867962 0.330507
vn -0.430923 0.823630 0.368699
vn 0.235458 0.465493 0.853156
vn 0.709974 -0.316619 0.629039
vn 0.731287 -0.575280 0.366431
vn 0.876274 -0.479956 0.042267
vn -0.679857 -0.273657 0.680372
vn -0.668459 -0.293030 0.683591
vn -0.442853 0.046071 0.895410
vn -0.478441 0.235489 0.845954
vn 0.559330 0.748743 0.355717
vn 0.507660 0.785687 0.353520
vn 0.810190 -0.120446 -0.573660
vn -0.162340 0.765338 0.622819
vn -0.813754 0.059383 0.578167
vn 0.365693 0.865889 0.341328
vn -0.776923 -0.595584 -0.204132
vn -0.778596 -0.612261 -0.137569
vn -0.785400 -0.618201 0.031227
vn -0.415455 -0.011313 -0.909544
vn -0.696801 -0.549962 0.460446
vn -0.893173 -0.423993 -0.149904
vn -0.684987 -0.253665 0.682969
vn -0.938288 -0.344186 -0.033928
vn 0.691869 0.035002 0.721174
vn -0.616331 -0.411019 0.671714
vn -0.804219 -0.407916 0.432246
vn -0.826605 -0.366712 -0.426904
vn 0.731614 0.410765 -0.544070
vn 0.793248 0.378383 -0.477057
vn 0.855052 0.485541 0.182036
vn 0.814312 0.486334 -0.316821
vn 0.924198 0.270785 -0.269321
vn 0.830181 0.385301 0.402918
vn 0.796283 0.386877 0.465037
vn 0.806645 0.412188 0.423586
vn 0.713519 0.650092 -0.261287
vn 0.318516 0.551146 -0.771223
vn -0.079328 0.316171 -0.945380
vn 0.826355 0.541555 0.154451
vn -0.786389 -0.541442 -0.297379
vn -0.803716 -0.571494 -0.165639
vn -0.852221 -0.513370 -0.100852
vn -0.778712 -0.302042 -0.549889
vn -0.950196 -0.289158 0.116252
vn -0.963078 -0.243293 -0.115278
vn 0.776291 0.330584 -0.536737
vn 0.605269 0.390637 -0.693579
vn 0.433243 0.423983 -0.795323
vn 0.270432 0.352438 -0.895909
vn 0.627824 -0.145541 -0.764628
vn 0.552211 -0.364445 -0.749828
vn 0.027083 0.526615 -0.849672
vn 0.689621 -0.720268 -0.075079
vn 0.663350 -0.708909 -0.239613
vn 0.642089 -0.694991 -0.323590
vn 0.484076 -0.360995 -0.797091
vn -0.693685 0.640032 0.330393
vn -0.729140 0.649942 0.214314
vn -0.716755 0.677408 0.165472
vn -0.696953 0.647252 0.308742
vn -0.661471 0.749945 0.006222
vn -0.695105 0.703471 0.148184
vn 0.682444 -0.712040 0.165136
vn 0.613370 -0.638740 0.464531
vn 0.644672 -0.695846 0.316538
vn 0.413397 -0.425037 0.805262
vn 0.284738 -0.280023 0.916794
vn 0.385813 -0.391511 0.835384
vn -0.462541 0.721240 -0.515624
vn 0.651113 -0.535933 -0.537427
vn -0.429910 0.700601 -0.569505
vn -0.585173 0.743362 -0.324015
vn 0.624624 -0.453680 -0.635625
vn -0.683966 0.725946 -0.072058
vn 0.704079 -0.592632 -0.391231
vn 0.710810 -0.617817 -0.336232
vn 0.690477 -0.613161 -0.383765
vn 0.675375 -0.608989 -0.415935
vn -0.642892 0.571688 0.509767
vn -0.613056 0.603086 0.510342
vn -0.703528 0.499803 0.505218
vn 0.628394 0.420853 0.654220
vn 0.543278 0.312525 0.779216
vn 0.548742 0.375381 0.746975
vn 0.492219 0.311987 0.812640
vn 0.354620 0.679036 0.642771
vn 0.253873 0.356937 0.898969
vn 0.032963 0.919226 0.392348
vn -0.214681 0.924406 0.315255
vn -0.168740 0.790304 0.589021
vn 0.071742 0.612682 0.787066
vn 0.315149 0.242077 0.917649
vn 0.088191 0.266023 0.959924
vn -0.076163 0.610308 0.788494
vn -0.543497 0.705743 0.454466
vn -0.479919 0.639801 0.600277
vn -0.554297 0.761213 0.336616
vn -0.664886 0.666155 0.337881
vn -0.633730 0.626950 0.453122
vn 0.659473 0.464648 0.590929
vn 0.615144 0.430719 0.660363
vn -0.591758 0.576898 0.563038
vn 0.799433 -0.509040 -0.319039
vn 0.881865 -0.388141 -0.267695
vn 0.880966 -0.415855 -0.225750
vn 0.781688 -0.549476 -0.295025
vn 0.860931 -0.466879 -0.202046
vn 0.771719 -0.580514 -0.259718
vn 0.702769 -0.652044 -0.284526
vn 0.713598 -0.618004 -0.329923
vn 0.722193 -0.581144 -0.375112
vn 0.851893 -0.515799 -0.090714
vn 0.808455 -0.559746 -0.181894
vn 0.800335 -0.567378 -0.193766
vn 0.830517 -0.541648 -0.129844
vn 0.773677 -0.590206 -0.230392
vn 0.815474 -0.555492 -0.162574
vn 0.828800 -0.551050 -0.097127
vn 0.845173 -0.531272 -0.058584
vn 0.863674 -0.503665 -0.019713
vn 0.538481 0.842217 -0.026624
vn 0.535258 0.813309 0.228095
vn 0.891853 -0.443846 0.087171
vn 0.891653 -0.452081 0.024029
vn 0.860597 -0.504303 0.071071
vn 0.832367 -0.554221 0.002213
vn 0.821019 -0.569158 -0.044584
vn 0.867587 -0.492799 -0.066653
vn 0.503208 0.829989 -0.240624
vn 0.966013 0.116553 0.230725
vn 0.994447 0.001386 0.105227
vn 0.996046 -0.083495 -0.030342
vn 0.991009 -0.132582 -0.017986
vn 0.994294 -0.059781 0.088357
vn 0.970557 0.064167 0.232167
vn 0.971389 0.009684 0.237296
vn 0.975726 -0.007272 0.218874
vn 0.967930 -0.111032 0.225350
vn 0.965978 -0.126488 0.225581
vn 0.956210 -0.201048 0.212701
vn 0.951570 -0.220086 0.214657
vn 0.978588 -0.012296 0.205463
vn 0.978132 -0.012978 0.207579
vn 0.949463 -0.226822 0.216962
vn 0.951558 -0.220403 0.214384
vn 0.566568 -0.803989 0.180563
vn 0.435444 -0.885984 0.159440
vn 0.428310 -0.889270 0.160465
vn 0.564410 -0.805004 0.182786
vn 0.663569 -0.721642 0.197253
vn 0.661855 -0.724003 0.194340
vn 0.978830 -0.016413 0.204015
vn 0.969545 -0.125038 0.210591
vn 0.969083 -0.124541 0.212998
vn 0.978387 -0.015666 0.206188
vn 0.975969 0.093432 0.196865
vn 0.976333 0.093792 0.194875
vn 0.213564 0.976401 -0.032117
vn 0.754664 0.647502 0.105941
vn 0.755363 0.646511 0.107004
vn 0.209437 0.977224 -0.034199
vn 0.013754 0.996971 -0.076554
vn 0.012976 0.997119 -0.074739
vn 0.011693 0.997242 -0.073293
vn 0.012812 0.997051 -0.075668
vn 0.010513 0.997231 -0.073620
vn 0.009160 0.997462 -0.070609
vn 0.006914 0.997669 -0.067892
vn 0.008007 0.997438 -0.071085
vn 0.004296 0.997561 -0.069666
vn 0.004374 0.997718 -0.067384
vn -0.003439 0.997406 -0.071905
vn -0.001179 0.997091 -0.076215
vn 0.001053 0.997492 -0.070776
vn -0.000672 0.997532 -0.070211
vn -0.758062 0.647847 0.075069
vn -0.756476 0.647771 0.090206
vn -0.202190 0.978495 -0.040837
vn -0.198538 0.979301 -0.039409
vn -0.978574 -0.118786 0.168176
vn -0.974397 -0.115549 0.192869
vn -0.982404 -0.012097 0.186378
vn -0.986693 -0.013041 0.162069
vn -0.979645 0.093379 0.177699
vn -0.983438 0.093493 0.155271
vn -0.457464 -0.878498 0.137722
vn -0.474084 -0.867019 0.153371
vn -0.605523 -0.776856 0.172730
vn -0.592218 -0.791177 0.152697
vn -0.700137 -0.689605 0.185074
vn -0.693470 -0.702086 0.161785
vn -0.985294 -0.009759 0.170587
vn -0.959545 -0.211852 0.185454
vn -0.961256 -0.220656 0.165220
vn -0.988181 -0.017880 0.152244
vn -0.990029 0.023893 0.138823
vn -0.987837 0.034167 0.151695
vn -0.994746 0.026065 0.099001
vn -0.992215 0.053082 0.112661
vn -0.990348 0.041250 0.132326
vn -0.992736 0.022859 0.118126
vn -0.977238 0.185015 0.103804
vn -0.988915 0.112975 0.096353
vn -0.996877 0.064986 0.044875
vn -0.989656 0.131742 0.056792
vn -0.999277 0.035886 0.012591
vn -0.996970 0.077610 0.005207
vn -0.275008 0.947432 -0.163532
vn -0.265007 0.963925 0.024893
vn -0.240863 0.961906 0.129312
vn -0.988415 -0.151369 0.011084
vn -0.989736 -0.128437 0.062666
vn -0.997053 -0.026098 0.072135
vn -0.999681 0.011694 0.022397
vn -0.997828 0.034609 -0.056057
vn -0.985210 -0.169783 -0.023130
vn -0.920186 -0.363906 -0.144325
vn -0.937382 -0.318522 -0.140922
vn -0.955899 -0.278162 -0.094255
vn -0.942745 -0.317692 -0.101506
vn -0.982786 -0.184606 0.007200
vn -0.976821 -0.212349 -0.027002
vn -0.972802 -0.231120 -0.015483
vn -0.928557 -0.363518 -0.075080
vn -0.912531 -0.398693 -0.091274
vn -0.864894 -0.446662 -0.229023
vn -0.873186 -0.464767 -0.146761
vn -0.912853 -0.385950 -0.133202
vn -0.915773 -0.363543 -0.170870
vn -0.954672 -0.279728 -0.101754
vn -0.958184 -0.269131 -0.097221
vn -0.957600 -0.264507 -0.114189
vn -0.905003 -0.348453 -0.244029
vn -0.843397 -0.410769 -0.346338
vn -0.387827 -0.748538 -0.537848
vn -0.360875 -0.679732 -0.638541
vn -0.277875 -0.724410 -0.630884
vn -0.289997 -0.825713 -0.483839
vn -0.146601 -0.780015 -0.608346
vn -0.182988 -0.874802 -0.448593
vn -0.215280 -0.942565 -0.255393
vn -0.318381 -0.899282 -0.299877
vn -0.420353 -0.840688 -0.341390
vn 0.857683 -0.361083 -0.366059
vn 0.842644 -0.397874 -0.362831
vn 0.483124 -0.655452 -0.580494
vn 0.456610 -0.741944 -0.490945
vn 0.279265 -0.732631 -0.620696
vn 0.272593 -0.778905 -0.564801
vn 0.285806 -0.718252 -0.634374
vn 0.603236 -0.536244 -0.590380
vn 0.837412 -0.280144 -0.469320
vn 0.101016 0.830078 0.548422
vn 0.201563 0.788598 0.580935
vn 0.493641 0.658732 0.567794
vn 0.633526 0.713786 0.298586
vn 0.923100 0.382619 0.038601
vn 0.005169 0.777765 0.628534
vn 0.970860 -0.113531 -0.211049
vn 0.251269 -0.805285 -0.537011
vn 0.248029 0.791913 0.557993
vn 0.138441 0.793503 0.592611
vn 0.108922 0.793332 0.598966
vn 0.059306 0.806057 0.588858
vn 0.024817 0.796856 0.603660
vn 0.173005 0.803856 0.569108
vn 0.619950 0.711121 0.331616
vn 0.064158 -0.761568 -0.644902
vn 0.033540 -0.802580 -0.595601
vn 0.024756 -0.811038 -0.584469
vn 0.051730 -0.771359 -0.634295
vn 0.017347 -0.820826 -0.570915
vn 0.042027 -0.768176 -0.638858
vn -0.337833 0.775989 0.532645
vn -0.192659 0.843656 0.501126
vn -0.571098 0.728496 0.378340
vn -0.720709 0.623807 0.302396
vn -0.663603 -0.533604 -0.524306
vn -0.945435 0.100427 -0.309946
vn -0.925630 0.330856 -0.183695
vn -0.844867 0.533557 0.038946
vn -0.341317 0.782159 0.521278
vn -0.794102 0.581207 0.177763
vn -0.480080 0.786950 0.387599
vn -0.491205 0.740140 0.459250
vn -0.774957 0.572004 0.268797
vn -0.476259 0.755259 0.450291
vn -0.942381 0.319987 -0.097602
vn -0.754643 -0.327457 -0.568583
vn -0.780361 -0.374848 -0.500525
vn -0.829186 -0.430694 -0.356305
vn 0.072049 -0.779260 -0.622545
vn -0.038049 -0.851891 -0.522335
vn -0.300663 -0.822569 -0.482682
vn -0.195943 -0.743576 -0.639298
vn -0.305019 -0.657299 -0.689146
vn 0.085909 -0.765545 -0.637621
vn 0.505676 -0.716545 -0.480473
vn 0.576397 -0.703549 -0.415676
vn 0.359523 -0.782830 -0.507858
vn 0.400258 -0.751713 -0.524138
vn 0.240153 -0.837263 -0.491240
vn 0.297529 -0.775564 -0.556755
vn 0.281300 -0.769810 -0.572942
vn 0.423812 -0.746468 -0.513000
vn 0.583456 -0.693545 -0.422582
vn 0.786821 -0.462202 -0.409000
vn 0.824804 -0.413938 -0.385166
vn 0.837617 -0.447337 -0.313509
vn 0.796367 -0.505772 -0.331654
vn 0.845985 -0.484323 -0.223026
vn 0.802885 -0.542711 -0.246659
vn 0.754650 -0.598427 -0.269051
vn 0.748884 -0.559630 -0.354946
vn 0.736927 -0.517273 -0.435165
vn 0.903288 -0.428120 -0.027985
vn 0.862577 -0.484376 -0.146084
vn 0.848387 -0.512161 -0.133909
vn 0.877877 -0.475863 -0.053736
vn 0.888058 -0.459234 0.021391
vn 0.910128 -0.411951 0.044311
vn 0.506776 0.840911 0.189857
vn 0.471591 0.866247 0.164979
vn 0.930065 -0.343186 0.131157
vn 0.911819 -0.393670 0.116663
vn 0.913173 -0.388549 0.123066
vn 0.889739 -0.443554 0.107812
vn 0.970823 0.130909 0.200912
vn 0.969362 0.129759 0.208566
vn 0.975194 0.080328 0.206264
vn 0.976674 0.081269 0.198757
vn 0.979576 -0.013273 0.200634
vn 0.981855 -0.016206 0.188941
vn 0.977432 -0.116263 0.176377
vn 0.975129 -0.115244 0.189320
vn 0.964989 -0.206181 0.162128
vn 0.963248 -0.204497 0.174167
vn 0.982841 -0.020379 0.183328
vn 0.979900 -0.016523 0.198805
vn 0.957208 -0.216432 0.192122
vn 0.965430 -0.215197 0.147086
vn 0.604090 -0.796248 -0.032634
vn 0.477710 -0.875208 -0.076186
vn 0.453921 -0.887217 0.082471
vn 0.583034 -0.804584 0.112764
vn 0.672177 -0.728415 0.132627
vn 0.689283 -0.724486 0.003090
vn 0.982561 -0.008510 0.185747
vn 0.978934 -0.125856 0.160773
vn 0.972713 -0.125539 0.195113
vn 0.980254 -0.011203 0.197427
vn 0.975842 0.094071 0.197189
vn 0.974875 0.094287 0.201816
vn 0.167768 0.964086 0.205892
vn 0.721224 0.642710 0.258378
vn 0.746071 0.647879 0.153722
vn 0.197667 0.979261 0.044457
vn -0.000577 0.999987 0.005115
vn -0.027313 0.984469 0.173420
vn -0.023765 0.984856 0.171739
vn -0.000341 0.999989 0.004703
vn -0.000129 0.999989 0.004635
vn -0.018052 0.985307 0.169837
vn -0.014694 0.985528 0.168873
vn -0.000163 0.999989 0.004768
vn -0.000533 0.999992 0.003976
vn -0.014346 0.985427 0.169493
vn -0.001648 0.999997 0.001547
vn -0.014105 0.983738 0.179057
vn -0.015235 0.984626 0.174009
vn -0.001269 0.999994 0.003198
vn -0.752703 0.646565 0.124060
vn -0.741250 0.640236 0.201609
vn -0.202519 0.959487 0.195882
vn -0.199151 0.979490 0.030622
vn -0.981046 -0.115408 0.155658
vn -0.990361 -0.118247 0.072132
vn -0.994767 -0.003567 0.102104
vn -0.987209 -0.006102 0.159312
vn -0.988155 0.094252 0.121104
vn -0.982851 0.093783 0.158776
vn -0.469339 -0.881654 0.049061
vn -0.424471 -0.892145 -0.154602
vn -0.586354 -0.804242 -0.096872
vn -0.612513 -0.785094 0.091955
vn -0.690500 -0.721929 -0.045028
vn -0.705706 -0.697963 0.121765
vn -0.995171 -0.016375 0.096782
vn -0.974663 -0.214256 0.064238
vn -0.966383 -0.210323 0.147877
vn -0.988862 -0.011221 0.148415
vn -0.989875 0.038723 0.136555
vn -0.994362 0.037817 0.099065
vn -0.992829 0.061466 0.102535
vn -0.994984 0.063205 0.077536
vn -0.994927 0.048575 0.088098
vn -0.991619 0.047932 0.119975
vn -0.978915 0.187739 0.080502
vn -0.989456 0.120669 0.080098
vn -0.988460 0.119214 0.093456
vn -0.978039 0.186882 0.092272
vn -0.223183 0.973803 0.043564
vn -0.209075 0.974989 0.075388
vn -0.988558 -0.125450 0.083759
vn -0.987242 -0.145746 0.064121
vn -0.996130 -0.045422 0.075248
vn -0.995918 -0.024984 0.086741
vn -0.964571 -0.262889 -0.022175
vn -0.974160 -0.221432 0.044508
vn -0.977588 -0.204102 0.051616
vn -0.971353 -0.237392 -0.010847
vn -0.983342 -0.160488 0.085338
vn -0.984757 -0.157990 0.072749
vn -0.886901 -0.412730 -0.207509
vn -0.898752 -0.370479 -0.234500
vn -0.926526 -0.336229 -0.168819
vn -0.917250 -0.363279 -0.163347
vn -0.950566 -0.295232 -0.096245
vn -0.944693 -0.301189 -0.129774
vn -0.729885 -0.486072 -0.480626
vn -0.692978 -0.440426 -0.570795
vn -0.651581 -0.460024 -0.603175
vn -0.667851 -0.561994 -0.487994
vn -0.505927 -0.512765 -0.693621
vn -0.597131 -0.640343 -0.483110
vn -0.632277 -0.695955 -0.340401
vn -0.707581 -0.632828 -0.314416
vn -0.778135 -0.560248 -0.283950
vn 0.849959 -0.364486 -0.380421
vn 0.875389 -0.416187 -0.245933
vn 0.430736 -0.782629 -0.449397
vn 0.395641 -0.685179 -0.611554
vn 0.199823 -0.845208 -0.495675
vn 0.236137 -0.701550 -0.672359
vn 0.232249 0.706359 0.668668
vn 0.385600 0.819162 0.424600
vn 0.687247 0.642510 0.338929
vn 0.681585 0.588554 0.434794
vn 0.321942 -0.759334 -0.565478
vn 0.239169 -0.794889 -0.557629
vn 0.240029 0.839725 0.487080
vn 0.315362 0.774937 0.547740
vn 0.152459 0.875765 0.458031
vn 0.144365 0.808065 0.571130
vn 0.027958 -0.801285 -0.597629
vn 0.011860 -0.802985 -0.595882
vn -0.003560 -0.804892 -0.593410
vn -0.113494 0.828457 0.548433
vn -0.369029 0.781957 0.502355
vn -0.581150 -0.611797 -0.536628
vn -0.870374 0.426659 0.245787
vn -0.623586 0.638761 0.450694
vn -0.481237 0.746614 0.459323
vn -0.731553 0.593964 0.334719
vn -0.812124 -0.417476 -0.407638
vn -0.825353 -0.365658 -0.430217
vn -0.161811 -0.773526 -0.612760
vn -0.052070 -0.749028 -0.660489
vn -0.261754 -0.720187 -0.642506
vn -0.413800 -0.709586 -0.570313
vn 0.521263 -0.718733 -0.460117
vn 0.564579 -0.703881 -0.431047
vn 0.341547 -0.779821 -0.524618
vn 0.308023 -0.788043 -0.533020
vn 0.260157 -0.787383 -0.558880
vn 0.182443 -0.799808 -0.571858
vn -0.782500 0.571452 0.247256
vn -0.916387 0.370026 0.152698
vn -0.891306 -0.404092 -0.205630
vn 0.030225 -0.894803 -0.445438
vn -0.320658 -0.845860 -0.426263
vn 0.427925 -0.818691 -0.382917
vn 0.398148 -0.828281 -0.394244
vn 0.359149 -0.838583 -0.409622
vn 0.779678 -0.583834 -0.226364
vn 0.821495 -0.525654 -0.220984
vn 0.811956 -0.560461 -0.163131
vn 0.761027 -0.628328 -0.161375
vn 0.795970 -0.597935 -0.094365
vn 0.744373 -0.661385 -0.092083
vn 0.675253 -0.732258 -0.088496
vn 0.703842 -0.690680 -0.166035
vn 0.723542 -0.650368 -0.231321
vn 0.903986 -0.422247 -0.067207
vn 0.924014 -0.382353 0.002196
vn 0.929177 -0.364288 0.062649
vn 0.429549 0.887191 0.168462
vn 0.945216 -0.297747 0.133843
vn 0.932373 -0.338481 0.126929
vn 0.970815 0.135390 0.197961
vn 0.977423 0.082742 0.194419
vn 0.983306 -0.022483 0.180566
vn 0.978376 -0.123730 0.165746
vn 0.965869 -0.210179 0.151399
vn 0.985153 -0.022218 0.170236
vn 0.970455 -0.215986 0.107548
vn 0.488150 -0.850686 -0.195047
vn 0.611996 -0.777323 -0.145702
vn 0.697283 -0.709449 -0.102364
vn 0.982989 -0.125797 0.133821
vn 0.984497 -0.009465 0.175148
vn 0.974020 0.094435 0.205832
vn 0.695979 0.634002 0.337127
vn 0.146097 0.932805 0.329439
vn -0.046325 0.952249 0.301789
vn -0.040738 0.952628 0.301397
vn -0.031942 0.952665 0.302340
vn -0.027386 0.951932 0.305082
vn -0.029026 0.950505 0.309352
vn -0.032513 0.946530 0.320972
vn -0.033492 0.948312 0.315568
vn -0.729305 0.632317 0.261323
vn -0.212190 0.921638 0.324899
vn -0.992678 -0.120681 0.005151
vn -0.998609 -0.005293 0.052470
vn -0.991631 0.094500 0.087964
vn -0.382348 -0.873676 -0.300831
vn -0.546507 -0.798763 -0.251611
vn -0.656544 -0.726648 -0.202319
vn -0.975624 -0.218880 -0.015811
vn -0.998611 -0.020214 0.048660
vn -0.997317 0.035804 0.063859
vn -0.996400 0.062929 0.056802
vn -0.997078 0.047568 0.059770
vn -0.991352 0.113647 0.065615
vn -0.981004 0.179884 0.072618
vn -0.199278 0.968131 0.151693
vn -0.983972 -0.176821 0.023110
vn -0.995626 -0.081077 0.046423
vn -0.978336 -0.203749 0.036671
vn -0.978540 -0.201281 0.044113
vn -0.981630 -0.183094 0.053666
vn -0.915940 -0.371908 -0.150793
vn -0.948154 -0.300044 -0.104774
vn -0.971345 -0.233094 -0.046427
vn -0.707632 -0.650414 -0.276077
vn -0.680749 -0.634387 -0.366242
vn -0.606133 -0.684737 -0.404646
vn -0.621046 -0.725542 -0.296465
vn -0.466287 -0.755088 -0.460889
vn -0.519849 -0.795638 -0.310993
vn -0.549254 -0.811367 -0.200010
vn -0.641273 -0.747142 -0.174779
vn -0.734732 -0.662985 -0.143599
vn 0.884048 -0.424054 -0.196564
vn 0.545082 -0.748541 -0.377588
vn 0.311024 -0.844097 -0.436766
vn 0.515939 0.769812 0.375761
vn 0.681161 0.667046 0.301776
vn -0.038113 -0.884263 -0.465432
vn -0.113070 -0.931222 -0.346469
vn -0.171602 -0.931242 -0.321466
vn -0.123763 -0.880521 -0.457564
vn -0.340162 -0.894672 -0.289572
vn -0.259385 -0.856671 -0.445909
vn -0.266557 -0.797196 -0.541688
vn -0.124185 -0.825304 -0.550865
vn -0.073091 -0.839658 -0.538175
vn -0.264789 -0.954396 -0.137898
vn -0.556423 -0.820506 -0.131008
vn -0.408863 -0.898548 -0.159510
vn -0.208519 -0.957588 -0.198861
vn -0.129079 -0.967579 -0.217094
vn -0.006753 -0.995437 -0.095182
vn -0.180184 -0.935112 -0.305121
vn -0.210137 -0.976069 0.055957
vn -0.028110 -0.945155 -0.325410
vn 0.128567 -0.987294 -0.093384
vn -0.031210 -0.974949 -0.220230
vn 0.143599 -0.017768 0.989477
vn 0.350534 0.571034 0.742325
vn 0.492711 0.626031 0.604417
vn 0.496056 0.608682 0.619221
vn 0.401108 0.590250 0.700512
vn 0.217982 0.923709 0.315031
vn 0.323867 0.896038 0.303687
vn 0.385720 0.883696 0.265144
vn 0.471705 0.834032 0.286154
vn 0.452976 0.838529 0.302789
vn 0.388686 0.849560 0.356611
vn 0.320452 0.873438 0.366629
vn 0.289222 0.852008 0.436388
vn 0.198041 0.886217 0.418807
vn 0.076453 0.799819 0.595352
vn 0.161743 0.795806 0.583551
vn -0.015454 0.770270 0.637531
vn 0.017286 0.782126 0.622881
vn 0.069860 0.808313 0.584593
vn 0.061937 0.837024 0.543649
vn 0.260126 0.812671 0.521441
vn 0.088709 0.815904 0.571341
vn 0.605789 0.356508 -0.711282
vn 0.175122 0.916022 0.360882
vn 0.187691 0.865208 0.464960
vn 0.055047 0.806416 0.588781
vn 0.031535 0.758823 0.650533
vn 0.016883 0.726857 0.686581
vn 0.170987 0.802080 0.572216
vn 0.675758 0.076943 -0.733097
vn 0.122986 -0.619467 -0.775330
vn 0.193722 -0.522878 -0.830103
vn 0.273782 -0.492553 -0.826096
vn 0.158554 -0.590865 -0.791037
vn -0.036374 -0.820517 -0.570464
vn 0.025562 -0.764760 -0.643809
vn -0.035709 -0.781014 -0.623492
vn -0.074002 -0.800743 -0.594419
vn -0.193022 -0.786724 -0.586352
vn -0.058561 -0.792847 -0.606600
vn -0.051426 -0.798378 -0.599956
vn -0.079583 -0.800844 -0.593562
vn -0.219579 -0.809975 -0.543807
vn -0.059910 -0.777816 -0.625630
vn -0.075076 -0.777225 -0.624728
vn -0.192815 -0.777546 -0.598535
vn 0.192822 0.923592 0.331358
vn -0.404282 -0.791166 -0.458926
vn -0.757241 -0.640711 -0.126790
vn -0.818431 -0.573996 0.026445
vn -0.802405 -0.595547 0.038338
vn -0.743397 -0.667878 -0.036048
vn -0.742683 -0.661215 0.105910
vn -0.664723 -0.732030 0.149249
vn -0.647544 -0.753120 0.116176
vn -0.727676 -0.680928 -0.082614
vn -0.865774 -0.498499 0.043986
vn -0.836312 -0.535643 -0.116918
vn -0.826695 -0.558034 -0.071935
vn -0.859298 -0.509108 0.049161
vn -0.724841 -0.681892 0.098127
vn -0.774547 -0.623535 0.106212
vn -0.672564 -0.694531 -0.255506
vn -0.565882 -0.814137 -0.130226
vn -0.665321 -0.719453 -0.199336
vn -0.640745 -0.764750 0.067855
vn -0.658623 -0.749601 0.065677
vn -0.646547 -0.760734 -0.057106
vn -0.651210 -0.755170 0.075124
vn -0.518406 -0.783554 -0.342490
vn -0.435202 -0.805003 -0.403199
vn -0.569120 -0.767654 -0.294633
vn -0.489493 -0.793178 -0.362307
vn -0.491307 -0.730058 -0.475008
vn -0.457119 -0.765708 -0.452475
vn -0.789937 -0.585122 -0.183391
vn -0.679532 -0.693095 -0.240534
vn -0.709002 -0.681517 -0.181248
vn -0.654767 -0.721587 -0.224926
vn -0.816061 -0.513171 -0.265894
vn -0.735295 -0.553257 -0.391470
vn -0.748631 -0.557846 -0.358273
vn -0.811354 -0.530920 -0.244597
vn -0.660508 -0.585382 -0.470166
vn -0.720026 -0.630837 -0.289148
vn -0.597911 -0.656091 -0.460486
vn -0.598337 -0.663987 -0.448458
vn -0.562869 -0.638025 -0.525455
vn -0.432367 -0.712007 -0.553268
vn -0.404476 -0.728754 -0.552555
vn -0.527743 -0.653344 -0.542797
vn -0.525162 -0.672431 -0.521576
vn -0.560214 -0.675922 -0.478842
vn -0.459365 -0.725783 -0.512077
vn -0.685602 -0.576164 -0.444956
vn -0.598027 -0.625644 -0.500932
vn -0.583209 -0.621049 -0.523608
vn -0.584243 -0.611897 -0.533144
vn -0.737237 -0.578212 -0.349504
vn -0.690302 -0.677345 -0.254338
vn -0.684349 -0.637860 -0.353271
vn -0.710275 -0.584744 -0.391898
vn -0.576519 -0.674160 -0.461663
vn -0.533803 -0.685253 -0.495462
vn -0.579555 -0.736602 -0.348618
vn -0.564288 -0.700357 -0.437127
vn -0.595670 -0.664075 -0.451864
vn -0.280535 -0.822399 -0.494934
vn -0.099108 -0.798770 -0.593418
vn -0.292110 -0.835116 -0.466104
vn -0.181895 -0.805482 -0.564015
vn -0.173100 -0.811243 -0.558499
vn -0.052224 -0.799812 -0.597975
vn -0.645027 -0.742159 -0.182045
vn -0.572657 -0.782194 -0.245429
vn -0.486453 -0.807803 -0.332895
vn -0.465989 -0.820233 -0.331772
vn -0.577967 -0.749406 -0.323024
vn -0.363773 -0.782013 -0.506088
vn -0.346167 -0.788022 -0.509107
vn -0.569991 -0.756750 -0.320062
vn -0.302315 -0.821369 -0.483692
vn -0.419928 -0.826055 -0.375891
vn -0.183167 -0.797313 -0.575101
vn -0.162314 -0.800745 -0.576595
vn -0.177357 -0.813203 -0.554298
vn 0.738250 -0.621296 -0.262639
vn 0.680746 -0.616274 -0.395969
vn 0.731818 -0.602634 -0.318236
vn 0.744849 -0.462873 -0.480571
vn 0.723084 -0.510581 -0.465249
vn 0.700693 -0.597946 -0.389218
vn 0.735653 -0.611568 -0.291204
vn 0.653785 -0.674794 -0.342372
vn 0.627626 -0.669481 -0.397343
vn 0.664568 -0.698791 -0.264649
vn 0.714684 -0.573750 -0.400047
vn 0.698575 -0.630763 -0.337832
vn 0.720553 -0.628200 -0.293542
vn 0.686027 -0.639426 -0.347134
vn 0.696207 -0.651687 -0.300999
vn 0.692515 -0.661716 -0.287323
vn 0.736833 -0.619038 -0.271790
vn 0.695708 -0.648047 -0.309882
vn 0.769132 -0.539768 -0.342180
vn 0.762264 -0.522413 -0.382149
vn 0.746054 -0.511875 -0.425895
vn 0.802361 -0.455236 -0.385975
vn 0.747601 -0.478477 -0.460601
vn 0.709991 -0.569378 -0.414393
vn 0.749853 -0.562036 -0.349048
vn 0.762843 -0.596044 -0.250604
vn 0.775139 -0.551264 -0.308655
vn 0.809146 -0.545915 -0.217392
vn 0.834968 -0.479703 -0.269654
vn 0.751902 -0.617214 -0.231710
vn 0.739255 -0.630505 -0.236570
vn 0.705062 -0.661304 -0.256057
vn 0.756662 -0.615745 -0.219819
vn 0.761592 -0.598006 -0.249732
vn 0.693632 -0.653436 -0.303142
vn 0.793595 -0.562497 -0.231955
vn 0.705540 -0.665882 -0.242517
vn 0.737317 -0.631140 -0.240885
vn 0.788107 -0.573368 -0.223912
vn 0.809923 -0.523053 -0.265407
vn 0.789673 -0.537512 -0.295799
vn 0.776750 -0.579962 -0.245568
vn 0.816419 -0.542573 -0.197675
vn 0.681921 -0.669828 -0.293793
vn 0.731315 -0.612952 -0.299112
vn 0.699352 -0.656572 -0.282525
vn 0.787207 -0.576562 -0.218818
vn 0.812272 -0.542026 -0.215457
vn 0.814780 -0.536663 -0.219378
vn 0.770424 -0.567467 -0.290566
vn 0.786067 -0.576589 -0.222808
vn 0.770163 -0.588738 -0.245430
vn 0.832849 -0.524174 -0.177775
vn 0.787461 -0.586283 -0.190206
vn 0.673183 -0.739262 0.017812
vn 0.461154 -0.886993 -0.024090
vn 0.467774 -0.883417 -0.027596
vn 0.610271 -0.792036 -0.015782
vn 0.479715 -0.877384 -0.008412
vn 0.602325 -0.796343 -0.055169
vn 0.723455 -0.675681 -0.141663
vn 0.818209 -0.567477 -0.092217
vn 0.857910 -0.501244 -0.112896
vn 0.425910 -0.894676 -0.134740
vn 0.637799 -0.732059 -0.239378
vn 0.414287 -0.903125 -0.112830
vn 0.587275 -0.752019 -0.299293
vn 0.391088 -0.912965 -0.116383
vn 0.805350 -0.541410 -0.241427
vn 0.776942 -0.577534 -0.250632
vn 0.786005 -0.572419 -0.233521
vn 0.751952 -0.598026 -0.277368
vn 0.869804 -0.476358 -0.128549
vn 0.858716 -0.493904 -0.136624
vn 0.776199 -0.600527 -0.192046
vn 0.786692 -0.582105 -0.205596
vn 0.859364 -0.491796 -0.140110
vn 0.869058 -0.477334 -0.129958
vn -0.683933 -0.721147 -0.110374
vn -0.661902 -0.744118 -0.090409
vn -0.461480 -0.695027 -0.551339
vn -0.653934 -0.653020 -0.382014
vn 0.295671 -0.026486 -0.954922
vn -0.048561 0.017734 -0.998663
vn -0.316465 0.050699 -0.947248
vn -0.706528 -0.654116 -0.270093
vn -0.697681 -0.705733 -0.123217
vn -0.619927 -0.779958 0.085766
vn -0.632598 -0.755939 0.168452
vn -0.303304 -0.888789 0.343601
vn -0.064517 -0.980441 0.185936
vn 0.923391 -0.118418 0.365138
vn 0.990745 -0.123105 0.057186
vn 0.950419 -0.113568 -0.289492
vn -0.264570 -0.959524 -0.096525
vn -0.609012 -0.792558 0.030924
vn -0.636302 -0.730229 0.248768
vn -0.641051 -0.719094 0.268251
vn -0.634919 -0.645660 0.424267
vn -0.576121 -0.637157 0.511972
vn -0.288500 0.027073 0.957097
vn -0.003211 -0.010012 0.999945
vn 0.325838 -0.052253 0.943981
vn -0.397450 -0.672856 0.623938
vn -0.628789 -0.745756 0.220165
vn -0.765246 -0.641197 0.057136
vn -0.769897 -0.637578 -0.027438
vn -0.884672 -0.447434 -0.130989
vn -0.868477 -0.494029 0.041023
vn -0.929447 0.126358 -0.346644
vn -0.990877 0.131251 -0.030587
vn -0.949864 0.123211 0.287362
vn -0.861853 -0.468071 0.195239
vn -0.754559 -0.640068 0.144750
vn -0.337299 -0.230824 -0.912661
vn 0.319973 -0.454921 -0.831062
vn 0.233124 -0.725929 -0.647055
vn -0.375965 -0.428675 -0.821516
vn -0.774308 -0.214089 -0.595494
vn -0.806707 -0.045388 -0.589205
vn 0.863592 -0.484289 0.140260
vn 0.382960 -0.303045 0.872643
vn 0.311453 -0.535545 0.784976
vn 0.598578 -0.784035 0.164297
vn -0.219774 -0.152555 0.963549
vn -0.777635 -0.015538 0.628524
vn -0.748455 -0.157789 0.644142
vn -0.235681 -0.319507 0.917807
vn -0.998331 0.057680 -0.002971
vn -0.995783 -0.090557 -0.014679
vn -0.921277 -0.367169 -0.128204
vn -0.913868 -0.248620 -0.320987
vn -0.941865 -0.113989 -0.316065
vn -0.962721 -0.247117 -0.110005
vn -0.942232 0.145490 -0.301714
vn -0.998427 0.056045 0.001325
vn -0.947224 0.024963 0.319600
vn -0.944567 -0.308028 0.113631
vn -0.897763 -0.440276 0.013357
vn -0.095769 0.081984 -0.992022
vn 0.405681 0.097839 -0.908763
vn 0.398299 0.093087 -0.912520
vn 0.075976 0.113226 -0.990660
vn 0.448696 0.160125 -0.879222
vn 0.137021 0.188182 -0.972529
vn -0.200090 0.189202 -0.961336
vn -0.265354 0.092059 -0.959746
vn -0.277998 0.070623 -0.957982
vn 0.580494 -0.787407 -0.207407
vn 0.439530 -0.893871 -0.088362
vn 0.732752 -0.676684 0.071920
vn 0.916062 -0.343575 -0.206851
vn 0.949693 -0.126197 0.286632
vn 0.997540 -0.056357 -0.041689
vn 0.946870 -0.017797 -0.321123
vn 0.890564 -0.203727 -0.406682
vn 0.813126 -0.351642 -0.463869
vn -0.655592 -0.728033 0.200416
vn -0.727590 -0.655765 0.201458
vn -0.715727 -0.593153 0.368652
vn -0.580562 -0.643713 0.498580
vn -0.483523 -0.214057 0.848755
vn -0.162798 -0.186919 0.968792
vn 0.236658 -0.156840 0.958851
vn -0.261005 -0.706128 0.658224
vn -0.520776 -0.831345 0.194054
vn -0.984170 -0.153662 -0.088303
vn -0.941299 -0.131462 -0.310924
vn -0.918273 -0.242224 -0.313212
vn -0.967648 -0.242630 -0.069198
vn -0.843486 -0.441004 -0.306671
vn -0.876192 -0.460468 -0.142325
vn -0.884341 -0.466407 -0.020151
vn -0.945732 -0.308477 0.102141
vn -0.965258 -0.170215 0.198252
vn -0.063129 -0.122751 -0.990428
vn 0.153097 -0.190483 -0.969679
vn -0.085420 -0.434904 -0.896416
vn -0.255470 -0.369227 -0.893536
vn -0.322878 -0.640438 -0.696842
vn -0.436847 -0.595767 -0.673964
vn -0.597435 -0.509881 -0.618945
vn -0.468595 -0.252163 -0.846660
vn -0.355395 -0.056203 -0.933025
vn 0.822998 -0.495113 -0.278455
vn 0.841919 -0.519459 0.146067
vn 0.658078 -0.751304 0.049753
vn 0.611160 -0.745186 -0.266798
vn -0.152207 -0.962736 -0.223546
vn -0.120789 -0.902784 -0.412785
vn -0.090363 -0.823505 -0.560066
vn 0.586992 -0.575395 -0.569527
vn 0.739130 -0.436755 -0.512769
vn -0.465728 -0.366322 0.805547
vn -0.603223 -0.318305 0.731303
vn -0.651779 -0.382517 0.654877
vn -0.464314 -0.561052 0.685298
vn -0.765282 -0.608920 0.208708
vn -0.673147 -0.713393 0.194792
vn -0.548610 -0.817843 0.173664
vn -0.224898 -0.619928 0.751738
vn -0.051134 -0.443702 0.894714
vn -0.788318 -0.440440 -0.429614
vn -0.738881 -0.433423 -0.515945
vn -0.880301 -0.195787 -0.432132
vn -0.973602 -0.135149 -0.183939
vn -0.951624 0.190322 -0.241225
vn -0.975609 0.122706 0.182020
vn -0.913439 0.008767 0.406882
vn -0.944255 -0.068085 0.322097
vn -0.880432 -0.437769 -0.182201
vn -0.492831 -0.455234 -0.741539
vn -0.366799 -0.427076 -0.826477
vn 0.020796 -0.118694 -0.992713
vn -0.315773 -0.160047 -0.935239
vn 0.450332 0.238907 -0.860305
vn 0.104344 0.211474 -0.971798
vn -0.249207 0.200303 -0.947510
vn -0.470916 -0.212698 -0.856153
vn -0.553829 -0.465600 -0.690282
vn 0.048292 -0.864225 -0.500783
vn 0.025560 -0.928041 -0.371599
vn 0.820628 -0.569826 0.043226
vn 0.792034 -0.349843 -0.500292
vn 0.948881 -0.209519 0.236066
vn 0.991156 -0.102829 -0.083877
vn 0.886018 -0.035689 -0.462275
vn 0.540930 -0.375849 -0.752418
vn 0.107641 -0.575777 -0.810490
vn -0.672078 -0.738585 0.052948
vn -0.758012 -0.649802 0.056352
vn -0.684249 -0.526846 0.504219
vn -0.402030 -0.454834 0.794669
vn -0.292818 -0.126618 0.947748
vn -0.104724 -0.239482 0.965236
vn 0.103232 -0.341836 0.934072
vn -0.029312 -0.498510 0.866389
vn -0.589482 -0.806272 0.049352
vn -0.999867 0.005933 0.015182
vn -0.951130 0.132490 -0.278922
vn -0.910809 -0.106005 -0.398987
vn -0.968934 -0.197938 -0.148281
vn -0.828569 -0.290893 -0.478388
vn -0.889850 -0.375317 -0.259431
vn -0.901622 -0.416086 -0.118114
vn -0.945350 -0.325987 0.006792
vn -0.960196 -0.133304 0.245466
vn 0.229320 0.319914 -0.919276
vn 0.483924 0.267745 -0.833145
vn 0.144744 -0.007703 -0.989439
vn 0.020553 0.095412 -0.995226
vn -0.070558 -0.171270 -0.982694
vn -0.207759 -0.182991 -0.960911
vn -0.535040 -0.196441 -0.821671
vn -0.272835 0.168714 -0.947152
vn -0.088861 0.391395 -0.915923
vn 0.993004 -0.064036 -0.099208
vn 0.945176 -0.226159 0.235572
vn 0.925389 -0.311156 0.216419
vn 0.940773 -0.260310 -0.217223
vn 0.403599 -0.908880 -0.105101
vn 0.497038 -0.631768 -0.594829
vn 0.471214 -0.334927 -0.815954
vn 0.913596 0.028539 -0.405620
vn 0.930598 0.049201 -0.362720
vn -0.335023 -0.442064 0.832069
vn -0.547448 -0.362757 0.754128
vn -0.626231 -0.434852 0.647100
vn -0.448134 -0.579422 0.680769
vn -0.784745 -0.581114 0.215595
vn -0.614142 -0.720365 0.322342
vn -0.475813 -0.791061 0.384479
vn -0.265105 -0.670046 0.693367
vn -0.038414 -0.472479 0.880504
vn -0.902773 -0.212738 -0.373823
vn -0.784062 -0.215240 -0.582168
vn -0.887096 0.140066 -0.439820
vn -0.993120 0.022513 -0.114917
vn -0.815837 0.556618 -0.156801
vn -0.880663 0.470202 0.057817
vn -0.848326 0.339131 0.406611
vn -0.995153 -0.067684 0.071342
vn -0.982103 -0.186454 -0.026641
vn -0.124293 -0.354907 -0.926603
vn 0.137726 -0.370334 -0.918632
vn 0.561391 0.207836 -0.801027
vn 0.247458 0.222461 -0.943014
vn 0.648795 0.421738 -0.633405
vn 0.399693 0.572506 -0.715879
vn 0.078202 0.655318 -0.751294
vn -0.123024 0.179788 -0.975982
vn -0.275246 -0.334314 -0.901373
vn 0.704835 -0.702051 -0.101647
vn 0.652765 -0.737864 0.171624
vn 0.754188 -0.602624 0.260855
vn 0.909023 -0.416726 0.003984
vn 0.860973 -0.011508 0.508521
vn 0.973923 0.114392 0.195929
vn 0.988010 0.153927 -0.011943
vn 0.933105 -0.231131 -0.275489
vn 0.683269 -0.557526 -0.471497
vn -0.362070 -0.708048 0.606279
vn -0.570587 -0.619541 0.539072
vn -0.575119 -0.597341 0.558947
vn -0.359033 -0.695140 0.622797
vn -0.433128 0.025184 0.900981
vn -0.193950 -0.067872 0.978661
vn 0.147724 -0.011782 0.988959
vn -0.136102 -0.744342 0.653783
vn -0.136114 -0.756689 0.639449
vn -0.980757 0.154397 -0.119489
vn -0.878685 0.165796 -0.447687
vn -0.852327 0.005578 -0.522980
vn -0.955409 -0.125768 -0.267162
vn -0.667126 -0.370573 -0.646234
vn -0.794305 -0.460498 -0.396259
vn -0.844029 -0.501224 -0.190761
vn -0.964872 -0.262079 -0.018344
vn -0.971461 0.099996 0.215092
vn 0.123871 0.019742 -0.992102
vn 0.384031 -0.044294 -0.922257
vn 0.238585 -0.286485 -0.927903
vn 0.051986 -0.167740 -0.984460
vn 0.094390 -0.474564 -0.875145
vn -0.067235 -0.437041 -0.896925
vn -0.280755 -0.367544 -0.886616
vn -0.182849 -0.069116 -0.980709
vn -0.141151 0.077125 -0.986979
vn 0.977791 -0.167459 0.126025
vn 0.851520 -0.157972 0.499960
vn 0.762396 -0.502913 0.407223
vn 0.848390 -0.528927 -0.021714
vn 0.378517 -0.917912 0.119007
vn 0.412921 -0.874240 -0.255343
vn 0.389364 -0.710314 -0.586387
vn 0.865283 -0.333976 -0.373826
vn 0.957194 -0.149739 -0.247705
vn -0.163909 -0.045886 0.985408
vn -0.431602 0.001597 0.902063
vn -0.520299 -0.244552 0.818220
vn -0.247926 -0.384710 0.889118
vn -0.571796 -0.725694 0.382646
vn -0.333300 -0.809830 0.482790
vn -0.099009 -0.834412 0.542175
vn 0.055407 -0.374754 0.925467
vn 0.126527 -0.084019 0.988399
vn 0.736976 -0.601407 -0.308505
vn 0.693655 -0.658361 -0.292240
vn 0.721705 -0.043917 -0.690806
vn 0.591900 -0.213716 -0.777161
vn 0.357162 0.598523 -0.717081
vn 0.089495 0.440821 -0.893122
vn -0.154651 0.207576 -0.965917
vn 0.537576 -0.348600 -0.767783
vn 0.759755 -0.567711 -0.316981
vn 0.407193 -0.719663 -0.562386
vn 0.478033 -0.761457 -0.437798
vn 0.930222 -0.342884 0.130835
vn 0.994264 0.024181 0.104186
vn 0.573169 0.476655 0.666542
vn 0.670324 0.586170 0.455051
vn 0.677149 0.652691 0.339799
vn 0.914617 -0.193199 -0.355176
vn 0.369179 -0.693342 -0.618857
vn 0.682073 -0.655396 -0.324397
vn 0.705077 -0.641080 -0.303122
vn 0.552963 -0.833051 -0.016068
vn 0.514028 -0.854517 0.074669
vn -0.438909 -0.469078 0.766371
vn -0.223450 -0.366115 0.903344
vn -0.008462 -0.192247 0.981310
vn 0.528994 -0.805150 0.268138
vn 0.568290 -0.710222 -0.415490
vn 0.704700 -0.643286 -0.299301
vn 0.708240 -0.629930 -0.318723
vn 0.241139 -0.709602 -0.662055
vn 0.394924 -0.799524 -0.452545
vn -0.657863 -0.299468 -0.691040
vn -0.768978 -0.433600 -0.469748
vn -0.824402 -0.559004 -0.088743
vn 0.443398 -0.836634 -0.321624
vn 0.702989 -0.649134 -0.290572
vn 0.353239 0.152337 -0.923047
vn 0.655416 0.265389 -0.707106
vn 0.816879 -0.031108 -0.575970
vn 0.604838 -0.149422 -0.782204
vn 0.865461 -0.292269 -0.406886
vn 0.753834 -0.391665 -0.527572
vn 0.638346 -0.464135 -0.614079
vn 0.447056 -0.304659 -0.841026
vn 0.043631 0.017148 -0.998901
vn 0.913336 0.291779 0.284049
vn 0.856413 0.174053 0.486068
vn 0.972069 -0.225628 0.064599
vn 0.994505 -0.103174 0.017737
vn 0.984204 -0.044377 -0.171388
vn 0.929237 0.368366 0.028740
vn -0.153839 -0.234460 0.959876
vn -0.542760 -0.317611 0.777518
vn -0.320918 -0.600636 0.732290
vn 0.042338 -0.584807 0.810067
vn 0.472961 -0.877047 0.084240
vn 0.644619 -0.758698 0.094036
vn 0.803921 -0.586244 0.100146
vn 0.267895 -0.282594 0.921072
vn 0.093228 -0.163361 0.982152
vn -0.782981 -0.386090 -0.487724
vn -0.645662 -0.325489 -0.690781
vn -0.486718 -0.444456 -0.752040
vn -0.536548 -0.698979 -0.472804
vn 0.398263 -0.688073 -0.606582
vn 0.350318 -0.811746 -0.467276
vn 0.295399 -0.898246 -0.325412
vn -0.667212 -0.723544 -0.176951
vn -0.900220 -0.431520 -0.058270
vn 0.480284 -0.139124 -0.866009
vn 0.606674 -0.000144 -0.794951
vn 0.595795 0.025325 -0.802737
vn 0.484764 -0.078411 -0.871123
vn 0.538241 0.144335 -0.830340
vn 0.368449 0.066011 -0.927301
vn 0.116561 -0.042932 -0.992255
vn 0.321979 -0.201945 -0.924958
vn 0.371491 -0.240829 -0.896658
vn 0.995688 0.092673 0.004167
vn 0.949629 0.025204 0.312362
vn 0.921417 0.109561 0.372810
vn 0.989302 0.141638 0.034920
vn 0.765769 0.361795 0.531697
vn 0.918808 0.384114 0.090824
vn 0.908591 0.351064 -0.226311
vn 0.953899 0.178291 -0.241433
vn 0.959685 0.140072 -0.243691
vn 0.629892 -0.716442 0.299914
vn 0.588582 -0.774755 0.230924
vn 0.470028 -0.791531 0.390580
vn 0.556376 -0.591868 0.583213
vn -0.547881 -0.149010 0.823178
vn -0.341606 -0.054081 0.938286
vn -0.124182 0.039764 0.991462
vn 0.648076 -0.463015 0.604661
vn 0.714969 -0.502792 0.485818
vn 0.416573 -0.814511 -0.403781
vn 0.350862 -0.702222 -0.619500
vn 0.260537 -0.713884 -0.649993
vn 0.258144 -0.837505 -0.481609
vn -0.772101 -0.363562 -0.521231
vn -0.909779 -0.386141 -0.152305
vn -0.905209 -0.348019 0.243884
vn 0.254724 -0.942322 -0.217130
vn 0.442792 -0.856308 -0.265843
vn 0.273281 0.102747 -0.956431
vn 0.490997 0.203277 -0.847113
vn 0.555408 0.132485 -0.820957
vn 0.414560 -0.033317 -0.909412
vn 0.752388 -0.183806 -0.632557
vn 0.655992 -0.283884 -0.699346
vn 0.560728 -0.364483 -0.743462
vn 0.290804 -0.170882 -0.941399
vn 0.040234 0.006563 -0.999169
vn 0.876021 0.439696 0.198130
vn 0.736658 0.389268 0.552998
vn 0.963123 0.030257 0.267354
vn 0.974573 0.209312 0.079973
vn 0.969770 -0.243912 0.007314
vn 0.967378 -0.194881 -0.161866
vn 0.929680 -0.133535 -0.343312
vn 0.930369 0.257103 -0.261366
vn 0.884705 0.417243 -0.207858
vn -0.312430 -0.125796 0.941575
vn -0.487398 -0.225536 0.843550
vn -0.150446 -0.555347 0.817897
vn 0.136173 -0.479834 0.866727
vn 0.578431 -0.789672 0.204538
vn 0.707214 -0.665885 0.237581
vn 0.818442 -0.510302 0.264091
vn 0.217697 -0.172340 0.960681
vn -0.076685 0.008600 0.997018
vn -0.891584 -0.439687 -0.108415
vn -0.755083 -0.380321 -0.534047
vn -0.425075 -0.588077 -0.688096
vn -0.445684 -0.838486 -0.313539
vn 0.411255 -0.668159 -0.620026
vn 0.416815 -0.800512 -0.430634
vn 0.400152 -0.890000 -0.218583
vn -0.450128 -0.892068 0.039985
vn -0.872991 -0.434783 0.221022
vn 0.795542 -0.592922 -0.124725
vn 0.791289 -0.598725 -0.124058
vn 0.817896 -0.528479 -0.227501
vn 0.805546 -0.499266 -0.319106
vn 0.017057 0.664680 -0.746933
vn -0.382473 0.463573 -0.799259
vn -0.547791 0.333415 -0.767307
vn 0.732378 -0.542882 -0.410977
vn 0.807326 -0.576372 -0.126572
vn 0.755519 -0.610709 -0.237120
vn 0.752381 -0.610693 -0.246935
vn 0.846499 -0.509733 -0.153659
vn 0.825485 -0.524132 -0.209428
vn 0.326766 0.735577 0.593423
vn 0.412560 0.820387 0.395929
vn 0.503909 0.863208 0.030779
vn 0.835408 -0.500893 -0.226275
vn 0.758416 -0.610664 -0.227803
vn 0.745016 -0.597005 -0.297550
vn 0.763113 -0.565416 -0.312990
vn 0.739152 -0.640345 -0.208836
vn 0.753339 -0.635988 -0.167334
vn -0.709704 0.131858 0.692051
vn -0.565872 0.235973 0.790004
vn -0.282996 0.383798 0.878984
vn 0.748197 -0.639917 -0.175236
vn 0.720656 -0.635328 -0.277515
vn 0.838056 -0.532397 -0.119231
vn 0.819467 -0.567724 -0.078514
vn 0.705053 -0.685452 -0.181811
vn 0.731046 -0.663856 -0.157695
vn -0.958737 0.016515 -0.283813
vn -0.998145 -0.011955 -0.059701
vn -0.992174 -0.034072 0.120123
vn 0.768397 -0.625857 -0.133677
vn 0.845100 -0.516931 -0.136340
vn 0.216511 0.072802 -0.973562
vn 0.314603 0.473195 -0.822868
vn 0.419173 0.382253 -0.823515
vn 0.263288 0.177518 -0.948244
vn 0.504092 0.296639 -0.811108
vn 0.320745 0.105145 -0.941312
vn 0.058914 -0.106795 -0.992534
vn 0.064161 -0.110455 -0.991808
vn 0.141467 -0.163649 -0.976323
vn 0.230054 0.918856 0.320592
vn 0.137951 0.796715 0.588400
vn 0.469470 0.665027 0.580807
vn 0.569595 0.772019 0.282043
vn 0.727440 0.463419 0.506038
vn 0.780886 0.567487 0.261106
vn 0.797060 0.600826 -0.060856
vn 0.570524 0.821190 0.012193
vn 0.288337 0.953921 0.083041
vn -0.259146 -0.227547 0.938651
vn -0.316455 -0.482441 0.816766
vn -0.377568 -0.417723 0.826408
vn -0.198196 -0.115957 0.973279
vn -0.426994 -0.360265 0.829389
vn -0.146615 -0.147924 0.978071
vn 0.078388 0.069150 0.994522
vn 0.009153 0.132121 0.991191
vn -0.114209 0.241253 0.963718
vn -0.241726 -0.930506 -0.275187
vn -0.174616 -0.854466 -0.489282
vn -0.445485 -0.735128 -0.511009
vn -0.538029 -0.805802 -0.247403
vn -0.606567 -0.617873 -0.500310
vn -0.724620 -0.659074 -0.201362
vn -0.752707 -0.652819 0.085199
vn -0.606901 -0.792019 0.066165
vn -0.308937 -0.950656 0.028477
vn 0.750071 -0.051975 -0.659312
vn 0.572902 -0.218969 -0.789833
vn 0.842534 -0.354050 -0.405936
vn 0.761875 -0.458784 -0.457235
vn 0.675020 -0.546210 -0.495986
vn 0.454209 -0.394953 -0.798565
vn 0.974958 -0.084083 0.205879
vn 0.999048 0.002477 0.043562
vn 0.923395 -0.383851 0.000714
vn 0.931639 -0.346794 -0.108553
vn 0.926797 -0.302575 -0.222477
vn 0.983002 0.049721 -0.176736
vn -0.152426 -0.637081 0.755576
vn 0.133589 -0.516585 0.845750
vn 0.414719 -0.861184 0.293888
vn 0.584035 -0.761897 0.280028
vn 0.754912 -0.606454 0.249642
vn 0.409592 -0.234823 0.881528
vn -0.610694 -0.607605 -0.507808
vn -0.574814 -0.791216 -0.208725
vn 0.358552 -0.855002 -0.374715
vn 0.269222 -0.945562 -0.182844
vn 0.181657 -0.983297 -0.011327
vn -0.713527 -0.695324 0.086045
vn 0.648629 -0.623226 -0.436886
vn 0.772648 -0.398235 -0.494393
vn 0.767508 -0.362469 -0.528723
vn 0.688209 -0.447923 -0.570731
vn 0.373105 0.339899 -0.863285
vn 0.065370 0.331636 -0.941140
vn -0.139240 0.044288 -0.989268
vn 0.537819 -0.599653 -0.592594
vn 0.617536 -0.664195 -0.421301
vn 0.973212 -0.210185 0.093171
vn 0.939839 -0.282639 0.191882
vn 0.950310 -0.224470 0.215693
vn 0.994959 -0.085419 -0.052542
vn 0.876133 0.297942 0.378973
vn 0.960881 0.273734 0.042154
vn 0.929554 0.278566 -0.241517
vn 0.980046 0.003233 -0.198743
vn 0.979850 0.017261 -0.198988
vn 0.701006 -0.703023 0.119786
vn 0.681591 -0.726105 0.090581
vn 0.633105 -0.751027 0.187448
vn 0.704210 -0.660687 0.259964
vn -0.606770 0.002288 0.794874
vn -0.442167 0.234813 0.865651
vn -0.319961 0.390557 0.863186
vn 0.747628 -0.607399 0.268551
vn 0.754054 -0.622205 0.210387
vn 0.575108 -0.793254 -0.199999
vn 0.550795 -0.789219 -0.271585
vn 0.464433 -0.821971 -0.329646
vn 0.472532 -0.849173 -0.235838
vn -0.958592 0.228572 -0.169870
vn -0.997280 0.069986 -0.023105
vn -0.970837 0.133412 0.199193
vn 0.506935 -0.851053 -0.136844
vn 0.593738 -0.793049 -0.136196
vn 0.297608 -0.013654 -0.954591
vn 0.556906 0.101512 -0.824349
vn 0.707489 -0.177861 -0.683977
vn 0.548354 -0.359356 -0.755097
vn 0.771363 -0.555443 -0.310616
vn 0.704486 -0.622631 -0.340632
vn 0.625892 -0.687200 -0.368802
vn 0.384524 -0.475436 -0.791266
vn 0.038887 -0.136120 -0.989929
vn 0.964456 0.258537 0.054627
vn 0.902867 0.230779 0.362729
vn 0.957532 -0.145934 0.248669
vn 0.994898 -0.096477 0.029516
vn 0.857927 -0.505093 0.094034
vn 0.867510 -0.497080 -0.018395
vn 0.866590 -0.484277 -0.120406
vn 0.975316 -0.101072 -0.196326
vn 0.940018 0.244386 -0.237996
vn -0.190918 -0.142007 0.971280
vn -0.417824 -0.239841 0.876299
vn 0.075323 -0.647684 0.758177
vn 0.278585 -0.548179 0.788600
vn 0.599289 -0.771070 0.215184
vn 0.669558 -0.706048 0.230625
vn 0.745808 -0.618941 0.246338
vn 0.440528 -0.282847 0.852017
vn 0.135000 0.001378 0.990845
vn -0.896267 -0.437626 -0.072032
vn -0.825264 -0.389165 -0.409255
vn -0.383558 -0.793994 -0.471654
vn -0.316587 -0.939532 -0.130582
vn 0.491311 -0.834395 -0.249798
vn 0.489632 -0.863433 -0.121424
vn 0.481254 -0.876547 -0.007817
vn -0.413126 -0.893695 0.175031
vn -0.885913 -0.405825 0.224642
vn 0.529523 0.155550 -0.833912
vn 0.337823 0.068770 -0.938694
vn 0.099191 -0.031628 -0.994566
vn -0.769356 -0.366274 -0.523388
vn -0.910172 -0.396283 -0.120608
vn -0.898833 -0.367347 0.239073
vn -0.535269 -0.165661 0.828278
vn -0.345889 -0.073602 0.935384
vn -0.116077 0.034445 0.992643
vn 0.758959 0.368406 0.536897
vn 0.906930 0.397861 0.138509
vn 0.904495 0.363567 -0.222954
vn 0.551159 0.376888 -0.744432
vn 0.253552 0.259137 -0.931965
vn -0.065600 0.112623 -0.991470
vn -0.713921 -0.247078 -0.655186
vn -0.875706 -0.330708 -0.351810
vn -0.717963 -0.247978 -0.650412
vn -0.900623 -0.348230 -0.260027
vn -0.926853 -0.374654 -0.024055
vn -0.927514 -0.373166 -0.021572
vn -0.586498 -0.248709 0.770821
vn -0.363821 -0.157752 0.918014
vn -0.578034 -0.261771 0.772886
vn -0.412443 -0.199365 0.888901
vn -0.055316 -0.059466 0.996697
vn -0.095654 -0.035728 0.994773
vn 0.659155 0.398408 0.637798
vn 0.776107 0.490209 0.396679
vn 0.821747 0.540830 0.179542
vn 0.530141 0.141493 -0.836021
vn 0.277538 0.048508 -0.959489
vn -0.032544 -0.064544 -0.997384
vn -0.864960 -0.317633 -0.388527
vn -0.937827 -0.340286 -0.068461
vn -0.919678 -0.321771 0.225067
vn -0.485577 -0.161763 0.859097
vn -0.227126 -0.068043 0.971485
vn 0.086412 0.045151 0.995236
vn 0.880672 0.287440 0.376556
vn 0.950746 0.305726 0.051133
vn 0.926089 0.289035 -0.242524
vn -0.860629 0.433898 -0.266554
vn -0.929948 0.366369 0.031160
vn -0.915673 0.238972 0.323166
vn -0.335172 0.220733 0.915935
vn -0.083058 0.157896 0.983957
vn 0.178558 0.086253 0.980142
vn 0.847140 0.002111 0.531366
vn 0.979265 0.015795 0.201966
vn 0.992761 0.108935 -0.050591
vn 0.438755 0.046280 -0.897414
vn 0.216429 0.205409 -0.954445
vn -0.093289 0.239763 -0.966339
vn 0.526734 0.302179 -0.794505
vn 0.282495 0.389437 -0.876662
vn -0.030212 0.468360 -0.883021
vn -0.943242 0.262816 -0.203036
vn -0.989001 0.107666 0.101418
vn -0.937003 -0.046339 0.346233
vn -0.522979 -0.341538 0.780926
vn -0.319686 -0.419523 0.849589
vn -0.036829 -0.477590 0.877810
vn 0.937385 -0.279351 0.208019
vn 0.984711 -0.104940 -0.139037
vn 0.922270 0.028194 -0.385517
vn 0.328418 0.006585 -0.944510
vn 0.093146 0.100475 -0.990570
vn -0.210063 0.170317 -0.962739
vn -0.943177 0.133226 -0.304413
vn -0.992517 0.120290 0.020996
vn -0.949889 0.042905 -0.309631
vn -0.998032 0.034708 0.052223
vn -0.946706 0.025464 0.321092
vn -0.938923 0.060646 0.338741
vn -0.339724 -0.036766 0.939806
vn -0.033685 -0.072815 0.996777
vn -0.363793 -0.059188 0.929598
vn 0.078827 -0.101828 0.991674
vn 0.257390 -0.113542 0.959614
vn 0.268631 -0.101121 0.957921
vn 0.951510 -0.099672 0.291023
vn 0.996211 -0.079400 -0.035483
vn 0.947525 -0.164691 0.273994
vn 0.984953 -0.170575 0.027804
vn 0.909260 -0.156471 -0.385699
vn 0.947258 -0.016199 -0.320062
vn 0.249798 -0.078115 -0.965142
vn -0.039881 -0.019663 -0.999011
vn 0.228635 -0.101388 -0.968218
vn 0.038208 -0.072334 -0.996648
vn -0.358698 -0.003651 -0.933447
vn -0.329613 0.033446 -0.943523
vn -0.930862 0.115995 -0.346469
vn -0.991386 0.124966 -0.039212
vn -0.931917 0.108762 -0.345978
vn -0.991189 0.115579 -0.064696
vn -0.951023 0.110780 0.288590
vn -0.950459 0.117139 0.287933
vn -0.297651 0.014867 0.954559
vn 0.012894 -0.033647 0.999351
vn -0.314647 -0.007532 0.949179
vn 0.093667 -0.069030 0.993208
vn 0.281330 -0.094030 0.954993
vn 0.294590 -0.081681 0.952127
vn 0.914820 -0.142710 0.377807
vn 0.984215 -0.168469 0.054206
vn 0.898912 -0.183913 0.397659
vn 0.978892 -0.203406 0.019929
vn 0.934813 -0.196630 -0.295738
vn 0.944017 -0.152309 -0.292631
vn 0.442086 0.585608 0.679429
vn 0.235827 0.832796 0.500836
vn -0.128919 -0.950748 0.281885
vn -0.636356 -0.559952 0.530571
vn 0.216330 -0.885488 0.411232
vn 0.132456 -0.896111 0.423605
vn 0.086300 -0.497753 -0.863015
vn 0.181929 -0.487950 -0.853702
vn -0.538767 -0.807720 -0.239413
vn -0.614435 -0.756594 -0.223685
vn 0.163608 0.064837 -0.984392
vn 0.261625 -0.068776 -0.962716
vn -0.037745 -0.007305 0.999261
vn -0.107625 -0.000011 0.994192
vn -0.615222 0.750076 0.242666
vn -0.578009 0.777578 0.247544
vn 0.684592 -0.012113 0.728826
vn 0.633980 0.007186 0.773316
vn 0.485893 0.867383 -0.107496
vn 0.682467 0.662347 -0.309089
vn 0.601998 -0.556531 0.572600
vn 0.772725 -0.332690 0.540567
vn -0.773813 -0.540588 -0.330118
vn -0.766744 -0.423754 -0.482220
vn -0.484598 0.629456 -0.607412
vn -0.709985 0.493737 -0.502141
vn 0.692236 0.658587 0.295082
vn 0.741122 0.588364 0.323365
vn 0.532846 0.792521 0.296623
vn 0.060433 0.445960 -0.893010
vn -0.147041 0.565592 -0.811471
vn 0.638791 0.691946 0.336388
vn -0.150084 -0.709657 0.688376
vn 0.209252 -0.671156 0.711170
vn -0.315418 -0.278880 -0.907049
vn -0.558419 -0.396783 -0.728513
vn 0.734090 0.017986 0.678815
vn 0.528435 -0.163344 0.833111
vn 0.693199 0.386032 -0.608650
vn -0.614730 -0.564797 -0.550556
vn -0.996550 -0.023321 -0.079654
vn -0.755520 -0.198577 0.624305
vn 0.198654 0.694282 0.691744
vn -0.681443 0.701117 -0.209931
vn -0.792204 -0.209267 -0.573254
vn -0.599951 -0.790575 0.122683
vn -0.760768 -0.553318 0.339222
vn -0.919034 -0.127533 -0.372976
vn 0.368867 0.094901 0.924625
vn 0.275902 0.012155 0.961109
vn -0.091221 0.994194 0.057079
vn -0.004748 0.999508 0.031013
vn 0.565816 0.088185 0.819802
vn 0.485496 0.062089 0.872032
vn 0.074401 0.996687 0.032874
vn 0.245653 0.969244 -0.014877
vn -0.524140 -0.207037 -0.826083
vn -0.177450 -0.979730 -0.092959
vn -0.370089 -0.928140 -0.039886
vn -0.648218 -0.206350 -0.732962
vn -0.306830 -0.133689 -0.942328
vn 0.015820 -0.991147 -0.131825
vn -0.068177 -0.990632 -0.118325
vn -0.428746 -0.130029 -0.894019
vn 0.193369 -0.035718 0.980476
vn 0.051854 -0.005937 0.998637
vn -0.509096 0.825752 0.242806
vn -0.343207 0.920546 0.186562
vn -0.033393 -0.027180 -0.999073
vn 0.460905 -0.835552 -0.299031
vn 0.248286 -0.940329 -0.232670
vn -0.133169 -0.112064 -0.984738
vn 0.119711 0.030166 -0.992350
vn 0.612369 -0.738516 -0.282133
vn 0.554854 -0.777873 -0.295044
vn 0.050801 0.011229 -0.998646
vn 0.674394 -0.385530 0.629730
vn 0.501837 -0.788720 0.355078
vn 0.908926 -0.257013 -0.328324
vn 0.990384 0.137377 -0.016324
vn -0.226659 0.065996 0.971736
vn -0.294229 0.173966 0.939769
vn -0.533409 0.801521 0.270258
vn -0.615785 0.749752 0.242243
vn 0.292098 -0.042438 -0.955446
vn 0.633240 -0.727449 -0.264244
vn 0.657147 -0.706992 -0.261382
vn 0.257001 -0.001323 -0.966410
vn 0.183977 0.030877 -0.982445
vn 0.645419 -0.715046 -0.268595
vn -0.169716 0.023633 0.985210
vn -0.629158 0.739632 0.238965
vn -0.245464 0.356184 0.901599
vn 0.293505 0.280398 0.913910
vn 0.498463 0.799322 0.335587
vn -0.231893 0.911836 0.338792
vn 0.026152 0.324602 -0.945489
vn -0.089027 -0.976132 -0.198094
vn 0.505856 -0.814186 -0.284975
vn 0.169777 0.026096 -0.985137
vn -0.267801 0.851934 -0.449990
vn -0.844601 0.045479 0.533461
vn -0.881854 -0.322493 0.343994
vn -0.167494 0.581151 -0.796373
vn 0.068832 -0.995732 0.061479
vn -0.032156 -0.999436 -0.009631
vn 0.610774 -0.344058 -0.713147
vn 0.671217 -0.357149 -0.649548
vn 0.300507 -0.928317 0.218916
vn 0.163017 -0.978458 0.126670
vn 0.726125 -0.355156 -0.588733
vn 0.801307 -0.332356 -0.497441
vn -0.089168 0.981330 -0.170416
vn -0.726339 0.206514 0.655579
vn -0.782759 0.176349 0.596816
vn -0.192512 0.945899 -0.261179
vn 0.099542 0.993687 -0.051747
vn -0.627335 0.187866 0.755749
vn -0.680658 0.207699 0.702543
vn -0.003852 0.993785 -0.111247
vn -0.176403 -0.978885 -0.103282
vn -0.369186 -0.907864 -0.198711
vn 0.391810 -0.214583 -0.894672
vn 0.521574 -0.308316 -0.795551
vn 0.462793 0.883050 0.077756
vn -0.444114 0.057285 0.894137
vn -0.552556 0.132143 0.822934
vn 0.259352 0.965649 0.016060
vn 0.631283 0.765932 0.121778
vn -0.155592 -0.061183 0.985925
vn -0.300192 -0.011077 0.953814
vn 0.602706 0.790556 0.108473
vn 0.268333 -0.440776 0.856571
vn 0.299204 -0.434168 0.849692
vn -0.370337 0.805563 0.462514
vn -0.281189 0.845494 0.453952
vn -0.422080 -0.863673 0.275531
vn 0.139898 -0.566900 0.811821
vn 0.754586 0.342383 -0.559798
vn 0.458712 0.204260 -0.864790
vn -0.478749 -0.860999 -0.171699
vn -0.432290 -0.890980 -0.138851
vn -0.000210 0.146303 -0.989240
vn 0.035897 0.190829 -0.980967
vn 0.400388 0.899168 0.176595
vn -0.006502 -0.053492 0.998547
vn -0.000514 -0.054284 0.998526
vn 0.446875 0.879363 0.164387
vn 0.566043 0.812319 0.140477
vn -0.049970 -0.072329 0.996128
vn -0.582529 -0.789184 -0.194548
vn 0.092815 0.155584 -0.983453
vn -0.503989 -0.858330 -0.096256
vn -0.556257 -0.830622 -0.025397
vn 0.105598 0.028951 -0.993987
vn -0.008415 0.062474 -0.998011
vn 0.508615 0.851407 0.128128
vn -0.057204 0.119799 0.991149
vn -0.024776 0.006396 0.999673
vn 0.499780 0.851891 0.156527
vn -0.728972 0.523950 -0.440541
vn -0.951292 -0.120324 0.283843
vn -0.351521 0.324768 0.878043
vn -0.010888 0.994990 0.099376
vn 0.211313 -0.386709 0.897665
vn 0.228317 -0.395295 0.889726
vn -0.004884 0.894835 0.446371
vn 0.232650 0.881757 0.410340
vn 0.207158 -0.308333 0.928448
vn 0.166798 -0.337539 0.926416
vn 0.587610 0.772056 0.242167
vn 0.827064 0.558454 -0.063981
vn -0.480051 0.068390 -0.874571
vn -0.666751 -0.705674 -0.239721
vn -0.897084 -0.439966 -0.040865
vn -0.690618 0.151065 -0.707267
vn -0.260746 0.217716 -0.940538
vn -0.060412 -0.892602 -0.446779
vn -0.320771 -0.866037 -0.383517
vn -0.307965 0.110532 -0.944955
vn 0.231325 -0.416233 0.879340
vn 0.244764 -0.433808 0.867123
vn -0.194617 0.872396 0.448385
vn -0.113349 0.887804 0.446045
vn -0.244252 0.308079 -0.919472
vn 0.160308 -0.882429 -0.442290
vn 0.065418 -0.891409 -0.448453
vn -0.250755 0.280084 -0.926647
vn -0.266438 0.333882 -0.904176
vn 0.356988 -0.825914 -0.436377
vn 0.258391 -0.861096 -0.437890
vn -0.249818 0.325639 -0.911894
vn 0.438154 -0.090086 0.894374
vn 0.414293 0.068148 0.907589
vn -0.152103 0.909587 0.386672
vn -0.480799 0.728479 0.488007
vn 0.382739 -0.373198 0.845124
vn 0.435673 -0.312528 0.844106
vn -0.605009 0.606103 0.516336
vn -0.537190 0.683149 0.494706
vn -0.392089 0.282169 -0.875584
vn 0.616505 -0.635988 -0.464156
vn 0.539347 -0.713163 -0.447776
vn -0.334859 0.313277 -0.888666
vn -0.294199 0.330756 -0.896687
vn 0.451288 -0.776927 -0.439003
vn 0.337007 -0.412862 0.846151
vn -0.456798 0.751777 0.475571
vn 0.475561 -0.239202 0.846537
vn 0.484242 -0.171842 0.857893
vn -0.619143 0.582070 0.527121
vn -0.640977 0.556539 0.528595
vn -0.512738 0.261072 -0.817888
vn 0.665279 -0.538971 -0.516638
vn 0.665171 -0.563620 -0.489775
vn -0.459404 0.255619 -0.850651
vn -0.433719 0.451459 -0.779791
vn 0.336228 -0.814014 -0.473636
vn 0.577563 -0.617799 -0.533615
vn -0.519494 0.336316 -0.785505
vn 0.775179 -0.528722 0.345759
vn 0.610039 -0.710432 0.350912
vn 0.616896 -0.298067 -0.728420
vn 0.786773 -0.068519 -0.613427
vn 0.588300 0.199030 0.783767
vn 0.872913 -0.134842 0.468871
vn 0.842201 0.438221 -0.314102
vn 0.369101 0.915911 0.157710
vn -0.318072 0.522064 -0.791378
vn -0.716611 -0.467062 0.517998
vn -0.160586 -0.972242 -0.170170
vn -0.329302 0.543228 -0.772311
vn -0.432013 0.693652 -0.576378
vn -0.498062 0.229770 0.836146
vn -0.643938 0.047748 0.763586
vn -0.451207 0.581218 -0.677199
vn 0.437763 -0.816649 0.376096
vn 0.311975 -0.862968 0.397439
vn 0.292667 -0.463080 -0.836602
vn 0.432221 -0.412869 -0.801701
vn -0.267547 0.814308 -0.515094
vn -0.250880 0.380306 0.890183
vn -0.357796 0.330272 0.873443
vn -0.346395 0.772574 -0.532109
vn -0.127339 0.855394 -0.502082
vn -0.072673 0.420579 0.904341
vn -0.158251 0.407422 0.899424
vn -0.196749 0.838743 -0.507740
vn 0.764589 -0.579717 -0.281658
vn 0.754464 -0.592617 -0.282115
vn -0.216153 0.197006 -0.956277
vn -0.290127 0.209996 -0.933664
vn -0.034182 0.160262 0.986483
vn -0.003035 0.104615 0.994508
vn 0.592759 0.801915 -0.074629
vn 0.546543 0.835239 -0.060554
vn -0.253695 -0.882096 0.396921
vn -0.452265 -0.815103 0.362026
vn -0.349855 -0.602515 -0.717341
vn -0.119916 -0.557501 -0.821470
vn -0.015156 -0.894573 0.446665
vn -0.075694 -0.889878 0.449874
vn -0.051009 -0.494177 -0.867864
vn -0.034628 -0.492833 -0.869435
vn 0.058325 0.876406 -0.478028
vn 0.036806 0.431222 0.901495
vn 0.029487 0.425787 0.904343
vn 0.003630 0.873905 -0.486084
vn -0.059244 0.867463 -0.493961
vn -0.006238 0.424632 0.905344
vn 0.054577 -0.897638 0.437342
vn 0.010962 -0.496742 -0.867829
vn -0.127588 -0.886965 0.443864
vn -0.176543 -0.887586 0.425468
vn -0.061274 -0.524769 -0.849037
vn -0.051238 -0.505112 -0.861532
vn 0.140246 0.872310 -0.468409
vn 0.020542 0.462932 0.886156
vn 0.027467 0.444285 0.895465
vn 0.103270 0.875279 -0.472464
vn 0.277805 0.828161 -0.486800
vn 0.105423 0.480544 0.870611
vn 0.032425 0.481259 0.875978
vn 0.181537 0.867685 -0.462783
vn -0.435306 0.559105 0.705628
vn -0.292931 0.402953 0.867076
vn 0.257822 0.937004 -0.235694
vn -0.046968 0.908415 -0.415422
vn -0.806024 -0.505744 0.307487
vn -0.886322 0.259061 0.383823
vn -0.769576 0.362123 -0.525946
vn -0.722728 -0.388878 -0.571348
vn 0.447014 0.264657 -0.854480
vn 0.178300 -0.461468 0.869055
vn 0.286705 0.265074 0.920617
vn 0.419853 0.625620 -0.657513
vn 0.335608 -0.128722 -0.933166
vn -0.342698 -0.886799 0.310073
vn -0.141216 -0.842058 0.520573
vn 0.398581 -0.032372 -0.916562
vn -0.223533 0.295759 0.928741
vn -0.115720 0.234977 0.965088
vn 0.458064 0.886803 -0.061311
vn 0.364287 0.924915 -0.108754
vn 0.154991 -0.124677 -0.980017
vn -0.493554 -0.858893 0.136774
vn -0.425364 -0.883553 0.195958
vn 0.256307 -0.144789 -0.955690
vn 0.013284 -0.082750 -0.996482
vn -0.596850 -0.799080 0.072395
vn -0.561589 -0.821071 0.102276
vn 0.062104 -0.093705 -0.993661
vn -0.661368 0.283812 0.694293
vn -0.748620 0.265065 0.607708
vn 0.058239 0.925286 -0.374773
vn 0.175888 0.937735 -0.299526
vn -0.061871 0.105047 0.992541
vn -0.168348 0.151440 0.974025
vn 0.530107 0.837629 -0.131770
vn 0.583346 0.805990 -0.100436
vn 0.144335 -0.232446 -0.961840
vn -0.493940 -0.869370 0.014819
vn -0.568817 -0.821911 0.030156
vn 0.052650 -0.147160 -0.987710
vn 0.013363 -0.099206 -0.994977
vn -0.598344 -0.799661 0.050273
vn -0.013248 0.088604 0.995979
vn 0.602217 0.793697 -0.085901
vn -0.340176 0.220251 0.914204
vn -0.523042 0.273998 0.807064
vn 0.307789 0.922365 -0.233472
vn 0.435633 0.882073 -0.179363
vn 0.477332 -0.404194 -0.780244
vn -0.205036 -0.974013 0.096229
vn -0.361030 -0.932005 0.031995
vn 0.299815 -0.335162 -0.893184
vn 0.730352 -0.408756 -0.547269
vn 0.058503 -0.958358 0.279511
vn -0.064085 -0.981046 0.182874
vn 0.623781 -0.422495 -0.657568
vn -0.923146 -0.095832 0.372314
vn -0.624425 -0.780042 -0.040337
vn 0.199258 0.567122 -0.799167
vn 0.058869 0.630864 -0.773657
vn -0.803894 0.236875 0.545569
vn -0.864793 0.173494 0.471203
vn -0.097024 0.803483 -0.587368
vn -0.035535 0.886364 -0.461624
vn 0.904370 -0.311446 -0.291747
vn 0.332262 -0.794709 0.507977
vn 0.178823 -0.906741 0.381893
vn 0.810683 -0.383309 -0.442569
vn 0.652470 0.728934 0.207215
vn 0.423386 0.101570 0.900238
vn 0.547221 -0.468462 0.693608
vn 0.999726 0.012803 -0.019591
vn 0.423782 -0.815522 -0.394123
vn 0.724122 -0.614589 -0.312936
vn -0.363167 0.318810 -0.875483
vn -0.139481 0.551443 -0.822469
vn -0.634630 0.731166 0.250281
vn 0.221123 -0.038321 0.974493
vn 0.131974 0.165996 0.977256
vn -0.144293 0.968455 0.203162
vn -0.754803 0.589174 0.288353
vn 0.227172 -0.194941 0.954144
vn 0.261953 -0.140181 0.954845
vn -0.742176 0.609604 0.278493
vn -0.811588 -0.567425 0.139117
vn -0.705731 -0.685034 -0.180755
vn -0.403212 -0.200350 0.892905
vn -0.360090 0.013363 0.932822
vn 0.225718 -0.928034 -0.296317
vn 0.033852 -0.965868 -0.256814
vn -0.256100 -0.097424 -0.961728
vn -0.197494 -0.008315 -0.980269
vn 0.688726 -0.662885 -0.293668
vn 0.630607 -0.715548 -0.300543
vn -0.138235 0.149870 -0.978994
vn -0.148481 0.176342 -0.973066
vn -0.660823 0.690628 0.293846
vn 0.181532 -0.228224 0.956535
vn 0.188861 -0.232099 0.954181
vn -0.708894 0.642488 0.290994
vn -0.740417 0.606671 0.289367
vn 0.202800 -0.224066 0.953240
vn 0.728896 -0.620732 -0.288794
vn -0.170260 0.191356 -0.966641
vn 0.547361 -0.777544 -0.309550
vn 0.400896 -0.863927 -0.304817
vn -0.141339 0.039787 -0.989161
vn -0.137859 0.109805 -0.984346
vn -0.463284 0.837607 0.289452
vn 0.192871 -0.207791 0.958970
vn 0.180051 -0.214852 0.959907
vn -0.590488 0.750416 0.296984
vn -0.106962 0.968345 0.225537
vn 0.227286 -0.117662 0.966694
vn 0.189773 -0.150734 0.970189
vn -0.292393 0.919147 0.263960
vn -0.494039 -0.866749 -0.068353
vn -0.744981 -0.654602 0.128451
vn -0.789187 -0.063564 -0.610854
vn -0.557883 -0.249492 -0.791530
vn -0.159082 -0.966555 -0.201158
vn -0.251697 -0.933063 -0.256988
vn -0.391640 -0.177508 -0.902834
vn -0.328553 -0.149926 -0.932510
vn 0.184629 0.966377 0.178961
vn 0.320985 0.091736 0.942631
vn 0.268197 -0.028627 0.962939
vn 0.101003 0.983023 0.153181
vn 0.591389 0.635575 -0.496290
vn 0.520810 -0.090090 0.848906
vn 0.425900 0.003619 0.904763
vn 0.447591 0.888618 0.100102
vn -0.791969 -0.288412 0.538148
vn -0.600929 -0.196212 0.774845
vn -0.488266 0.763972 0.421833
vn -0.654592 0.508372 -0.559524
vn 0.242571 0.969145 0.043791
vn 0.368095 0.224312 -0.902325
vn 0.861854 -0.145777 0.485754
vn 0.545444 0.470322 -0.693749
vn 0.598231 0.736683 0.315306
vn 0.286889 0.219883 -0.932388
vn 0.276202 0.277356 -0.920210
vn 0.459934 0.802209 0.380686
vn -0.438288 -0.766339 -0.469710
vn -0.160688 -0.907326 -0.388508
vn -0.473482 -0.271391 0.837951
vn -0.399608 -0.251611 0.881479
vn -0.066989 -0.961039 -0.268172
vn 0.002965 -0.958812 -0.284025
vn -0.364879 -0.179744 0.913540
vn -0.352522 -0.279827 0.892986
vn 0.020705 0.957435 0.287906
vn 0.347000 0.273973 -0.896956
vn 0.379950 0.177220 -0.907872
vn 0.036098 0.960197 0.276982
vn 0.380510 0.874426 0.300985
vn 0.326257 0.121709 -0.937413
vn -0.389100 -0.876687 -0.282880
vn -0.413579 -0.287376 0.863926
vn -0.207698 -0.911034 -0.356200
vn -0.462162 -0.769598 -0.440597
vn -0.305581 -0.203761 0.930108
vn -0.332903 -0.147455 0.931361
vn 0.476219 0.780982 0.404083
vn 0.363583 0.252033 -0.896820
vn 0.349604 0.309891 -0.884163
vn 0.236764 0.904844 0.353837
vn 0.238423 0.921708 0.305956
vn 0.446362 -0.012307 -0.894768
vn 0.350004 0.134337 -0.927066
vn 0.512630 0.756698 0.405731
vn 0.318439 -0.947731 0.020052
vn 0.369832 -0.921223 0.120718
vn -0.745944 -0.095865 0.659073
vn -0.669687 -0.070148 0.739323
vn 0.123934 -0.968268 -0.217020
vn 0.260760 -0.961923 -0.081911
vn -0.601949 -0.103524 0.791795
vn -0.526139 -0.189092 0.829109
vn -0.216312 0.976301 -0.006700
vn 0.638773 -0.073835 -0.765845
vn 0.570036 -0.061438 -0.819319
vn -0.084546 0.988758 0.123324
vn -0.265366 0.945610 -0.188157
vn 0.816044 -0.112189 -0.566997
vn 0.709214 -0.098963 -0.698013
vn -0.259945 0.960439 -0.099925
vn 0.497679 -0.785577 0.367675
vn 0.541334 -0.162893 0.824878
vn -0.700023 -0.246755 0.670134
vn -0.764275 -0.275418 0.583120
vn -0.403292 0.247952 -0.880838
vn 0.989179 0.140145 0.043402
vn 0.946796 -0.130600 -0.294145
vn -0.321195 0.880201 -0.349401
vn 0.022787 0.086496 -0.995992
vn 0.204919 0.883056 -0.422160
vn 0.626184 0.734396 -0.261834
vn 0.078067 -0.026749 -0.996589
s 1
g shoeR man5_clean:eyeMUD_male_GEO man5_clean:group group
usemtl man5_clean:eyeMUD_shoeF_blinn1SG
f 677/1/1 62/2/2 676/3/3 1751/4/4
f 676/3/3 16/5/5 590/6/6 1751/4/4
f 590/6/6 3/7/7 674/8/8 1751/4/4
f 674/8/8 61/9/9 677/1/1 1751/4/4
s 2
f 1015/10/10 219/11/11 600/12/12 1752/13/13
f 600/12/12 10/14/14 603/15/15 1752/13/13
f 603/15/15 13/16/16 607/17/17 1752/13/13
f 607/17/17 236/18/18 1015/10/10 1752/13/13
s 3
f 1017/19/19 238/20/20 1018/21/21 1753/22/22
f 1018/21/21 239/23/23 1020/24/24 1753/22/22
f 1020/24/24 240/25/25 1021/26/26 1753/22/22
f 1021/26/26 237/27/27 1017/19/19 1753/22/22
s 4
f 993/28/28 223/29/29 1227/30/30 1754/31/31
f 1227/30/30 14/32/32 608/33/33 1754/31/31
f 608/33/33 9/34/34 1228/35/35 1754/31/31
f 1228/35/35 222/36/36 993/28/28 1754/31/31
s 5
usemtl man5_clean:eyeMUD_shoeF_lambert2SG
f 1005/37/37 231/38/38 686/39/39 1755/40/40
f 686/39/39 70/41/41 687/42/42 1755/40/40
f 687/42/42 69/43/43 685/44/44 1755/40/40
f 685/44/44 230/45/45 1005/37/37 1755/40/40
s 6
usemtl man5_clean:eyeMUD_shoeF_blinn1SG
f 990/46/46 220/47/47 989/48/48 1756/49/49
f 989/48/48 68/50/50 683/51/51 1756/49/49
f 683/51/51 10/14/52 600/12/53 1756/49/49
f 600/12/53 219/11/54 990/46/46 1756/49/49
f 675/52/55 61/9/56 674/8/57 1757/53/58
f 674/8/57 3/7/59 593/54/60 1757/53/58
f 593/54/60 43/55/61 648/56/62 1757/53/58
f 648/56/62 60/57/63 675/52/55 1757/53/58
s 2
f 590/6/64 16/5/65 613/58/66 1758/59/67
f 613/58/66 48/60/68 656/61/69 1758/59/67
f 656/61/69 43/55/70 593/54/71 1758/59/67
f 593/54/71 3/7/72 590/6/64 1758/59/67
s 5
usemtl man5_clean:eyeMUD_shoeF_lambert2SG
f 688/62/73 72/63/74 689/64/75 1759/65/76
f 689/64/75 73/66/77 690/67/78 1759/65/76
f 690/67/78 74/68/79 691/69/80 1759/65/76
f 691/69/80 71/70/81 688/62/73 1759/65/76
s 4
usemtl man5_clean:eyeMUD_shoeF_blinn1SG
f 650/71/82 45/72/83 649/73/84 1760/74/85
f 649/73/84 15/75/86 589/76/87 1760/74/85
f 589/76/87 1/77/88 647/78/89 1760/74/85
f 647/78/89 44/79/90 650/71/82 1760/74/85
s 2
f 1012/80/91 235/81/92 1222/82/93 1761/83/94
f 1222/82/93 137/84/95 822/85/96 1761/83/94
f 822/85/96 11/86/97 602/87/98 1761/83/94
f 602/87/98 234/88/99 1012/80/91 1761/83/94
s 3
f 1022/89/100 242/90/101 1024/91/102 1762/92/103
f 1024/91/102 243/93/104 1026/94/105 1762/92/103
f 1026/94/105 244/95/106 1027/96/107 1762/92/103
f 1027/96/107 241/97/108 1022/89/100 1762/92/103
s 4
f 996/98/109 225/99/110 1226/100/111 1763/101/112
f 1226/100/111 12/102/113 605/103/114 1763/101/112
f 605/103/114 146/104/115 841/105/116 1763/101/112
f 841/105/116 224/106/117 996/98/109 1763/101/112
f 836/107/118 144/108/119 835/109/120 1764/110/121
f 835/109/120 46/111/122 651/112/123 1764/110/121
f 651/112/123 2/113/124 833/114/125 1764/110/121
f 833/114/125 143/115/126 836/107/118 1764/110/121
s 1
f 830/116/127 141/117/128 829/118/129 1765/119/130
f 829/118/129 63/120/131 678/121/132 1765/119/130
f 678/121/132 4/122/133 827/123/134 1765/119/130
f 827/123/134 140/124/135 830/116/127 1765/119/130
s 2
f 655/125/136 139/126/137 828/127/138 1766/128/139
f 828/127/138 140/124/140 827/123/141 1766/128/139
f 827/123/141 4/122/142 594/129/143 1766/128/139
f 594/129/143 47/130/144 655/125/136 1766/128/139
s 17
f 1030/131/145 245/132/146 1031/133/147 1767/134/148
f 1031/133/147 247/135/149 1033/136/150 1767/134/148
f 1033/136/150 248/137/151 1034/138/152 1767/134/148
f 1034/138/152 246/139/153 1030/131/145 1767/134/148
s 18
f 1036/140/154 250/141/155 1038/142/156 1768/143/157
f 1038/142/156 251/144/158 1040/145/159 1768/143/157
f 1040/145/159 252/146/160 1041/147/161 1768/143/157
f 1041/147/161 249/148/162 1036/140/154 1768/143/157
f 1044/149/163 253/150/164 1045/151/165 1769/152/166
f 1045/151/165 255/153/167 1047/154/168 1769/152/166
f 1047/154/168 256/155/169 1048/156/170 1769/152/166
f 1048/156/170 254/157/171 1044/149/163 1769/152/166
s 20
usemtl man5_clean:eyeMUD_shoeF_lambert2SG
f 850/158/172 151/159/173 851/160/174 1770/161/175
f 851/160/174 153/162/176 852/163/177 1770/161/175
f 852/163/177 154/164/178 853/165/179 1770/161/175
f 853/165/179 152/166/180 850/158/172 1770/161/175
s 17
usemtl man5_clean:eyeMUD_shoeF_blinn1SG
f 1051/167/181 257/168/182 1053/169/183 1771/170/184
f 1053/169/183 259/171/185 1054/172/186 1771/170/184
f 1054/172/186 260/173/187 1055/174/188 1771/170/184
f 1055/174/188 258/175/189 1051/167/181 1771/170/184
s 22
f 1689/176/190 558/177/191 1691/178/192 1772/179/193
f 1691/178/192 559/180/194 1693/181/195 1772/179/193
f 1693/181/195 560/182/196 1694/183/197 1772/179/193
f 1694/183/197 557/184/198 1689/176/190 1772/179/193
s 18
f 1061/185/199 264/186/200 1285/187/201 1773/188/202
f 1285/187/201 443/189/203 1462/190/204 1773/188/202
f 1462/190/204 444/191/205 1286/192/206 1773/188/202
f 1286/192/206 263/193/207 1061/185/199 1773/188/202
s 4
f 842/194/208 26/195/209 1283/196/210 1774/197/211
f 1283/196/210 439/198/212 1454/199/213 1774/197/211
f 1454/199/213 440/200/214 1453/201/215 1774/197/211
f 1453/201/215 147/202/216 842/194/208 1774/197/211
s 5
usemtl man5_clean:eyeMUD_shoeF_lambert2SG
f 693/203/217 78/204/218 1439/205/219 1775/206/220
f 1439/205/219 433/207/221 1442/208/222 1775/206/220
f 1442/208/222 434/209/223 1441/210/224 1775/206/220
f 1441/210/224 77/211/225 693/203/217 1775/206/220
s 2
usemtl man5_clean:eyeMUD_shoeF_blinn1SG
f 626/212/226 150/213/227 1279/214/228 1776/215/229
f 1279/214/228 429/216/230 1434/217/231 1776/215/229
f 1434/217/231 430/218/232 1433/219/233 1776/215/229
f 1433/219/233 27/220/234 626/212/226 1776/215/229
s 17
f 1063/221/235 262/222/236 1423/223/237 1777/224/238
f 1423/223/237 425/225/239 1426/226/240 1777/224/238
f 1426/226/240 426/227/241 1425/228/242 1777/224/238
f 1425/228/242 265/229/243 1063/221/235 1777/224/238
s 18
f 1040/145/159 251/144/158 1064/230/244 1778/231/245
f 1064/230/244 264/186/200 1061/185/199 1778/231/245
f 1061/185/199 263/193/207 1065/232/246 1778/231/245
f 1065/232/246 252/146/160 1040/145/159 1778/231/245
s 4
f 842/194/208 147/202/216 844/233/247 1779/234/248
f 844/233/247 148/235/249 843/236/250 1779/234/248
f 843/236/250 21/237/251 617/238/252 1779/234/248
f 617/238/252 26/195/209 842/194/208 1779/234/248
s 5
usemtl man5_clean:eyeMUD_shoeF_lambert2SG
f 693/203/217 77/211/225 694/239/253 1780/240/254
f 694/239/253 75/241/255 692/242/256 1780/240/254
f 692/242/256 76/243/257 695/244/258 1780/240/254
f 695/244/258 78/204/218 693/203/217 1780/240/254
s 2
usemtl man5_clean:eyeMUD_shoeF_blinn1SG
f 626/212/226 27/220/234 624/245/259 1781/246/260
f 624/245/259 22/247/261 620/248/262 1781/246/260
f 620/248/262 149/249/263 847/250/264 1781/246/260
f 847/250/264 150/213/227 626/212/226 1781/246/260
s 17
f 1063/221/235 265/229/243 1066/251/265 1782/252/266
f 1066/251/265 245/132/146 1030/131/145 1782/252/266
f 1030/131/145 246/139/153 1067/253/267 1782/252/266
f 1067/253/267 262/222/236 1063/221/235 1782/252/266
s 18
f 1069/254/268 267/255/269 1070/256/270 1783/257/271
f 1070/256/270 250/141/155 1036/140/154 1783/257/271
f 1036/140/154 249/148/162 1071/258/272 1783/257/271
f 1071/258/272 266/259/273 1069/254/268 1783/257/271
f 1047/154/168 255/153/167 1072/260/274 1784/261/275
f 1072/260/274 268/262/276 1074/263/277 1784/261/275
f 1074/263/277 269/264/278 1075/265/279 1784/261/275
f 1075/265/279 256/155/169 1047/154/168 1784/261/275
s 20
usemtl man5_clean:eyeMUD_shoeF_lambert2SG
f 852/163/177 153/162/176 854/266/280 1785/267/281
f 854/266/280 155/268/282 855/269/283 1785/267/281
f 855/269/283 156/270/284 856/271/285 1785/267/281
f 856/271/285 154/164/178 852/163/177 1785/267/281
s 17
usemtl man5_clean:eyeMUD_shoeF_blinn1SG
f 1054/172/186 259/171/185 1077/272/286 1786/273/287
f 1077/272/286 270/274/288 1078/275/289 1786/273/287
f 1078/275/289 271/276/290 1079/277/291 1786/273/287
f 1079/277/291 260/173/187 1054/172/186 1786/273/287
f 1033/136/150 247/135/149 1080/278/292 1787/279/293
f 1080/278/292 272/280/294 1082/281/295 1787/279/293
f 1082/281/295 273/282/296 1083/283/297 1787/279/293
f 1083/283/297 248/137/151 1033/136/150 1787/279/293
s 18
f 1085/284/298 275/285/299 1086/286/300 1788/287/301
f 1086/286/300 267/255/269 1069/254/268 1788/287/301
f 1069/254/268 266/259/273 1087/288/302 1788/287/301
f 1087/288/302 274/289/303 1085/284/298 1788/287/301
f 1074/263/277 268/262/276 1088/290/304 1789/291/305
f 1088/290/304 276/292/306 1090/293/307 1789/291/305
f 1090/293/307 277/294/308 1091/295/309 1789/291/305
f 1091/295/309 269/264/278 1074/263/277 1789/291/305
s 20
usemtl man5_clean:eyeMUD_shoeF_lambert2SG
f 855/269/283 155/268/282 857/296/310 1790/297/311
f 857/296/310 157/298/312 858/299/313 1790/297/311
f 858/299/313 158/300/314 859/301/315 1790/297/311
f 859/301/315 156/270/284 855/269/283 1790/297/311
s 17
usemtl man5_clean:eyeMUD_shoeF_blinn1SG
f 1078/275/289 270/274/288 1092/302/316 1791/303/317
f 1092/302/316 243/93/318 1024/91/319 1791/303/317
f 1024/91/319 242/90/320 1093/304/321 1791/303/317
f 1093/304/321 271/276/290 1078/275/289 1791/303/317
f 1082/281/295 272/280/294 1094/305/322 1792/306/323
f 1094/305/322 238/20/324 1017/19/325 1792/306/323
f 1017/19/325 237/27/326 1095/307/327 1792/306/323
f 1095/307/327 273/282/296 1082/281/295 1792/306/323
s 2
f 637/308/328 37/309/329 635/310/330 1793/311/331
f 635/310/330 13/16/16 603/15/15 1793/311/331
f 603/15/15 10/14/14 636/312/332 1793/311/331
f 636/312/332 38/313/333 637/308/328 1793/311/331
s 6
f 684/314/334 59/315/335 639/316/336 1794/317/337
f 639/316/336 38/313/338 636/312/339 1794/317/337
f 636/312/339 10/14/52 683/51/51 1794/317/337
f 683/51/51 68/50/50 684/314/334 1794/317/337
s 4
f 608/33/33 14/32/32 610/318/340 1795/319/341
f 610/318/340 40/320/342 641/321/343 1795/319/341
f 641/321/343 39/322/344 599/323/345 1795/319/341
f 599/323/345 9/34/34 608/33/33 1795/319/341
f 837/324/346 145/325/347 840/326/348 1796/327/349
f 840/326/348 146/104/115 605/103/114 1796/327/349
f 605/103/114 12/102/113 604/328/350 1796/327/349
f 604/328/350 41/329/351 837/324/346 1796/327/349
s 5
usemtl man5_clean:eyeMUD_shoeF_lambert2SG
f 696/330/352 79/331/353 697/332/354 1797/333/355
f 697/332/354 69/43/43 687/42/42 1797/333/355
f 687/42/42 70/41/41 698/334/356 1797/333/355
f 698/334/356 80/335/357 696/330/352 1797/333/355
s 2
usemtl man5_clean:eyeMUD_shoeF_blinn1SG
f 824/336/358 138/337/359 645/338/360 1798/339/361
f 645/338/360 42/340/362 644/341/363 1798/339/361
f 644/341/363 11/86/97 822/85/96 1798/339/361
f 822/85/96 137/84/95 824/336/358 1798/339/361
s 6
f 673/342/364 60/57/63 648/56/62 1799/343/365
f 648/56/62 43/55/61 646/344/366 1799/343/365
f 646/344/366 38/313/338 639/316/336 1799/343/365
f 639/316/336 59/315/335 673/342/364 1799/343/365
s 4
f 641/321/343 40/320/342 640/345/367 1800/346/368
f 640/345/367 45/72/83 650/71/82 1800/346/368
f 650/71/82 44/79/90 638/347/369 1800/346/368
f 638/347/369 39/322/344 641/321/343 1800/346/368
f 835/109/120 144/108/119 838/348/370 1801/349/371
f 838/348/370 145/325/347 837/324/346 1801/349/371
f 837/324/346 41/329/351 642/350/372 1801/349/371
f 642/350/372 46/111/122 835/109/120 1801/349/371
s 5
usemtl man5_clean:eyeMUD_shoeF_lambert2SG
f 689/64/75 72/63/74 699/351/373 1802/352/374
f 699/351/373 79/331/353 696/330/352 1802/352/374
f 696/330/352 80/335/357 700/353/375 1802/352/374
f 700/353/375 73/66/77 689/64/75 1802/352/374
s 2
usemtl man5_clean:eyeMUD_shoeF_blinn1SG
f 645/338/360 138/337/359 826/354/376 1803/355/377
f 826/354/376 139/126/137 655/125/136 1803/355/377
f 655/125/136 47/130/144 653/356/378 1803/355/377
f 653/356/378 42/340/362 645/338/360 1803/355/377
f 656/61/69 48/60/68 654/357/379 1804/358/380
f 654/357/379 37/309/329 637/308/328 1804/358/380
f 637/308/328 38/313/333 646/344/381 1804/358/380
f 646/344/381 43/55/70 656/61/69 1804/358/380
s 6
f 647/78/382 1/77/383 591/359/384 1805/360/385
f 591/359/384 50/361/386 659/362/387 1805/360/385
f 659/362/387 49/363/388 657/364/389 1805/360/385
f 657/364/389 44/79/390 647/78/382 1805/360/385
s 1
f 589/76/391 15/75/392 612/365/393 1806/366/394
f 612/365/393 51/367/395 661/368/396 1806/366/394
f 661/368/396 50/361/397 591/359/398 1806/366/394
f 591/359/398 1/77/399 589/76/391 1806/366/394
f 831/369/400 142/370/401 834/371/402 1807/372/403
f 834/371/402 143/115/404 833/114/405 1807/372/403
f 833/114/405 2/113/406 592/373/407 1807/372/403
f 592/373/407 52/374/408 831/369/400 1807/372/403
s 5
usemtl man5_clean:eyeMUD_shoeF_lambert2SG
f 701/375/409 81/376/410 702/377/411 1808/378/412
f 702/377/411 83/379/413 703/380/414 1808/378/412
f 703/380/414 84/381/415 704/382/416 1808/378/412
f 704/382/416 82/383/417 701/375/409 1808/378/412
f 705/384/418 83/379/413 702/377/411 1809/385/419
f 702/377/411 81/376/410 706/386/420 1809/385/419
f 706/386/420 86/387/421 707/388/422 1809/385/419
f 707/388/422 85/389/423 705/384/418 1809/385/419
f 708/390/424 85/389/423 707/388/422 1810/391/425
f 707/388/422 86/387/421 709/392/426 1810/391/425
f 709/392/426 88/393/427 710/394/428 1810/391/425
f 710/394/428 87/395/429 708/390/424 1810/391/425
f 1001/396/430 229/397/431 711/398/432 1811/399/433
f 711/398/432 87/395/429 710/394/428 1811/399/433
f 710/394/428 88/393/427 1223/400/434 1811/399/433
f 1223/400/434 228/401/435 1001/396/430 1811/399/433
f 712/402/436 89/403/437 1443/404/438 1812/405/439
f 1443/404/438 435/406/440 1446/407/441 1812/405/439
f 1446/407/441 436/408/442 1280/409/443 1812/405/439
f 1280/409/443 90/410/444 712/402/436 1812/405/439
f 713/411/445 89/403/437 712/402/436 1813/412/446
f 712/402/436 90/410/444 714/413/447 1813/412/446
f 714/413/447 92/414/448 715/415/449 1813/412/446
f 715/415/449 91/416/450 713/411/445 1813/412/446
s 20
f 861/417/451 159/418/452 863/419/453 1814/420/454
f 863/419/453 161/421/455 864/422/456 1814/420/454
f 864/422/456 162/423/457 865/424/458 1814/420/454
f 865/424/458 160/425/459 861/417/451 1814/420/454
f 866/426/460 160/425/459 865/424/458 1815/427/461
f 865/424/458 162/423/457 867/428/462 1815/427/461
f 867/428/462 164/429/463 868/430/464 1815/427/461
f 868/430/464 163/431/465 866/426/460 1815/427/461
f 869/432/466 163/431/465 868/430/464 1816/433/467
f 868/430/464 164/429/463 870/434/468 1816/433/467
f 870/434/468 166/435/469 871/436/470 1816/433/467
f 871/436/470 165/437/471 869/432/466 1816/433/467
s 3
usemtl man5_clean:eyeMUD_shoeF_blinn1SG
f 1096/438/472 278/439/473 1098/440/474 1817/441/475
f 1098/440/474 279/442/476 1099/443/477 1817/441/475
f 1099/443/477 277/294/478 1090/293/479 1817/441/475
f 1090/293/479 276/292/480 1096/438/472 1817/441/475
f 1101/444/481 280/445/482 1102/446/483 1818/447/484
f 1102/446/483 275/285/485 1085/284/486 1818/447/484
f 1085/284/486 274/289/487 1103/448/488 1818/447/484
f 1103/448/488 281/449/489 1101/444/481 1818/447/484
s 44
f 1105/450/490 263/193/491 1286/192/492 1819/451/493
f 1286/192/492 444/191/494 1464/452/495 1819/451/493
f 1464/452/495 445/453/496 1287/454/497 1819/451/493
f 1287/454/497 282/455/498 1105/450/490 1819/451/493
s 6
f 992/456/499 222/36/500 1228/35/501 1820/457/502
f 1228/35/501 9/34/503 601/458/504 1820/457/502
f 601/458/504 57/459/505 1229/460/506 1820/457/502
f 1229/460/506 221/461/507 992/456/499 1820/457/502
f 599/323/508 39/322/509 668/462/510 1821/463/511
f 668/462/510 58/464/512 669/465/513 1821/463/511
f 669/465/513 57/459/505 601/458/504 1821/463/511
f 601/458/504 9/34/503 599/323/508 1821/463/511
f 638/347/514 44/79/390 657/364/389 1822/466/515
f 657/364/389 49/363/388 670/467/516 1822/466/515
f 670/467/516 58/464/512 668/462/510 1822/466/515
f 668/462/510 39/322/509 638/347/514 1822/466/515
f 670/467/516 49/363/388 672/468/517 1823/469/518
f 672/468/517 60/57/63 673/342/364 1823/469/518
f 673/342/364 59/315/335 671/470/519 1823/469/518
f 671/470/519 58/464/512 670/467/516 1823/469/518
f 659/362/387 50/361/386 658/471/520 1824/472/521
f 658/471/520 61/9/56 675/52/55 1824/472/521
f 675/52/55 60/57/63 672/468/517 1824/472/521
f 672/468/517 49/363/388 659/362/387 1824/472/521
s 1
f 661/368/396 51/367/395 660/473/522 1825/474/523
f 660/473/522 62/2/2 677/1/1 1825/474/523
f 677/1/1 61/9/9 658/471/524 1825/474/523
f 658/471/524 50/361/397 661/368/396 1825/474/523
f 829/118/129 141/117/128 832/475/525 1826/476/526
f 832/475/525 142/370/401 831/369/400 1826/476/526
f 831/369/400 52/374/408 662/477/527 1826/476/526
f 662/477/527 63/120/131 829/118/129 1826/476/526
s 5
usemtl man5_clean:eyeMUD_shoeF_lambert2SG
f 703/380/414 83/379/413 716/478/528 1827/479/529
f 716/478/528 72/63/74 688/62/73 1827/479/529
f 688/62/73 71/70/81 717/480/530 1827/479/529
f 717/480/530 84/381/415 703/380/414 1827/479/529
f 699/351/373 72/63/74 716/478/528 1828/481/531
f 716/478/528 83/379/413 705/384/418 1828/481/531
f 705/384/418 85/389/423 718/482/532 1828/481/531
f 718/482/532 79/331/353 699/351/373 1828/481/531
f 697/332/354 79/331/353 718/482/532 1829/483/533
f 718/482/532 85/389/423 708/390/424 1829/483/533
f 708/390/424 87/395/429 719/484/534 1829/483/533
f 719/484/534 69/43/43 697/332/354 1829/483/533
f 1003/485/535 230/45/45 685/44/44 1830/486/536
f 685/44/44 69/43/43 719/484/534 1830/486/536
f 719/484/534 87/395/429 711/398/432 1830/486/536
f 711/398/432 229/397/431 1003/485/535 1830/486/536
f 720/487/537 77/211/225 1441/210/224 1831/488/538
f 1441/210/224 434/209/223 1444/489/539 1831/488/538
f 1444/489/539 435/406/440 1443/404/438 1831/488/538
f 1443/404/438 89/403/437 720/487/537 1831/488/538
f 694/239/253 77/211/225 720/487/537 1832/490/540
f 720/487/537 89/403/437 713/411/445 1832/490/540
f 713/411/445 91/416/450 721/491/541 1832/490/540
f 721/491/541 75/241/255 694/239/253 1832/490/540
s 20
f 851/160/174 151/159/173 872/492/542 1833/493/543
f 872/492/542 159/418/452 861/417/451 1833/493/543
f 861/417/451 160/425/459 873/494/544 1833/493/543
f 873/494/544 153/162/176 851/160/174 1833/493/543
f 854/266/280 153/162/176 873/494/544 1834/495/545
f 873/494/544 160/425/459 866/426/460 1834/495/545
f 866/426/460 163/431/465 874/496/546 1834/495/545
f 874/496/546 155/268/282 854/266/280 1834/495/545
f 857/296/310 155/268/282 874/496/546 1835/497/547
f 874/496/546 163/431/465 869/432/466 1835/497/547
f 869/432/466 165/437/471 875/498/548 1835/497/547
f 875/498/548 157/298/312 857/296/310 1835/497/547
s 3
usemtl man5_clean:eyeMUD_shoeF_blinn1SG
f 1106/499/549 241/97/108 1027/96/107 1836/500/550
f 1027/96/107 244/95/106 1107/501/551 1836/500/550
f 1107/501/551 279/442/476 1098/440/474 1836/500/550
f 1098/440/474 278/439/473 1106/499/549 1836/500/550
f 1020/24/24 239/23/23 1108/502/552 1837/503/553
f 1108/502/552 280/445/482 1101/444/481 1837/503/553
f 1101/444/481 281/449/489 1109/504/554 1837/503/553
f 1109/504/554 240/25/25 1020/24/24 1837/503/553
s 6
f 989/48/48 220/47/47 991/505/555 1838/506/556
f 991/505/555 221/461/507 1229/460/506 1838/506/556
f 1229/460/506 57/459/505 667/507/557 1838/506/556
f 667/507/557 68/50/50 989/48/48 1838/506/556
f 669/465/513 58/464/512 671/470/519 1839/508/558
f 671/470/519 59/315/335 684/314/334 1839/508/558
f 684/314/334 68/50/50 667/507/557 1839/508/558
f 667/507/557 57/459/505 669/465/513 1839/508/558
s 47
usemtl man5_clean:eyeMUD_shoeF_lambert2SG
f 1009/509/559 233/510/560 723/511/561 1840/512/562
f 723/511/561 93/513/563 725/514/564 1840/512/562
f 725/514/564 94/515/565 726/516/566 1840/512/562
f 726/516/566 232/517/567 1009/509/559 1840/512/562
f 729/518/568 95/519/569 731/520/570 1841/521/571
f 731/520/570 97/522/572 733/523/573 1841/521/571
f 733/523/573 98/524/574 734/525/575 1841/521/571
f 734/525/575 96/526/576 729/518/568 1841/521/571
s 49
f 736/527/577 99/528/578 738/529/579 1842/530/580
f 738/529/579 100/531/581 739/532/582 1842/530/580
f 739/532/582 97/522/583 731/520/584 1842/530/580
f 731/520/584 95/519/585 736/527/577 1842/530/580
s 47
f 742/533/586 101/534/587 744/535/588 1843/536/589
f 744/535/588 103/537/590 745/538/591 1843/536/589
f 745/538/591 104/539/592 746/540/593 1843/536/589
f 746/540/593 102/541/594 742/533/586 1843/536/589
f 749/542/595 105/543/596 1435/544/597 1844/545/598
f 1435/544/597 431/546/599 1438/547/600 1844/545/598
f 1438/547/600 432/548/601 1437/549/602 1844/545/598
f 1437/549/602 106/550/603 749/542/595 1844/545/598
f 750/551/604 105/543/596 749/542/595 1845/552/605
f 749/542/595 106/550/603 751/553/606 1845/552/605
f 751/553/606 103/537/590 744/535/588 1845/552/605
f 744/535/588 101/534/587 750/551/604 1845/552/605
f 753/554/607 102/541/594 746/540/593 1846/555/608
f 746/540/593 104/539/592 754/556/609 1846/555/608
f 754/556/609 108/557/610 755/558/611 1846/555/608
f 755/558/611 107/559/612 753/554/607 1846/555/608
f 758/560/613 109/561/614 759/562/615 1847/563/616
f 759/562/615 111/564/617 760/565/618 1847/563/616
f 760/565/618 112/566/619 761/567/620 1847/563/616
f 761/567/620 110/568/621 758/560/613 1847/563/616
f 762/569/622 107/559/623 755/558/624 1848/570/625
f 755/558/624 108/557/610 763/571/626 1848/570/625
f 763/571/626 111/564/617 759/562/615 1848/570/625
f 759/562/615 109/561/614 762/569/622 1848/570/625
f 765/572/627 113/573/628 767/574/629 1849/575/630
f 767/574/629 114/576/631 768/577/632 1849/575/630
f 768/577/632 94/515/565 725/514/564 1849/575/630
f 725/514/564 93/513/563 765/572/627 1849/575/630
f 769/578/633 96/526/576 734/525/575 1850/579/634
f 734/525/575 98/524/574 770/580/635 1850/579/634
f 770/580/635 114/576/631 767/574/629 1850/579/634
f 767/574/629 113/573/628 769/578/633 1850/579/634
s 55
f 773/581/636 115/582/637 775/583/638 1851/584/639
f 775/583/638 117/585/640 777/586/641 1851/584/639
f 777/586/641 118/587/642 778/588/643 1851/584/639
f 778/588/643 116/589/644 773/581/636 1851/584/639
s 49
f 780/590/645 116/589/646 778/588/647 1852/591/648
f 778/588/647 118/587/649 782/592/650 1852/591/648
f 782/592/650 120/593/651 783/594/652 1852/591/648
f 783/594/652 119/595/653 780/590/645 1852/591/648
s 55
f 785/596/654 121/597/655 787/598/656 1853/599/657
f 787/598/656 122/600/658 788/601/659 1853/599/657
f 788/601/659 117/585/640 775/583/638 1853/599/657
f 775/583/638 115/582/637 785/596/654 1853/599/657
f 790/602/660 123/603/661 792/604/662 1854/605/663
f 792/604/662 124/606/664 793/607/665 1854/605/663
f 793/607/665 122/600/658 787/598/656 1854/605/663
f 787/598/656 121/597/655 790/602/660 1854/605/663
f 998/608/666 227/609/667 1224/610/668 1855/611/669
f 1224/610/668 124/606/664 792/604/662 1855/611/669
f 792/604/662 123/603/661 1225/612/670 1855/611/669
f 1225/612/670 226/613/671 998/608/666 1855/611/669
f 796/614/672 126/615/673 1281/616/674 1856/617/675
f 1281/616/674 437/618/676 1450/619/677 1856/617/675
f 1450/619/677 438/620/678 1282/621/679 1856/617/675
f 1282/621/679 125/622/680 796/614/672 1856/617/675
f 798/623/681 127/624/682 800/625/683 1857/626/684
f 800/625/683 128/627/685 801/628/686 1857/626/684
f 801/628/686 126/615/673 796/614/672 1857/626/684
f 796/614/672 125/622/680 798/623/681 1857/626/684
f 803/629/687 129/630/688 804/631/689 1858/632/690
f 804/631/689 130/633/691 805/634/692 1858/632/690
f 805/634/692 128/627/685 800/625/683 1858/632/690
f 800/625/683 127/624/682 803/629/687 1858/632/690
f 807/635/693 131/636/694 808/637/695 1859/638/696
f 808/637/695 132/639/697 809/640/698 1859/638/696
f 809/640/698 130/633/691 804/631/689 1859/638/696
f 804/631/689 129/630/688 807/635/693 1859/638/696
f 811/641/699 133/642/700 812/643/701 1860/644/702
f 812/643/701 134/645/703 813/646/704 1860/644/702
f 813/646/704 132/639/697 808/637/695 1860/644/702
f 808/637/695 131/636/694 811/641/699 1860/644/702
s 65
f 815/647/705 135/648/706 816/649/707 1861/650/708
f 816/649/707 136/651/709 817/652/710 1861/650/708
f 817/652/710 134/645/711 812/643/712 1861/650/708
f 812/643/712 133/642/713 815/647/705 1861/650/708
s 49
f 818/653/714 119/595/653 783/594/652 1862/654/715
f 783/594/652 120/593/651 819/655/716 1862/654/715
f 819/655/716 100/531/581 738/529/579 1862/654/715
f 738/529/579 99/528/578 818/653/714 1862/654/715
s 65
f 820/656/717 110/568/718 761/567/719 1863/657/720
f 761/567/719 112/566/721 821/658/722 1863/657/720
f 821/658/722 136/651/709 816/649/707 1863/657/720
f 816/649/707 135/648/706 820/656/717 1863/657/720
s 67
f 1011/659/723 234/88/724 602/87/725 1864/660/726
f 602/87/725 11/86/727 722/661/728 1864/660/726
f 722/661/728 93/513/729 723/511/730 1864/660/726
f 723/511/730 233/510/731 1011/659/723 1864/660/726
s 5
f 1007/662/732 232/517/733 726/516/734 1865/663/735
f 726/516/734 94/515/736 724/664/737 1865/663/735
f 724/664/737 70/41/41 686/39/39 1865/663/735
f 686/39/39 231/38/38 1007/662/732 1865/663/735
s 67
f 594/129/738 4/122/739 727/665/740 1866/666/741
f 727/665/740 95/519/742 729/518/743 1866/666/741
f 729/518/743 96/526/744 728/667/745 1866/666/741
f 728/667/745 47/130/746 594/129/738 1866/666/741
s 5
f 690/67/78 73/66/77 732/668/747 1867/669/748
f 732/668/747 98/524/749 733/523/750 1867/669/748
f 733/523/750 97/522/751 730/670/752 1867/669/748
f 730/670/752 74/68/79 690/67/78 1867/669/748
s 67
f 678/121/753 63/120/754 735/671/755 1868/672/756
f 735/671/755 99/528/757 736/527/758 1868/672/756
f 736/527/758 95/519/742 727/665/740 1868/672/756
f 727/665/740 4/122/739 678/121/753 1868/672/756
s 5
f 691/69/80 74/68/79 730/670/752 1869/673/759
f 730/670/752 97/522/751 739/532/760 1869/673/759
f 739/532/760 100/531/761 737/674/762 1869/673/759
f 737/674/762 71/70/81 691/69/80 1869/673/759
s 67
f 619/675/763 22/247/764 740/676/765 1870/677/766
f 740/676/765 101/534/767 742/533/768 1870/677/766
f 742/533/768 102/541/769 741/678/770 1870/677/766
f 741/678/770 32/679/771 619/675/763 1870/677/766
s 20
f 853/165/179 154/164/178 877/680/772 1871/681/773
f 877/680/772 167/682/774 879/683/775 1871/681/773
f 879/683/775 168/684/776 880/685/777 1871/681/773
f 880/685/777 152/166/180 853/165/179 1871/681/773
s 67
f 747/686/778 27/220/779 1433/219/780 1872/687/781
f 1433/219/780 430/218/782 1436/688/783 1872/687/781
f 1436/688/783 431/546/784 1435/544/785 1872/687/781
f 1435/544/785 105/543/786 747/686/778 1872/687/781
s 5
f 748/689/787 106/550/788 1437/549/789 1873/690/790
f 1437/549/789 432/548/791 1440/691/792 1873/690/790
f 1440/691/792 433/207/221 1439/205/219 1873/690/790
f 1439/205/219 78/204/218 748/689/787 1873/690/790
s 67
f 624/245/793 27/220/779 747/686/778 1874/692/794
f 747/686/778 105/543/786 750/551/795 1874/692/794
f 750/551/795 101/534/767 740/676/765 1874/692/794
f 740/676/765 22/247/764 624/245/793 1874/692/794
s 5
f 695/244/258 76/243/257 743/693/796 1875/694/797
f 743/693/796 103/537/798 751/553/799 1875/694/797
f 751/553/799 106/550/788 748/689/787 1875/694/797
f 748/689/787 78/204/218 695/244/258 1875/694/797
s 67
f 630/695/800 32/679/771 741/678/770 1876/696/801
f 741/678/770 102/541/769 753/554/802 1876/696/801
f 753/554/802 107/559/803 752/697/804 1876/696/801
f 752/697/804 36/698/805 630/695/800 1876/696/801
s 20
f 856/271/285 156/270/284 882/699/806 1877/700/807
f 882/699/806 169/701/808 883/702/809 1877/700/807
f 883/702/809 167/682/774 877/680/772 1877/700/807
f 877/680/772 154/164/178 856/271/285 1877/700/807
s 67
f 596/703/810 6/704/811 756/705/812 1878/706/813
f 756/705/812 109/561/814 758/560/815 1878/706/813
f 758/560/815 110/568/816 757/707/817 1878/706/813
f 757/707/817 64/708/818 596/703/810 1878/706/813
s 20
f 858/299/313 157/298/312 885/709/819 1879/710/820
f 885/709/819 170/711/821 887/712/822 1879/710/820
f 887/712/822 171/713/823 888/714/824 1879/710/820
f 888/714/824 158/300/314 858/299/313 1879/710/820
s 67
f 634/715/825 36/698/805 752/697/804 1880/716/826
f 752/697/804 107/559/803 762/569/827 1880/716/826
f 762/569/827 109/561/814 756/705/812 1880/716/826
f 756/705/812 6/704/811 634/715/825 1880/716/826
s 20
f 859/301/315 158/300/314 888/714/824 1881/717/828
f 888/714/824 171/713/823 889/718/829 1881/717/828
f 889/718/829 169/701/808 882/699/806 1881/717/828
f 882/699/806 156/270/284 859/301/315 1881/717/828
s 67
f 644/341/830 42/340/831 764/719/832 1882/720/833
f 764/719/832 113/573/834 765/572/835 1882/720/833
f 765/572/835 93/513/729 722/661/728 1882/720/833
f 722/661/728 11/86/727 644/341/830 1882/720/833
s 5
f 698/334/356 70/41/41 724/664/737 1883/721/836
f 724/664/737 94/515/736 768/577/837 1883/721/836
f 768/577/837 114/576/838 766/722/839 1883/721/836
f 766/722/839 80/335/357 698/334/356 1883/721/836
s 67
f 653/356/840 47/130/746 728/667/745 1884/723/841
f 728/667/745 96/526/744 769/578/842 1884/723/841
f 769/578/842 113/573/834 764/719/832 1884/723/841
f 764/719/832 42/340/831 653/356/840 1884/723/841
s 5
f 700/353/375 80/335/357 766/722/839 1885/724/843
f 766/722/839 114/576/838 770/580/844 1885/724/843
f 770/580/844 98/524/749 732/668/747 1885/724/843
f 732/668/747 73/66/77 700/353/375 1885/724/843
s 67
f 651/112/845 46/111/846 771/725/847 1886/726/848
f 771/725/847 115/582/849 773/581/850 1886/726/848
f 773/581/850 116/589/851 772/727/852 1886/726/848
f 772/727/852 2/113/853 651/112/845 1886/726/848
s 5
f 701/375/409 82/383/417 776/728/854 1887/729/855
f 776/728/854 118/587/856 777/586/857 1887/729/855
f 777/586/857 117/585/858 774/730/859 1887/729/855
f 774/730/859 81/376/410 701/375/409 1887/729/855
s 67
f 592/373/860 2/113/853 772/727/852 1888/731/861
f 772/727/852 116/589/851 780/590/862 1888/731/861
f 780/590/862 119/595/863 779/732/864 1888/731/861
f 779/732/864 52/374/865 592/373/860 1888/731/861
s 5
f 704/382/416 84/381/415 781/733/866 1889/734/867
f 781/733/866 120/593/868 782/592/869 1889/734/867
f 782/592/869 118/587/856 776/728/854 1889/734/867
f 776/728/854 82/383/417 704/382/416 1889/734/867
s 67
f 642/350/870 41/329/871 784/735/872 1890/736/873
f 784/735/872 121/597/874 785/596/875 1890/736/873
f 785/596/875 115/582/849 771/725/847 1890/736/873
f 771/725/847 46/111/846 642/350/870 1890/736/873
s 5
f 706/386/420 81/376/410 774/730/859 1891/737/876
f 774/730/859 117/585/858 788/601/877 1891/737/876
f 788/601/877 122/600/878 786/738/879 1891/737/876
f 786/738/879 86/387/421 706/386/420 1891/737/876
s 67
f 604/328/880 12/102/881 789/739/882 1892/740/883
f 789/739/882 123/603/884 790/602/885 1892/740/883
f 790/602/885 121/597/874 784/735/872 1892/740/883
f 784/735/872 41/329/871 604/328/880 1892/740/883
s 5
f 709/392/426 86/387/421 786/738/879 1893/741/886
f 786/738/879 122/600/878 793/607/887 1893/741/886
f 793/607/887 124/606/888 791/742/889 1893/741/886
f 791/742/889 88/393/427 709/392/426 1893/741/886
s 67
f 997/743/890 226/613/891 1225/612/892 1894/744/893
f 1225/612/892 123/603/884 789/739/882 1894/744/893
f 789/739/882 12/102/881 1226/100/894 1894/744/893
f 1226/100/894 225/99/895 997/743/890 1894/744/893
s 5
f 999/745/896 228/401/435 1223/400/434 1895/746/897
f 1223/400/434 88/393/427 791/742/889 1895/746/897
f 791/742/889 124/606/888 1224/610/898 1895/746/897
f 1224/610/898 227/609/899 999/745/896 1895/746/897
s 67
f 794/747/900 125/622/901 1282/621/902 1896/748/903
f 1282/621/902 438/620/904 1452/749/905 1896/748/903
f 1452/749/905 439/198/906 1283/196/907 1896/748/903
f 1283/196/907 26/195/908 794/747/900 1896/748/903
s 5
f 795/750/909 90/410/444 1280/409/443 1897/751/910
f 1280/409/443 436/408/442 1448/752/911 1897/751/910
f 1448/752/911 437/618/912 1281/616/913 1897/751/910
f 1281/616/913 126/615/914 795/750/909 1897/751/910
s 67
f 617/238/915 21/237/916 797/753/917 1898/754/918
f 797/753/917 127/624/919 798/623/920 1898/754/918
f 798/623/920 125/622/901 794/747/900 1898/754/918
f 794/747/900 26/195/908 617/238/915 1898/754/918
s 5
f 714/413/447 90/410/444 795/750/909 1899/755/921
f 795/750/909 126/615/914 801/628/922 1899/755/921
f 801/628/922 128/627/923 799/756/924 1899/755/921
f 799/756/924 92/414/448 714/413/447 1899/755/921
s 67
f 629/757/925 31/758/926 802/759/927 1900/760/928
f 802/759/927 129/630/929 803/629/930 1900/760/928
f 803/629/930 127/624/919 797/753/917 1900/760/928
f 797/753/917 21/237/916 629/757/925 1900/760/928
s 20
f 864/422/456 161/421/455 891/761/931 1901/762/932
f 891/761/931 172/763/933 893/764/934 1901/762/932
f 893/764/934 173/765/935 894/766/936 1901/762/932
f 894/766/936 162/423/457 864/422/456 1901/762/932
s 67
f 633/767/937 35/768/938 806/769/939 1902/770/940
f 806/769/939 131/636/941 807/635/942 1902/770/940
f 807/635/942 129/630/929 802/759/927 1902/770/940
f 802/759/927 31/758/926 633/767/937 1902/770/940
s 20
f 867/428/462 162/423/457 894/766/936 1903/771/943
f 894/766/936 173/765/935 896/772/944 1903/771/943
f 896/772/944 174/773/945 897/774/946 1903/771/943
f 897/774/946 164/429/463 867/428/462 1903/771/943
s 67
f 598/775/947 8/776/948 810/777/949 1904/778/950
f 810/777/949 133/642/951 811/641/952 1904/778/950
f 811/641/952 131/636/941 806/769/939 1904/778/950
f 806/769/939 35/768/938 598/775/947 1904/778/950
s 20
f 870/434/468 164/429/463 897/774/946 1905/779/953
f 897/774/946 174/773/945 899/780/954 1905/779/953
f 899/780/954 175/781/955 900/782/956 1905/779/953
f 900/782/956 166/435/469 870/434/468 1905/779/953
s 67
f 664/783/957 53/784/958 814/785/959 1906/786/960
f 814/785/959 135/648/961 815/647/962 1906/786/960
f 815/647/962 133/642/951 810/777/949 1906/786/960
f 810/777/949 8/776/948 664/783/957 1906/786/960
s 20
f 871/436/470 166/435/469 900/782/956 1907/787/963
f 900/782/956 175/781/955 902/788/964 1907/787/963
f 902/788/964 176/789/965 903/790/966 1907/787/963
f 903/790/966 165/437/471 871/436/470 1907/787/963
s 67
f 662/477/967 52/374/865 779/732/864 1908/791/968
f 779/732/864 119/595/863 818/653/969 1908/791/968
f 818/653/969 99/528/757 735/671/755 1908/791/968
f 735/671/755 63/120/754 662/477/967 1908/791/968
s 5
f 717/480/530 71/70/81 737/674/762 1909/792/970
f 737/674/762 100/531/761 819/655/971 1909/792/970
f 819/655/971 120/593/868 781/733/866 1909/792/970
f 781/733/866 84/381/415 717/480/530 1909/792/970
s 67
f 680/793/972 64/708/818 757/707/817 1910/794/973
f 757/707/817 110/568/816 820/656/974 1910/794/973
f 820/656/974 135/648/961 814/785/959 1910/794/973
f 814/785/959 53/784/958 680/793/972 1910/794/973
s 20
f 875/498/548 165/437/471 903/790/966 1911/795/975
f 903/790/966 176/789/965 904/796/976 1911/795/975
f 904/796/976 170/711/821 885/709/819 1911/795/975
f 885/709/819 157/298/312 875/498/548 1911/795/975
s 2
usemtl man5_clean:eyeMUD_shoeF_blinn1SG
f 1014/797/977 236/18/18 607/17/17 1912/798/978
f 607/17/17 13/16/16 606/799/979 1912/798/978
f 606/799/979 137/800/95 1222/801/93 1912/798/978
f 1222/801/93 235/802/92 1014/797/977 1912/798/978
f 635/310/330 37/309/329 823/803/980 1913/804/981
f 823/803/980 138/805/359 824/806/358 1913/804/981
f 824/806/358 137/800/95 606/799/979 1913/804/981
f 606/799/979 13/16/16 635/310/330 1913/804/981
f 826/807/376 138/805/359 823/803/980 1914/808/982
f 823/803/980 37/309/329 654/357/379 1914/808/982
f 654/357/379 48/60/68 825/809/983 1914/808/982
f 825/809/983 139/810/137 826/807/376 1914/808/982
f 828/811/138 139/810/137 825/809/983 1915/812/984
f 825/809/983 48/60/68 613/58/66 1915/812/984
f 613/58/66 16/5/65 611/813/985 1915/812/984
f 611/813/985 140/814/140 828/811/138 1915/812/984
s 1
f 676/3/3 62/2/2 679/815/986 1916/816/987
f 679/815/986 141/817/128 830/818/127 1916/816/987
f 830/818/127 140/814/135 611/813/988 1916/816/987
f 611/813/988 16/5/5 676/3/3 1916/816/987
f 832/819/525 141/817/128 679/815/986 1917/820/989
f 679/815/986 62/2/2 660/473/522 1917/820/989
f 660/473/522 51/367/395 663/821/990 1917/820/989
f 663/821/990 142/822/401 832/819/525 1917/820/989
f 834/823/402 142/822/401 663/821/990 1918/824/991
f 663/821/990 51/367/395 612/365/393 1918/824/991
f 612/365/393 15/75/392 609/825/992 1918/824/991
f 609/825/992 143/826/404 834/823/402 1918/824/991
s 4
f 649/73/84 45/72/83 652/827/993 1919/828/994
f 652/827/993 144/108/119 836/107/118 1919/828/994
f 836/107/118 143/826/126 609/825/995 1919/828/994
f 609/825/995 15/75/86 649/73/84 1919/828/994
f 838/348/370 144/108/119 652/827/993 1920/829/996
f 652/827/993 45/72/83 640/345/367 1920/829/996
f 640/345/367 40/320/342 643/830/997 1920/829/996
f 643/830/997 145/325/347 838/348/370 1920/829/996
f 840/326/348 145/325/347 643/830/997 1921/831/998
f 643/830/997 40/320/342 610/318/340 1921/831/998
f 610/318/340 14/32/32 839/832/999 1921/831/998
f 839/832/999 146/104/115 840/326/348 1921/831/998
f 995/833/1000 224/106/117 841/105/116 1922/834/1001
f 841/105/116 146/104/115 839/832/999 1922/834/1001
f 839/832/999 14/32/32 1227/30/30 1922/834/1001
f 1227/30/30 223/29/29 995/833/1000 1922/834/1001
f 623/835/1002 147/202/216 1453/201/215 1923/836/1003
f 1453/201/215 440/200/214 1456/837/1004 1923/836/1003
f 1456/837/1004 441/838/1005 1284/839/1006 1923/836/1003
f 1284/839/1006 25/840/1007 623/835/1002 1923/836/1003
f 844/233/247 147/202/216 623/835/1002 1924/841/1008
f 623/835/1002 25/840/1007 616/842/1009 1924/841/1008
f 616/842/1009 20/843/1010 618/844/1011 1924/841/1008
f 618/844/1011 148/235/249 844/233/247 1924/841/1008
s 18
f 1045/151/165 253/150/164 1110/845/1012 1925/846/1013
f 1110/845/1012 251/144/158 1038/142/156 1925/846/1013
f 1038/142/156 250/141/155 1111/847/1014 1925/846/1013
f 1111/847/1014 255/153/167 1045/151/165 1925/846/1013
f 1072/260/274 255/153/167 1111/847/1014 1926/848/1015
f 1111/847/1014 250/141/155 1070/256/270 1926/848/1015
f 1070/256/270 267/255/269 1112/849/1016 1926/848/1015
f 1112/849/1016 268/262/276 1072/260/274 1926/848/1015
f 1088/290/304 268/262/276 1112/849/1016 1927/850/1017
f 1112/849/1016 267/255/269 1086/286/300 1927/850/1017
f 1086/286/300 275/285/299 1113/851/1018 1927/850/1017
f 1113/851/1018 276/292/306 1088/290/304 1927/850/1017
s 3
f 1102/446/483 280/445/482 1114/852/1019 1928/853/1020
f 1114/852/1019 278/439/473 1096/438/472 1928/853/1020
f 1096/438/472 276/292/480 1113/851/1021 1928/853/1020
f 1113/851/1021 275/285/485 1102/446/483 1928/853/1020
f 1108/502/552 239/23/23 1115/854/1022 1929/855/1023
f 1115/854/1022 241/856/108 1106/499/549 1929/855/1023
f 1106/499/549 278/439/473 1114/852/1019 1929/855/1023
f 1114/852/1019 280/445/482 1108/502/552 1929/855/1023
f 1018/21/21 238/20/20 1116/857/1024 1930/858/1025
f 1116/857/1024 242/859/101 1022/860/100 1930/858/1025
f 1022/860/100 241/856/108 1115/854/1022 1930/858/1025
f 1115/854/1022 239/23/23 1018/21/21 1930/858/1025
s 17
f 1117/861/1026 271/862/290 1093/863/321 1931/864/1027
f 1093/863/321 242/859/320 1116/857/1028 1931/864/1027
f 1116/857/1028 238/20/324 1094/305/322 1931/864/1027
f 1094/305/322 272/280/294 1117/861/1026 1931/864/1027
f 1118/865/1029 260/866/187 1079/867/291 1932/868/1030
f 1079/867/291 271/862/290 1117/861/1026 1932/868/1030
f 1117/861/1026 272/280/294 1080/278/292 1932/868/1030
f 1080/278/292 247/135/149 1118/865/1029 1932/868/1030
f 1119/869/1031 258/870/189 1055/871/188 1933/872/1032
f 1055/871/188 260/866/187 1118/865/1029 1933/872/1032
f 1118/865/1029 247/135/149 1031/133/147 1933/872/1032
f 1031/133/147 245/132/146 1119/869/1031 1933/872/1032
s 2
f 846/873/1033 150/874/227 847/875/264 1934/876/1034
f 847/875/264 149/877/263 845/878/1035 1934/876/1034
f 845/878/1035 17/879/1036 625/880/1037 1934/876/1034
f 625/880/1037 28/881/1038 846/873/1033 1934/876/1034
f 846/873/1033 28/881/1038 1429/882/1039 1935/883/1040
f 1429/882/1039 428/884/1041 1432/885/1042 1935/883/1040
f 1432/885/1042 429/886/230 1279/887/228 1935/883/1040
f 1279/887/228 150/874/227 846/873/1033 1935/883/1040
s 86
usemtl man5_clean:eyeMUD_shoeF_lambert2SG
f 692/242/1043 75/241/1044 848/888/1045 1936/889/1046
f 848/888/1045 188/890/1047 929/891/1048 1936/889/1046
f 929/891/1048 189/892/1049 849/893/1050 1936/889/1046
f 849/893/1050 76/243/1051 692/242/1043 1936/889/1046
f 715/415/1052 92/414/1053 862/894/1054 1937/895/1055
f 862/894/1054 186/896/1056 925/897/1057 1937/895/1055
f 925/897/1057 187/898/1058 860/899/1059 1937/895/1055
f 860/899/1059 91/416/1060 715/415/1052 1937/895/1055
f 721/491/1061 91/416/1060 860/899/1059 1938/900/1062
f 860/899/1059 187/898/1058 927/901/1063 1938/900/1062
f 927/901/1063 188/890/1047 848/888/1045 1938/900/1062
f 848/888/1045 75/241/1044 721/491/1061 1938/900/1062
s 47
f 745/538/591 103/537/590 878/902/1064 1939/903/1065
f 878/902/1064 190/904/1066 932/905/1067 1939/903/1065
f 932/905/1067 177/906/1068 876/907/1069 1939/903/1065
f 876/907/1069 104/539/592 745/538/591 1939/903/1065
s 86
f 743/693/1070 76/243/1051 849/893/1050 1940/908/1071
f 849/893/1050 189/892/1049 931/909/1072 1940/908/1071
f 931/909/1072 190/904/1073 878/902/1074 1940/908/1071
f 878/902/1074 103/537/1075 743/693/1070 1940/908/1071
s 47
f 754/556/609 104/539/592 876/907/1069 1941/910/1076
f 876/907/1069 177/906/1068 907/911/1077 1941/910/1076
f 907/911/1077 178/912/1078 881/913/1079 1941/910/1076
f 881/913/1079 108/557/610 754/556/609 1941/910/1076
f 760/565/618 111/564/617 886/914/1080 1942/915/1081
f 886/914/1080 179/916/1082 911/917/1083 1942/915/1081
f 911/917/1083 180/918/1084 884/919/1085 1942/915/1081
f 884/919/1085 112/566/619 760/565/618 1942/915/1081
f 763/571/626 108/557/610 881/913/1079 1943/920/1086
f 881/913/1079 178/912/1078 909/921/1087 1943/920/1086
f 909/921/1087 179/916/1082 886/914/1080 1943/920/1086
f 886/914/1080 111/564/617 763/571/626 1943/920/1086
s 86
f 799/756/1088 128/627/1089 890/922/1090 1944/923/1091
f 890/922/1090 185/924/1092 923/925/1093 1944/923/1091
f 923/925/1093 186/896/1056 862/894/1054 1944/923/1091
f 862/894/1054 92/414/1053 799/756/1088 1944/923/1091
s 55
f 805/634/692 130/633/691 892/926/1094 1945/927/1095
f 892/926/1094 184/928/1096 921/929/1097 1945/927/1095
f 921/929/1097 185/924/1098 890/922/1099 1945/927/1095
f 890/922/1099 128/627/685 805/634/692 1945/927/1095
f 809/640/698 132/639/697 895/930/1100 1946/931/1101
f 895/930/1100 183/932/1102 919/933/1103 1946/931/1101
f 919/933/1103 184/928/1096 892/926/1094 1946/931/1101
f 892/926/1094 130/633/691 809/640/698 1946/931/1101
f 813/646/704 134/645/703 898/934/1104 1947/935/1105
f 898/934/1104 182/936/1106 917/937/1107 1947/935/1105
f 917/937/1107 183/932/1102 895/930/1100 1947/935/1105
f 895/930/1100 132/639/697 813/646/704 1947/935/1105
s 65
f 817/652/710 136/651/709 901/938/1108 1948/939/1109
f 901/938/1108 181/940/1110 915/941/1111 1948/939/1109
f 915/941/1111 182/936/1112 898/934/1113 1948/939/1109
f 898/934/1113 134/645/711 817/652/710 1948/939/1109
f 821/658/722 112/566/721 884/919/1114 1949/942/1115
f 884/919/1114 180/918/1116 913/943/1117 1949/942/1115
f 913/943/1117 181/940/1110 901/938/1108 1949/942/1115
f 901/938/1108 136/651/709 821/658/722 1949/942/1115
s 47
f 907/911/1077 177/906/1068 905/944/1118 1950/945/1119
f 905/944/1118 205/946/1120 963/947/1121 1950/945/1119
f 963/947/1121 206/948/1122 906/949/1123 1950/945/1119
f 906/949/1123 178/912/1078 907/911/1077 1950/945/1119
f 909/921/1087 178/912/1078 906/949/1123 1951/950/1124
f 906/949/1123 206/948/1122 965/951/1125 1951/950/1124
f 965/951/1125 207/952/1126 908/953/1127 1951/950/1124
f 908/953/1127 179/916/1082 909/921/1087 1951/950/1124
f 911/917/1083 179/916/1082 908/953/1127 1952/954/1128
f 908/953/1127 207/952/1126 967/955/1129 1952/954/1128
f 967/955/1129 208/956/1130 910/957/1131 1952/954/1128
f 910/957/1131 180/918/1084 911/917/1083 1952/954/1128
s 65
f 913/943/1117 180/918/1116 910/957/1132 1953/958/1133
f 910/957/1132 208/956/1134 969/959/1135 1953/958/1133
f 969/959/1135 209/960/1136 912/961/1137 1953/958/1133
f 912/961/1137 181/940/1110 913/943/1117 1953/958/1133
f 915/941/1111 181/940/1110 912/961/1137 1954/962/1138
f 912/961/1137 209/960/1136 971/963/1139 1954/962/1138
f 971/963/1139 210/964/1140 914/965/1141 1954/962/1138
f 914/965/1141 182/936/1112 915/941/1111 1954/962/1138
s 55
f 917/937/1107 182/936/1106 914/965/1142 1955/966/1143
f 914/965/1142 210/964/1144 973/967/1145 1955/966/1143
f 973/967/1145 211/968/1146 916/969/1147 1955/966/1143
f 916/969/1147 183/932/1102 917/937/1107 1955/966/1143
f 919/933/1103 183/932/1102 916/969/1147 1956/970/1148
f 916/969/1147 211/968/1146 975/971/1149 1956/970/1148
f 975/971/1149 212/972/1150 918/973/1151 1956/970/1148
f 918/973/1151 184/928/1096 919/933/1103 1956/970/1148
f 921/929/1097 184/928/1096 918/973/1151 1957/974/1152
f 918/973/1151 212/972/1150 977/975/1153 1957/974/1152
f 977/975/1153 213/976/1154 920/977/1155 1957/974/1152
f 920/977/1155 185/924/1098 921/929/1097 1957/974/1152
s 86
f 923/925/1093 185/924/1092 920/977/1156 1958/978/1157
f 920/977/1156 213/976/1158 979/979/1159 1958/978/1157
f 979/979/1159 214/980/1160 922/981/1161 1958/978/1157
f 922/981/1161 186/896/1056 923/925/1093 1958/978/1157
f 925/897/1057 186/896/1056 922/981/1161 1959/982/1162
f 922/981/1161 214/980/1160 981/983/1163 1959/982/1162
f 981/983/1163 215/984/1164 924/985/1165 1959/982/1162
f 924/985/1165 187/898/1058 925/897/1057 1959/982/1162
f 927/901/1063 187/898/1058 924/985/1165 1960/986/1166
f 924/985/1165 215/984/1164 983/987/1167 1960/986/1166
f 983/987/1167 216/988/1168 926/989/1169 1960/986/1166
f 926/989/1169 188/890/1047 927/901/1063 1960/986/1166
f 929/891/1048 188/890/1047 926/989/1169 1961/990/1170
f 926/989/1169 216/988/1168 985/991/1171 1961/990/1170
f 985/991/1171 217/992/1172 928/993/1173 1961/990/1170
f 928/993/1173 189/892/1049 929/891/1048 1961/990/1170
f 931/909/1072 189/892/1049 928/993/1173 1962/994/1174
f 928/993/1173 217/992/1172 987/995/1175 1962/994/1174
f 987/995/1175 218/996/1176 930/997/1177 1962/994/1174
f 930/997/1177 190/904/1073 931/909/1072 1962/994/1174
s 47
f 932/905/1067 190/904/1066 930/997/1178 1963/998/1179
f 930/997/1178 218/996/1180 988/999/1181 1963/998/1179
f 988/999/1181 205/946/1120 905/944/1118 1963/998/1179
f 905/944/1118 177/906/1068 932/905/1067 1963/998/1179
f 935/1000/1182 191/1001/1183 933/1002/1184 1964/1003/1185
f 933/1002/1184 167/682/1186 883/702/1187 1964/1003/1185
f 883/702/1187 169/701/1188 934/1004/1189 1964/1003/1185
f 934/1004/1189 192/1005/1190 935/1000/1182 1964/1003/1185
f 937/1006/1191 192/1005/1190 934/1004/1189 1965/1007/1192
f 934/1004/1189 169/701/1188 889/718/1193 1965/1007/1192
f 889/718/1193 171/713/1194 936/1008/1195 1965/1007/1192
f 936/1008/1195 193/1009/1196 937/1006/1191 1965/1007/1192
f 939/1010/1197 193/1009/1196 936/1008/1195 1966/1011/1198
f 936/1008/1195 171/713/1194 887/712/1199 1966/1011/1198
f 887/712/1199 170/711/1200 938/1012/1201 1966/1011/1198
f 938/1012/1201 194/1013/1202 939/1010/1197 1966/1011/1198
s 65
f 941/1014/1203 194/1013/1204 938/1012/1205 1967/1015/1206
f 938/1012/1205 170/711/1207 904/796/1208 1967/1015/1206
f 904/796/1208 176/789/1209 940/1016/1210 1967/1015/1206
f 940/1016/1210 195/1017/1211 941/1014/1203 1967/1015/1206
f 943/1018/1212 195/1017/1211 940/1016/1210 1968/1019/1213
f 940/1016/1210 176/789/1209 902/788/1214 1968/1019/1213
f 902/788/1214 175/781/1215 942/1020/1216 1968/1019/1213
f 942/1020/1216 196/1021/1217 943/1018/1212 1968/1019/1213
s 55
f 945/1022/1218 196/1021/1219 942/1020/1220 1969/1023/1221
f 942/1020/1220 175/781/1222 899/780/1223 1969/1023/1221
f 899/780/1223 174/773/1224 944/1024/1225 1969/1023/1221
f 944/1024/1225 197/1025/1226 945/1022/1218 1969/1023/1221
f 947/1026/1227 197/1025/1226 944/1024/1225 1970/1027/1228
f 944/1024/1225 174/773/1224 896/772/1229 1970/1027/1228
f 896/772/1229 173/765/1230 946/1028/1231 1970/1027/1228
f 946/1028/1231 198/1029/1232 947/1026/1227 1970/1027/1228
f 949/1030/1233 198/1029/1232 946/1028/1231 1971/1031/1234
f 946/1028/1231 173/765/1230 893/764/1235 1971/1031/1234
f 893/764/1235 172/763/1236 948/1032/1237 1971/1031/1234
f 948/1032/1237 199/1033/1238 949/1030/1233 1971/1031/1234
s 86
f 951/1034/1239 199/1033/1240 948/1032/1241 1972/1035/1242
f 948/1032/1241 172/763/1243 891/761/1244 1972/1035/1242
f 891/761/1244 161/421/1245 950/1036/1246 1972/1035/1242
f 950/1036/1246 200/1037/1247 951/1034/1239 1972/1035/1242
f 953/1038/1248 200/1037/1247 950/1036/1246 1973/1039/1249
f 950/1036/1246 161/421/1245 863/419/1250 1973/1039/1249
f 863/419/1250 159/418/1251 952/1040/1252 1973/1039/1249
f 952/1040/1252 201/1041/1253 953/1038/1248 1973/1039/1249
f 955/1042/1254 201/1041/1253 952/1040/1252 1974/1043/1255
f 952/1040/1252 159/418/1251 872/492/1256 1974/1043/1255
f 872/492/1256 151/159/1257 954/1044/1258 1974/1043/1255
f 954/1044/1258 202/1045/1259 955/1042/1254 1974/1043/1255
f 957/1046/1260 202/1045/1259 954/1044/1258 1975/1047/1261
f 954/1044/1258 151/159/1257 850/158/1262 1975/1047/1261
f 850/158/1262 152/166/1263 956/1048/1264 1975/1047/1261
f 956/1048/1264 203/1049/1265 957/1046/1260 1975/1047/1261
f 959/1050/1266 203/1049/1265 956/1048/1264 1976/1051/1267
f 956/1048/1264 152/166/1263 880/685/1268 1976/1051/1267
f 880/685/1268 168/684/1269 958/1052/1270 1976/1051/1267
f 958/1052/1270 204/1053/1271 959/1050/1266 1976/1051/1267
s 47
f 960/1054/1272 204/1053/1273 958/1052/1274 1977/1055/1275
f 958/1052/1274 168/684/1276 879/683/1277 1977/1055/1275
f 879/683/1277 167/682/1186 933/1002/1184 1977/1055/1275
f 933/1002/1184 191/1001/1183 960/1054/1272 1977/1055/1275
f 963/947/1121 205/946/1120 961/1056/1278 1978/1057/1279
f 961/1056/1278 191/1001/1183 935/1000/1182 1978/1057/1279
f 935/1000/1182 192/1005/1190 962/1058/1280 1978/1057/1279
f 962/1058/1280 206/948/1122 963/947/1121 1978/1057/1279
f 965/951/1125 206/948/1122 962/1058/1280 1979/1059/1281
f 962/1058/1280 192/1005/1190 937/1006/1191 1979/1059/1281
f 937/1006/1191 193/1009/1196 964/1060/1282 1979/1059/1281
f 964/1060/1282 207/952/1126 965/951/1125 1979/1059/1281
f 967/955/1129 207/952/1126 964/1060/1282 1980/1061/1283
f 964/1060/1282 193/1009/1196 939/1010/1197 1980/1061/1283
f 939/1010/1197 194/1013/1202 966/1062/1284 1980/1061/1283
f 966/1062/1284 208/956/1130 967/955/1129 1980/1061/1283
s 65
f 969/959/1135 208/956/1134 966/1062/1285 1981/1063/1286
f 966/1062/1285 194/1013/1204 941/1014/1203 1981/1063/1286
f 941/1014/1203 195/1017/1211 968/1064/1287 1981/1063/1286
f 968/1064/1287 209/960/1136 969/959/1135 1981/1063/1286
f 971/963/1139 209/960/1136 968/1064/1287 1982/1065/1288
f 968/1064/1287 195/1017/1211 943/1018/1212 1982/1065/1288
f 943/1018/1212 196/1021/1217 970/1066/1289 1982/1065/1288
f 970/1066/1289 210/964/1140 971/963/1139 1982/1065/1288
s 55
f 973/967/1145 210/964/1144 970/1066/1290 1983/1067/1291
f 970/1066/1290 196/1021/1219 945/1022/1218 1983/1067/1291
f 945/1022/1218 197/1025/1226 972/1068/1292 1983/1067/1291
f 972/1068/1292 211/968/1146 973/967/1145 1983/1067/1291
f 975/971/1149 211/968/1146 972/1068/1292 1984/1069/1293
f 972/1068/1292 197/1025/1226 947/1026/1227 1984/1069/1293
f 947/1026/1227 198/1029/1232 974/1070/1294 1984/1069/1293
f 974/1070/1294 212/972/1150 975/971/1149 1984/1069/1293
f 977/975/1153 212/972/1150 974/1070/1294 1985/1071/1295
f 974/1070/1294 198/1029/1232 949/1030/1233 1985/1071/1295
f 949/1030/1233 199/1033/1238 976/1072/1296 1985/1071/1295
f 976/1072/1296 213/976/1154 977/975/1153 1985/1071/1295
s 86
f 979/979/1159 213/976/1158 976/1072/1297 1986/1073/1298
f 976/1072/1297 199/1033/1240 951/1034/1239 1986/1073/1298
f 951/1034/1239 200/1037/1247 978/1074/1299 1986/1073/1298
f 978/1074/1299 214/980/1160 979/979/1159 1986/1073/1298
f 981/983/1163 214/980/1160 978/1074/1299 1987/1075/1300
f 978/1074/1299 200/1037/1247 953/1038/1248 1987/1075/1300
f 953/1038/1248 201/1041/1253 980/1076/1301 1987/1075/1300
f 980/1076/1301 215/984/1164 981/983/1163 1987/1075/1300
f 983/987/1167 215/984/1164 980/1076/1301 1988/1077/1302
f 980/1076/1301 201/1041/1253 955/1042/1254 1988/1077/1302
f 955/1042/1254 202/1045/1259 982/1078/1303 1988/1077/1302
f 982/1078/1303 216/988/1168 983/987/1167 1988/1077/1302
f 985/991/1171 216/988/1168 982/1078/1303 1989/1079/1304
f 982/1078/1303 202/1045/1259 957/1046/1260 1989/1079/1304
f 957/1046/1260 203/1049/1265 984/1080/1305 1989/1079/1304
f 984/1080/1305 217/992/1172 985/991/1171 1989/1079/1304
f 987/995/1175 217/992/1172 984/1080/1305 1990/1081/1306
f 984/1080/1305 203/1049/1265 959/1050/1266 1990/1081/1306
f 959/1050/1266 204/1053/1271 986/1082/1307 1990/1081/1306
f 986/1082/1307 218/996/1176 987/995/1175 1990/1081/1306
s 47
f 988/999/1181 218/996/1180 986/1082/1308 1991/1083/1309
f 986/1082/1308 204/1053/1273 960/1054/1272 1991/1083/1309
f 960/1054/1272 191/1001/1183 961/1056/1278 1991/1083/1309
f 961/1056/1278 205/946/1120 988/999/1181 1991/1083/1309
s 6
usemtl man5_clean:eyeMUD_shoeF_blinn1SG
f 682/1084/1310 56/1085/1311 1294/1086/1312 1992/1087/1313
f 1294/1086/1312 416/1088/1314 1408/1089/1315 1992/1087/1313
f 1408/1089/1315 417/1090/1316 1295/1091/1317 1992/1087/1313
f 1295/1091/1317 67/1092/1318 682/1084/1310 1992/1087/1313
s 95
f 595/1093/1319 5/1094/1320 1016/1095/1321 1993/1096/1322
f 1016/1095/1321 304/1097/1323 1160/1098/1324 1993/1096/1322
f 1160/1098/1324 305/1099/1325 1019/1100/1326 1993/1096/1322
f 1019/1100/1326 65/1101/1327 595/1093/1319 1993/1096/1322
s 96
usemtl man5_clean:eyeMUD_shoeF_lambert2SG
f 596/703/1328 64/708/1329 1025/1102/1330 1994/1103/1331
f 1025/1102/1330 326/1104/1332 1203/1105/1333 1994/1103/1331
f 1203/1105/1333 327/1106/1334 1023/1107/1335 1994/1103/1331
f 1023/1107/1335 6/704/1336 596/703/1328 1994/1103/1331
s 95
usemtl man5_clean:eyeMUD_shoeF_blinn1SG
f 614/1108/1337 18/1109/1338 1029/1110/1339 1995/1111/1340
f 1029/1110/1339 301/1112/1341 1154/1113/1342 1995/1111/1340
f 1154/1113/1342 302/1114/1343 1032/1115/1344 1995/1111/1340
f 1032/1115/1344 29/1116/1345 614/1108/1337 1995/1111/1340
f 628/1117/1346 30/1118/1347 1035/1119/1348 1996/1120/1349
f 1035/1119/1348 309/1121/1350 1170/1122/1351 1996/1120/1349
f 1170/1122/1351 310/1123/1352 1039/1124/1353 1996/1120/1349
f 1039/1124/1353 19/1125/1354 628/1117/1346 1996/1120/1349
s 99
f 843/236/1355 148/235/1356 1042/1126/1357 1997/1127/1358
f 1042/1126/1357 320/1128/1359 1191/1129/1360 1997/1127/1358
f 1191/1129/1360 321/1130/1361 1043/1131/1362 1997/1127/1358
f 1043/1131/1362 21/237/1363 843/236/1355 1997/1127/1358
s 96
f 629/757/1364 21/237/1365 1043/1131/1366 1998/1132/1367
usemtl man5_clean:eyeMUD_shoeF_lambert2SG
f 1043/1131/1366 321/1130/1368 1193/1133/1369 1998/1132/1367
f 1193/1133/1369 322/1134/1370 1046/1135/1371 1998/1132/1367
f 1046/1135/1371 31/758/1372 629/757/1364 1998/1132/1367
s 101
usemtl man5_clean:eyeMUD_shoeF_blinn1SG
f 620/248/1373 22/247/1374 1049/1136/1375 1999/1137/1376
f 1049/1136/1375 330/1138/1377 1211/1139/1378 1999/1137/1376
f 1211/1139/1378 331/1140/1379 1050/1141/1380 1999/1137/1376
f 1050/1141/1380 149/249/1381 620/248/1373 1999/1137/1376
s 96
usemtl man5_clean:eyeMUD_shoeF_lambert2SG
f 619/675/1382 32/679/1383 1052/1142/1384 2000/1143/1385
f 1052/1142/1384 329/1144/1386 1209/1145/1387 2000/1143/1385
f 1209/1145/1387 330/1138/1388 1049/1136/1389 2000/1143/1385
usemtl man5_clean:eyeMUD_shoeF_blinn1SG
f 1049/1136/1389 22/247/1390 619/675/1382 2000/1143/1385
s 103
f 1134/1146/1391 289/1147/1392 1275/1148/1393 2001/1149/1394
f 1275/1148/1393 421/1150/1395 1418/1151/1396 2001/1149/1394
f 1418/1151/1396 422/1152/1397 1417/1153/1398 2001/1149/1394
f 1417/1153/1398 298/1154/1399 1134/1146/1391 2001/1149/1394
s 95
f 622/1155/1400 66/1156/1401 1056/1157/1402 2002/1158/1403
f 1056/1157/1402 299/1159/1404 1150/1160/1405 2002/1158/1403
f 1150/1160/1405 300/1161/1406 1057/1162/1407 2002/1158/1403
f 1057/1162/1407 23/1163/1408 622/1155/1400 2002/1158/1403
s 105
f 1060/1164/1409 25/840/1410 1284/839/1411 2003/1165/1412
f 1284/839/1411 441/838/1413 1458/1166/1414 2003/1165/1412
f 1458/1166/1414 442/1167/1415 1457/1168/1416 2003/1165/1412
f 1457/1168/1416 318/1169/1417 1060/1164/1409 2003/1165/1412
s 106
f 1062/1170/1418 333/1171/1419 1278/1172/1420 2004/1173/1421
f 1278/1172/1420 427/1174/1422 1430/1175/1423 2004/1173/1421
f 1430/1175/1423 428/884/1424 1429/882/1425 2004/1173/1421
f 1429/882/1425 28/881/1426 1062/1170/1418 2004/1173/1421
s 105
f 616/842/1427 25/840/1410 1060/1164/1409 2005/1176/1428
f 1060/1164/1409 318/1169/1417 1187/1177/1429 2005/1176/1428
f 1187/1177/1429 319/1178/1430 1037/1179/1431 2005/1176/1428
f 1037/1179/1431 20/843/1432 616/842/1427 2005/1176/1428
s 107
f 615/1180/1433 19/1125/1434 1039/1124/1435 2006/1181/1436
f 1039/1124/1435 310/1123/1437 1172/1182/1438 2006/1181/1436
f 1172/1182/1438 311/1183/1439 1059/1184/1440 2006/1181/1436
f 1059/1184/1440 24/1185/1441 615/1180/1433 2006/1181/1436
s 106
f 625/880/1442 17/879/1443 1028/1186/1444 2007/1187/1445
f 1028/1186/1444 332/1188/1446 1215/1189/1447 2007/1187/1445
f 1215/1189/1447 333/1171/1419 1062/1170/1418 2007/1187/1445
f 1062/1170/1418 28/881/1426 625/880/1442 2007/1187/1445
s 95
f 621/1190/1448 23/1163/1408 1057/1162/1407 2008/1191/1449
f 1057/1162/1407 300/1161/1406 1152/1192/1450 2008/1191/1449
f 1152/1192/1450 301/1112/1341 1029/1110/1339 2008/1191/1449
f 1029/1110/1339 18/1109/1338 621/1190/1448 2008/1191/1449
f 632/1193/1451 34/1194/1452 1068/1195/1453 2009/1196/1454
f 1068/1195/1453 308/1197/1455 1168/1198/1456 2009/1196/1454
f 1168/1198/1456 309/1121/1350 1035/1119/1348 2009/1196/1454
f 1035/1119/1348 30/1118/1347 632/1193/1451 2009/1196/1454
s 96
usemtl man5_clean:eyeMUD_shoeF_lambert2SG
f 633/767/1457 31/758/1372 1046/1135/1371 2010/1199/1458
f 1046/1135/1371 322/1134/1370 1195/1200/1459 2010/1199/1458
f 1195/1200/1459 323/1201/1460 1073/1202/1461 2010/1199/1458
f 1073/1202/1461 35/768/1462 633/767/1457 2010/1199/1458
f 630/695/1463 36/698/1464 1076/1203/1465 2011/1204/1466
f 1076/1203/1465 328/1205/1467 1207/1206/1468 2011/1204/1466
f 1207/1206/1468 329/1144/1386 1052/1142/1384 2011/1204/1466
f 1052/1142/1384 32/679/1383 630/695/1463 2011/1204/1466
s 95
usemtl man5_clean:eyeMUD_shoeF_blinn1SG
f 627/1207/1469 29/1116/1345 1032/1115/1344 2012/1208/1470
f 1032/1115/1344 302/1114/1343 1156/1209/1471 2012/1208/1470
f 1156/1209/1471 303/1210/1472 1081/1211/1473 2012/1208/1470
f 1081/1211/1473 33/1212/1474 627/1207/1469 2012/1208/1470
f 597/1213/1475 7/1214/1476 1084/1215/1477 2013/1216/1478
f 1084/1215/1477 307/1217/1479 1166/1218/1480 2013/1216/1478
f 1166/1218/1480 308/1197/1455 1068/1195/1453 2013/1216/1478
f 1068/1195/1453 34/1194/1452 597/1213/1475 2013/1216/1478
s 96
usemtl man5_clean:eyeMUD_shoeF_lambert2SG
f 598/775/1481 35/768/1462 1073/1202/1461 2014/1219/1482
f 1073/1202/1461 323/1201/1460 1197/1220/1483 2014/1219/1482
f 1197/1220/1483 324/1221/1484 1089/1222/1485 2014/1219/1482
f 1089/1222/1485 8/776/1486 598/775/1481 2014/1219/1482
f 634/715/1487 6/704/1336 1023/1107/1335 2015/1223/1488
f 1023/1107/1335 327/1106/1334 1205/1224/1489 2015/1223/1488
f 1205/1224/1489 328/1205/1467 1076/1203/1465 2015/1223/1488
f 1076/1203/1465 36/698/1464 634/715/1487 2015/1223/1488
s 95
usemtl man5_clean:eyeMUD_shoeF_blinn1SG
f 631/1225/1490 33/1212/1474 1081/1211/1473 2016/1226/1491
f 1081/1211/1473 303/1210/1472 1158/1227/1492 2016/1226/1491
f 1158/1227/1492 304/1097/1323 1016/1095/1321 2016/1226/1491
f 1016/1095/1321 5/1094/1320 631/1225/1490 2016/1226/1491
s 96
usemtl man5_clean:eyeMUD_shoeF_lambert2SG
f 664/783/1493 8/776/1486 1089/1222/1485 2017/1228/1494
f 1089/1222/1485 324/1221/1484 1199/1229/1495 2017/1228/1494
f 1199/1229/1495 325/1230/1496 1097/1231/1497 2017/1228/1494
f 1097/1231/1497 53/784/1498 664/783/1493 2017/1228/1494
s 95
usemtl man5_clean:eyeMUD_shoeF_blinn1SG
f 665/1232/1499 54/1233/1500 1100/1234/1501 2018/1235/1502
f 1100/1234/1501 306/1236/1503 1164/1237/1504 2018/1235/1502
f 1164/1237/1504 307/1217/1479 1084/1215/1477 2018/1235/1502
f 1084/1215/1477 7/1214/1476 665/1232/1499 2018/1235/1502
s 113
f 1141/1238/1505 313/1239/1506 1289/1240/1507 2019/1241/1508
f 1289/1240/1507 447/1242/1509 1470/1243/1510 2019/1241/1508
f 1470/1243/1510 448/1244/1511 1290/1245/1512 2019/1241/1508
f 1290/1245/1512 293/1246/1513 1141/1238/1505 2019/1241/1508
s 107
f 666/1247/1514 24/1185/1441 1059/1184/1440 2020/1248/1515
f 1059/1184/1440 311/1183/1439 1174/1249/1516 2020/1248/1515
f 1174/1249/1516 312/1250/1517 1104/1251/1518 2020/1248/1515
f 1104/1251/1518 55/1252/1519 666/1247/1514 2020/1248/1515
s 96
usemtl man5_clean:eyeMUD_shoeF_lambert2SG
f 680/793/1520 53/784/1498 1097/1231/1497 2021/1253/1521
f 1097/1231/1497 325/1230/1496 1201/1254/1522 2021/1253/1521
f 1201/1254/1522 326/1104/1332 1025/1102/1330 2021/1253/1521
f 1025/1102/1330 64/708/1329 680/793/1520 2021/1253/1521
s 95
f 681/1255/1523 65/1101/1327 1019/1100/1326 2022/1256/1524
f 1019/1100/1326 305/1099/1325 1162/1257/1525 2022/1256/1524
f 1162/1257/1525 306/1236/1503 1100/1234/1501 2022/1256/1524
f 1100/1234/1501 54/1233/1500 681/1255/1523 2022/1256/1524
s 99
usemtl man5_clean:eyeMUD_shoeF_blinn1SG
f 618/844/1526 20/843/1527 1037/1179/1528 2023/1258/1529
f 1037/1179/1528 319/1178/1530 1189/1259/1531 2023/1258/1529
f 1189/1259/1531 320/1128/1359 1042/1126/1357 2023/1258/1529
f 1042/1126/1357 148/235/1356 618/844/1526 2023/1258/1529
s 101
f 845/878/1532 149/877/1381 1050/1260/1380 2024/1261/1533
f 1050/1260/1380 331/1262/1379 1213/1263/1534 2024/1261/1533
f 1213/1263/1534 332/1188/1535 1028/1186/1536 2024/1261/1533
f 1028/1186/1536 17/879/1537 845/878/1532 2024/1261/1533
s 115
f 990/46/1538 219/11/1539 1121/1264/1540 2025/1265/1541
f 1121/1264/1540 335/1266/1542 1220/1267/1543 2025/1265/1541
f 1220/1267/1543 336/1268/1544 1120/1269/1545 2025/1265/1541
f 1120/1269/1545 220/47/1546 990/46/1538 2025/1265/1541
s 116
f 992/456/1547 221/461/1548 1125/1270/1549 2026/1271/1550
f 1125/1270/1549 315/1272/1551 1181/1273/1552 2026/1271/1550
f 1181/1273/1552 316/1274/1553 1124/1275/1554 2026/1271/1550
f 1124/1275/1554 222/36/1555 992/456/1547 2026/1271/1550
f 993/28/1556 222/36/1555 1124/1275/1554 2027/1276/1557
f 1124/1275/1554 316/1274/1553 1183/1277/1558 2027/1276/1557
f 1183/1277/1558 317/1278/1559 1127/1279/1560 2027/1276/1557
f 1127/1279/1560 223/29/1561 993/28/1556 2027/1276/1557
s 115
f 1015/10/1562 236/18/1563 1129/1280/1564 2028/1281/1565
f 1129/1280/1564 334/1282/1566 1218/1283/1567 2028/1281/1565
f 1218/1283/1567 335/1266/1542 1121/1264/1540 2028/1281/1565
f 1121/1264/1540 219/11/1539 1015/10/1562 2028/1281/1565
s 17
f 1132/1284/1568 290/1285/1569 1276/1286/1570 2029/1287/1571
f 1276/1286/1570 423/1288/1572 1422/1289/1573 2029/1287/1571
f 1422/1289/1573 424/1290/1574 1277/1291/1575 2029/1287/1571
f 1277/1291/1575 261/1292/1576 1132/1284/1568 2029/1287/1571
s 119
f 1148/1293/1577 299/1159/1578 1056/1157/1579 2030/1294/1580
f 1056/1157/1579 66/1156/1581 1133/1295/1582 2030/1294/1580
f 1133/1295/1582 289/1147/1583 1134/1146/1584 2030/1294/1580
f 1134/1146/1584 298/1154/1585 1148/1293/1577 2030/1294/1580
s 120
f 1133/1295/1586 66/1156/1587 1274/1296/1588 2031/1297/1589
f 1274/1296/1588 67/1092/1590 1295/1091/1591 2031/1297/1589
f 1295/1091/1591 417/1090/1592 1410/1298/1593 2031/1297/1589
f 1410/1298/1593 418/1299/1594 1416/1300/1595 2031/1297/1589
f 1416/1300/1595 421/1150/1596 1275/1148/1597 2031/1297/1589
f 1275/1148/1597 289/1147/1598 1133/1295/1586 2031/1297/1589
s 121
f 1137/1301/1599 291/1302/1600 1135/1303/1601 2032/1304/1602
f 1135/1303/1601 220/47/1603 1120/1269/1604 2032/1304/1602
f 1120/1269/1604 336/1268/1605 1221/1305/1606 2032/1304/1602
f 1221/1305/1606 297/1306/1607 1137/1301/1599 2032/1304/1602
s 122
f 1139/1307/1608 453/1308/1609 1481/1309/1610 2033/1310/1611
f 1481/1309/1610 460/1311/1612 1494/1312/1613 2033/1310/1611
f 1494/1312/1613 56/1085/1614 1291/1313/1615 2033/1310/1611
f 1291/1313/1615 55/1252/1616 1139/1307/1608 2033/1310/1611
s 123
f 1486/1314/1617 315/1272/1618 1125/1270/1619 2034/1315/1620
f 1125/1270/1619 221/461/1621 1142/1316/1622 2034/1315/1620
f 1142/1316/1622 456/1317/1623 1487/1318/1624 2034/1315/1620
f 1487/1318/1624 457/1319/1625 1486/1314/1617 2034/1315/1620
s 124
f 1176/1320/1626 452/1321/1627 1479/1322/1628 2035/1323/1629
f 1479/1322/1628 453/1308/1630 1139/1307/1631 2035/1323/1629
f 1139/1307/1631 55/1252/1632 1104/1251/1633 2035/1323/1629
f 1104/1251/1633 312/1250/1634 1176/1320/1626 2035/1323/1629
s 125
f 1569/1324/1635 497/1325/1636 1571/1326/1637 2036/1327/1638
f 1571/1326/1637 499/1328/1639 1573/1329/1640 2036/1327/1638
f 1573/1329/1640 500/1330/1641 1574/1331/1642 2036/1327/1638
f 1574/1331/1642 498/1332/1643 1569/1324/1635 2036/1327/1638
s 121
f 1136/1333/1644 292/1334/1645 1144/1335/1646 2037/1336/1647
f 1144/1335/1646 297/1306/1607 1221/1305/1606 2037/1336/1647
f 1221/1305/1606 336/1268/1605 1219/1337/1648 2037/1336/1647
f 1219/1337/1648 283/1338/1649 1136/1333/1644 2037/1336/1647
s 103
f 1146/1339/1650 298/1154/1399 1417/1153/1398 2038/1340/1651
f 1417/1153/1398 422/1152/1397 1420/1341/1652 2038/1340/1651
f 1420/1341/1652 423/1288/1653 1276/1286/1654 2038/1340/1651
f 1276/1286/1654 290/1285/1655 1146/1339/1650 2038/1340/1651
s 119
f 1132/1284/1656 261/1292/1657 1147/1342/1658 2039/1343/1659
f 1147/1342/1658 299/1159/1578 1148/1293/1577 2039/1343/1659
f 1148/1293/1577 298/1154/1585 1146/1339/1660 2039/1343/1659
f 1146/1339/1660 290/1285/1661 1132/1284/1656 2039/1343/1659
s 95
f 1150/1160/1405 299/1159/1404 1147/1342/1662 2040/1344/1663
f 1147/1342/1662 261/1292/1664 1058/1345/1665 2040/1344/1663
f 1058/1345/1665 262/222/1666 1149/1346/1667 2040/1344/1663
f 1149/1346/1667 300/1161/1406 1150/1160/1405 2040/1344/1663
f 1152/1192/1450 300/1161/1406 1149/1346/1667 2041/1347/1668
f 1149/1346/1667 262/222/1666 1067/253/1669 2041/1347/1668
f 1067/253/1669 246/139/1670 1151/1348/1671 2041/1347/1668
f 1151/1348/1671 301/1112/1341 1152/1192/1450 2041/1347/1668
f 1154/1113/1342 301/1112/1341 1151/1348/1671 2042/1349/1672
f 1151/1348/1671 246/139/1670 1034/138/1673 2042/1349/1672
f 1034/138/1673 248/137/1674 1153/1350/1675 2042/1349/1672
f 1153/1350/1675 302/1114/1343 1154/1113/1342 2042/1349/1672
f 1156/1209/1471 302/1114/1343 1153/1350/1675 2043/1351/1676
f 1153/1350/1675 248/137/1674 1083/283/1677 2043/1351/1676
f 1083/283/1677 273/282/1678 1155/1352/1679 2043/1351/1676
f 1155/1352/1679 303/1210/1472 1156/1209/1471 2043/1351/1676
f 1158/1227/1492 303/1210/1472 1155/1352/1679 2044/1353/1680
f 1155/1352/1679 273/282/1678 1095/307/1681 2044/1353/1680
f 1095/307/1681 237/27/1682 1157/1354/1683 2044/1353/1680
f 1157/1354/1683 304/1097/1323 1158/1227/1492 2044/1353/1680
f 1160/1098/1324 304/1097/1323 1157/1354/1683 2045/1355/1684
f 1157/1354/1683 237/27/1682 1021/26/1685 2045/1355/1684
f 1021/26/1685 240/25/1686 1159/1356/1687 2045/1355/1684
f 1159/1356/1687 305/1099/1325 1160/1098/1324 2045/1355/1684
f 1162/1257/1525 305/1099/1325 1159/1356/1687 2046/1357/1688
f 1159/1356/1687 240/25/1686 1109/504/1689 2046/1357/1688
f 1109/504/1689 281/449/1690 1161/1358/1691 2046/1357/1688
f 1161/1358/1691 306/1236/1503 1162/1257/1525 2046/1357/1688
f 1164/1237/1504 306/1236/1503 1161/1358/1691 2047/1359/1692
f 1161/1358/1691 281/449/1690 1103/448/1693 2047/1359/1692
f 1103/448/1693 274/289/1694 1163/1360/1695 2047/1359/1692
f 1163/1360/1695 307/1217/1479 1164/1237/1504 2047/1359/1692
f 1166/1218/1480 307/1217/1479 1163/1360/1695 2048/1361/1696
f 1163/1360/1695 274/289/1694 1087/288/1697 2048/1361/1696
f 1087/288/1697 266/259/1698 1165/1362/1699 2048/1361/1696
f 1165/1362/1699 308/1197/1455 1166/1218/1480 2048/1361/1696
f 1168/1198/1456 308/1197/1455 1165/1362/1699 2049/1363/1700
f 1165/1362/1699 266/259/1698 1071/258/1701 2049/1363/1700
f 1071/258/1701 249/148/1702 1167/1364/1703 2049/1363/1700
f 1167/1364/1703 309/1121/1350 1168/1198/1456 2049/1363/1700
f 1170/1122/1351 309/1121/1350 1167/1364/1703 2050/1365/1704
f 1167/1364/1703 249/148/1702 1041/147/1705 2050/1365/1704
f 1041/147/1705 252/146/1706 1169/1366/1707 2050/1365/1704
f 1169/1366/1707 310/1123/1352 1170/1122/1351 2050/1365/1704
s 107
f 1172/1182/1438 310/1123/1437 1169/1366/1708 2051/1367/1709
f 1169/1366/1708 252/146/1710 1065/232/1711 2051/1367/1709
f 1065/232/1711 263/193/1712 1171/1368/1713 2051/1367/1709
f 1171/1368/1713 311/1183/1439 1172/1182/1438 2051/1367/1709
f 1174/1249/1516 311/1183/1439 1171/1368/1713 2052/1369/1714
f 1171/1368/1713 263/193/1712 1105/450/1715 2052/1369/1714
f 1105/450/1715 282/455/1716 1173/1370/1717 2052/1369/1714
f 1173/1370/1717 312/1250/1517 1174/1249/1516 2052/1369/1714
s 124
f 1140/1371/1718 451/1372/1719 1477/1373/1720 2053/1374/1721
f 1477/1373/1720 452/1321/1627 1176/1320/1626 2053/1374/1721
f 1176/1320/1626 312/1250/1634 1173/1370/1722 2053/1374/1721
f 1173/1370/1722 282/455/1723 1140/1371/1718 2053/1374/1721
s 113
f 1175/1375/1724 294/1376/1725 1288/1377/1726 2054/1378/1727
f 1288/1377/1726 446/1379/1728 1468/1380/1729 2054/1378/1727
f 1468/1380/1729 447/1242/1509 1289/1240/1507 2054/1378/1727
f 1289/1240/1507 313/1239/1506 1175/1375/1724 2054/1378/1727
s 123
f 1138/1381/1730 286/1382/1731 1178/1383/1732 2055/1384/1733
f 1178/1383/1732 315/1272/1618 1486/1314/1617 2055/1384/1733
f 1486/1314/1617 457/1319/1625 1489/1385/1734 2055/1384/1733
f 1489/1385/1734 458/1386/1735 1138/1381/1730 2055/1384/1733
s 116
f 1181/1273/1552 315/1272/1551 1178/1383/1736 2056/1387/1737
f 1178/1383/1736 286/1382/1738 1126/1388/1739 2056/1387/1737
f 1126/1388/1739 285/1389/1740 1180/1390/1741 2056/1387/1737
f 1180/1390/1741 316/1274/1553 1181/1273/1552 2056/1387/1737
f 1183/1277/1558 316/1274/1553 1180/1390/1741 2057/1391/1742
f 1180/1390/1741 285/1389/1740 1128/1392/1743 2057/1391/1742
f 1128/1392/1743 287/1393/1744 1182/1394/1745 2057/1391/1742
f 1182/1394/1745 317/1278/1559 1183/1277/1558 2057/1391/1742
s 105
f 1185/1395/1746 318/1169/1417 1457/1168/1416 2058/1396/1747
f 1457/1168/1416 442/1167/1415 1460/1397/1748 2058/1396/1747
f 1460/1397/1748 443/189/1749 1285/187/1750 2058/1396/1747
f 1285/187/1750 264/186/1751 1185/1395/1746 2058/1396/1747
f 1187/1177/1429 318/1169/1417 1185/1395/1746 2059/1398/1752
f 1185/1395/1746 264/186/1751 1064/230/1753 2059/1398/1752
f 1064/230/1753 251/144/1754 1186/1399/1755 2059/1398/1752
f 1186/1399/1755 319/1178/1430 1187/1177/1429 2059/1398/1752
s 99
f 1189/1259/1531 319/1178/1530 1186/1399/1756 2060/1400/1757
f 1186/1399/1756 251/144/1758 1110/845/1759 2060/1400/1757
f 1110/845/1759 253/150/1760 1188/1401/1761 2060/1400/1757
f 1188/1401/1761 320/1128/1359 1189/1259/1531 2060/1400/1757
f 1191/1129/1360 320/1128/1359 1188/1401/1761 2061/1402/1762
f 1188/1401/1761 253/150/1760 1044/149/1763 2061/1402/1762
f 1044/149/1763 254/157/1764 1190/1403/1765 2061/1402/1762
f 1190/1403/1765 321/1130/1361 1191/1129/1360 2061/1402/1762
s 96
usemtl man5_clean:eyeMUD_shoeF_lambert2SG
f 1193/1133/1369 321/1130/1368 1190/1403/1766 2062/1404/1767
usemtl man5_clean:eyeMUD_shoeF_blinn1SG
f 1190/1403/1766 254/157/1768 1048/156/1769 2062/1404/1767
f 1048/156/1769 256/155/1770 1192/1405/1771 2062/1404/1767
usemtl man5_clean:eyeMUD_shoeF_lambert2SG
f 1192/1405/1771 322/1134/1370 1193/1133/1369 2062/1404/1767
f 1195/1200/1459 322/1134/1370 1192/1405/1771 2063/1406/1772
usemtl man5_clean:eyeMUD_shoeF_blinn1SG
f 1192/1405/1771 256/155/1770 1075/265/1773 2063/1406/1772
f 1075/265/1773 269/264/1774 1194/1407/1775 2063/1406/1772
usemtl man5_clean:eyeMUD_shoeF_lambert2SG
f 1194/1407/1775 323/1201/1460 1195/1200/1459 2063/1406/1772
f 1197/1220/1483 323/1201/1460 1194/1407/1775 2064/1408/1776
usemtl man5_clean:eyeMUD_shoeF_blinn1SG
f 1194/1407/1775 269/264/1774 1091/295/1777 2064/1408/1776
f 1091/295/1777 277/294/1778 1196/1409/1779 2064/1408/1776
usemtl man5_clean:eyeMUD_shoeF_lambert2SG
f 1196/1409/1779 324/1221/1484 1197/1220/1483 2064/1408/1776
f 1199/1229/1495 324/1221/1484 1196/1409/1779 2065/1410/1780
usemtl man5_clean:eyeMUD_shoeF_blinn1SG
f 1196/1409/1779 277/294/1778 1099/443/1781 2065/1410/1780
f 1099/443/1781 279/442/1782 1198/1411/1783 2065/1410/1780
usemtl man5_clean:eyeMUD_shoeF_lambert2SG
f 1198/1411/1783 325/1230/1496 1199/1229/1495 2065/1410/1780
f 1201/1254/1522 325/1230/1496 1198/1411/1783 2066/1412/1784
usemtl man5_clean:eyeMUD_shoeF_blinn1SG
f 1198/1411/1783 279/442/1782 1107/501/1785 2066/1412/1784
f 1107/501/1785 244/95/1786 1200/1413/1787 2066/1412/1784
usemtl man5_clean:eyeMUD_shoeF_lambert2SG
f 1200/1413/1787 326/1104/1332 1201/1254/1522 2066/1412/1784
f 1203/1105/1333 326/1104/1332 1200/1413/1787 2067/1414/1788
usemtl man5_clean:eyeMUD_shoeF_blinn1SG
f 1200/1413/1787 244/95/1786 1026/94/1789 2067/1414/1788
f 1026/94/1789 243/93/1790 1202/1415/1791 2067/1414/1788
usemtl man5_clean:eyeMUD_shoeF_lambert2SG
f 1202/1415/1791 327/1106/1334 1203/1105/1333 2067/1414/1788
f 1205/1224/1489 327/1106/1334 1202/1415/1791 2068/1416/1792
usemtl man5_clean:eyeMUD_shoeF_blinn1SG
f 1202/1415/1791 243/93/1790 1092/302/1793 2068/1416/1792
f 1092/302/1793 270/274/1794 1204/1417/1795 2068/1416/1792
usemtl man5_clean:eyeMUD_shoeF_lambert2SG
f 1204/1417/1795 328/1205/1467 1205/1224/1489 2068/1416/1792
f 1207/1206/1468 328/1205/1467 1204/1417/1795 2069/1418/1796
usemtl man5_clean:eyeMUD_shoeF_blinn1SG
f 1204/1417/1795 270/274/1794 1077/272/1797 2069/1418/1796
f 1077/272/1797 259/171/1798 1206/1419/1799 2069/1418/1796
usemtl man5_clean:eyeMUD_shoeF_lambert2SG
f 1206/1419/1799 329/1144/1386 1207/1206/1468 2069/1418/1796
f 1209/1145/1387 329/1144/1386 1206/1419/1799 2070/1420/1800
usemtl man5_clean:eyeMUD_shoeF_blinn1SG
f 1206/1419/1799 259/171/1798 1053/169/1801 2070/1420/1800
f 1053/169/1801 257/168/1802 1208/1421/1803 2070/1420/1800
usemtl man5_clean:eyeMUD_shoeF_lambert2SG
f 1208/1421/1803 330/1138/1388 1209/1145/1387 2070/1420/1800
s 101
usemtl man5_clean:eyeMUD_shoeF_blinn1SG
f 1211/1139/1378 330/1138/1377 1208/1421/1804 2071/1422/1805
f 1208/1421/1804 257/168/1806 1051/167/1807 2071/1422/1805
f 1051/167/1807 258/175/1808 1210/1423/1809 2071/1422/1805
f 1210/1423/1809 331/1140/1379 1211/1139/1378 2071/1422/1805
f 1213/1263/1534 331/1262/1379 1210/1424/1809 2072/1425/1810
f 1210/1424/1809 258/870/1808 1119/869/1811 2072/1425/1810
f 1119/869/1811 245/132/1812 1212/1426/1813 2072/1425/1810
f 1212/1426/1813 332/1188/1535 1213/1263/1534 2072/1425/1810
s 106
f 1215/1189/1447 332/1188/1446 1212/1426/1814 2073/1427/1815
f 1212/1426/1814 245/132/1816 1066/251/1817 2073/1427/1815
f 1066/251/1817 265/229/1818 1214/1428/1819 2073/1427/1815
f 1214/1428/1819 333/1171/1419 1215/1189/1447 2073/1427/1815
f 1214/1428/1819 265/229/1818 1425/228/1820 2074/1429/1821
f 1425/228/1820 426/227/1822 1428/1430/1823 2074/1429/1821
f 1428/1430/1823 427/1174/1422 1278/1172/1420 2074/1429/1821
f 1278/1172/1420 333/1171/1419 1214/1428/1819 2074/1429/1821
s 115
f 1218/1283/1567 334/1282/1566 1216/1431/1824 2075/1432/1825
f 1216/1431/1824 288/1433/1826 1130/1434/1827 2075/1432/1825
f 1130/1434/1827 284/1435/1828 1217/1436/1829 2075/1432/1825
f 1217/1436/1829 335/1266/1542 1218/1283/1567 2075/1432/1825
f 1220/1267/1543 335/1266/1542 1217/1436/1829 2076/1437/1830
f 1217/1436/1829 284/1435/1828 1122/1438/1831 2076/1437/1830
f 1122/1438/1831 283/1338/1832 1219/1337/1833 2076/1437/1830
f 1219/1337/1833 336/1268/1544 1220/1267/1543 2076/1437/1830
s 128
f 1230/1439/1834 55/1252/1835 1291/1313/1836 2077/1440/1837
f 1291/1313/1836 56/1085/1838 1231/1441/1839 2077/1440/1837
f 1231/1441/1839 343/1442/1840 1240/1443/1841 2077/1440/1837
f 1240/1443/1841 344/1444/1842 1230/1439/1834 2077/1440/1837
f 682/1084/1843 67/1092/1844 1232/1445/1845 2078/1446/1846
f 1232/1445/1845 342/1447/1847 1239/1448/1848 2078/1446/1846
f 1239/1448/1848 343/1442/1840 1231/1441/1839 2078/1446/1846
f 1231/1441/1839 56/1085/1838 682/1084/1843 2078/1446/1846
f 1234/1449/1849 341/1450/1850 1273/1451/1851 2079/1452/1852
f 1273/1451/1851 342/1447/1847 1232/1445/1845 2079/1452/1852
f 1232/1445/1845 67/1092/1844 1274/1296/1853 2079/1452/1852
f 1274/1296/1853 66/1156/1854 1234/1449/1849 2079/1452/1852
f 1235/1453/1855 340/1454/1856 1272/1455/1857 2080/1456/1858
f 1272/1455/1857 339/1457/1859 1236/1458/1860 2080/1456/1858
f 1236/1458/1860 339/1457/1859 1233/1459/1861 2081/1460/1862
f 1233/1459/1861 338/1461/1863 1237/1462/1864 2081/1460/1862
f 1237/1462/1864 338/1461/1863 1292/1463/1865 2082/1464/1866
f 1292/1463/1865 337/1465/1867 1238/1466/1868 2082/1464/1866
f 1235/1453/1855 2080/1456/1858 1273/1451/1851 341/1450/1850
f 342/1447/1847 1273/1451/1851 2080/1456/1858 1236/1458/1860
f 342/1447/1847 1236/1458/1860 2081/1460/1862 1239/1448/1848
f 343/1442/1840 1239/1448/1848 2081/1460/1862 1237/1462/1864
f 344/1444/1869 1240/1443/1870 2082/1464/1866 1238/1466/1868
f 343/1442/1840 1237/1462/1864 2082/1464/1866 1240/1443/1870
s 132
f 1241/1467/1871 337/1465/1872 1292/1463/1873 2083/1468/1874
f 1292/1463/1873 338/1461/1875 1242/1469/1876 2083/1468/1874
f 1242/1469/1876 346/1470/1877 1293/1471/1878 2083/1468/1874
f 1293/1471/1878 345/1472/1879 1241/1467/1871 2083/1468/1874
f 1233/1459/1880 339/1457/1881 1243/1473/1882 2084/1474/1883
f 1243/1473/1882 347/1475/1884 1244/1476/1885 2084/1474/1883
f 1244/1476/1885 346/1470/1877 1242/1469/1876 2084/1474/1883
f 1242/1469/1876 338/1461/1875 1233/1459/1880 2084/1474/1883
f 1245/1477/1886 348/1478/1887 1271/1479/1888 2085/1480/1889
f 1271/1479/1888 347/1475/1884 1243/1473/1882 2085/1480/1889
f 1243/1473/1882 339/1457/1881 1272/1455/1890 2085/1480/1889
f 1272/1455/1890 340/1454/1891 1245/1477/1886 2085/1480/1889
s 135
f 1261/1481/1892 2086/1482/1893 1265/1483/1894 358/1484/1895
f 1261/1481/1892 356/1485/1896 1262/1486/1897 2086/1482/1893
f 1262/1486/1897 355/1487/1898 1259/1488/1899 2086/1482/1893
s 136
f 1251/1489/1900 351/1490/1901 1253/1491/1902 2087/1492/1903
f 1253/1491/1902 352/1493/1904 1254/1494/1905 2087/1492/1903
s 135
f 357/1495/1906 1265/1483/1894 2086/1482/1893 1259/1488/1899
s 136
f 1251/1489/1900 2087/1492/1903 1257/1496/1907 353/1497/1908
f 354/1498/1909 1257/1496/1907 2087/1492/1903 1254/1494/1905
s 137
f 1238/1466/1910 337/1465/1911 1250/1499/1912 2088/1500/1913
f 1250/1499/1912 351/1490/1914 1251/1489/1915 2088/1500/1913
s 132
f 1241/1467/1871 345/1472/1879 1252/1501/1916 2089/1502/1917
f 1252/1501/1916 352/1493/1918 1253/1491/1919 2089/1502/1917
f 1253/1491/1919 351/1490/1920 1250/1499/1921 2089/1502/1917
f 1250/1499/1921 337/1465/1872 1241/1467/1871 2089/1502/1917
s 138
f 354/1498/1922 1254/1494/1923 2090/1503/1924 1256/1504/1925
f 1254/1494/1923 352/1493/1926 1252/1501/1927 2090/1503/1924
f 1252/1501/1927 345/1472/1928 1247/1505/1929 2090/1503/1924
s 137
f 344/1444/1930 1238/1466/1910 2088/1500/1913 1255/1506/1931
f 1251/1489/1915 353/1497/1932 1255/1506/1931 2088/1500/1913
s 138
f 350/1507/1933 1256/1504/1925 2090/1503/1924 1247/1505/1929
s 139
f 1249/1508/1934 344/1444/1935 1255/1506/1936 2091/1509/1937
f 1255/1506/1936 353/1497/1938 1257/1496/1939 2091/1509/1937
f 1257/1496/1939 354/1498/1940 1256/1504/1941 2091/1509/1937
f 1256/1504/1941 350/1507/1942 1249/1508/1934 2091/1509/1937
s 140
f 357/1495/1943 1259/1488/1944 2092/1510/1945 1263/1511/1946
f 1259/1488/1944 355/1487/1947 1258/1512/1948 2092/1510/1945
f 1258/1512/1948 340/1454/1949 1235/1453/1950 2092/1510/1945
s 141
f 1246/1513/1951 348/1478/1952 1260/1514/1953 2093/1515/1954
f 1260/1514/1953 356/1485/1955 1261/1481/1956 2093/1515/1954
s 132
f 1245/1477/1886 340/1454/1891 1258/1512/1957 2094/1516/1958
f 1258/1512/1957 355/1487/1959 1262/1486/1960 2094/1516/1958
f 1262/1486/1960 356/1485/1961 1260/1514/1962 2094/1516/1958
f 1260/1514/1962 348/1478/1887 1245/1477/1886 2094/1516/1958
s 140
f 1235/1453/1950 341/1450/1963 1263/1511/1946 2092/1510/1945
s 142
f 1248/1517/1964 349/1518/1965 1264/1519/1966 2095/1520/1967
f 1264/1519/1966 358/1484/1968 1265/1483/1969 2095/1520/1967
f 1265/1483/1969 357/1495/1970 1263/1511/1971 2095/1520/1967
f 1263/1511/1971 341/1450/1972 1248/1517/1964 2095/1520/1967
s 141
f 1246/1513/1951 2093/1515/1954 1264/1519/1973 349/1518/1974
f 1261/1481/1956 358/1484/1975 1264/1519/1973 2093/1515/1954
s 143
f 1247/1505/1976 345/1472/1977 1293/1471/1978 2096/1521/1979
f 1293/1471/1978 346/1470/1980 1266/1522/1981 2096/1521/1979
f 1244/1476/1982 347/1475/1983 1267/1523/1984 2097/1524/1985
f 359/1525/1986 1266/1522/1981 2097/1524/1985 1269/1526/1987
f 1266/1522/1981 346/1470/1980 1244/1476/1982 2097/1524/1985
f 360/1527/1988 1267/1523/1984 2098/1528/1989 1270/1529/1990
f 1267/1523/1984 347/1475/1983 1271/1479/1991 2098/1528/1989
f 1271/1479/1991 348/1478/1992 1246/1513/1993 2098/1528/1989
f 350/1507/1994 1247/1505/1976 2096/1521/1979 1268/1530/1995
f 359/1525/1986 1268/1530/1995 2096/1521/1979 1266/1522/1981
f 360/1527/1988 1269/1526/1987 2097/1524/1985 1267/1523/1984
f 1246/1513/1993 349/1518/1996 1270/1529/1990 2098/1528/1989
s 145
f 1633/1531/1997 529/1532/1998 1635/1533/1999 2099/1534/2000
f 1635/1533/1999 531/1535/2001 1637/1536/2002 2099/1534/2000
f 1637/1536/2002 532/1537/2003 1638/1538/2004 2099/1534/2000
f 1638/1538/2004 530/1539/2005 1633/1531/1997 2099/1534/2000
s 17
f 1300/1540/2006 362/1541/2007 1123/1542/2008 2100/1543/2009
f 1123/1542/2008 284/1435/2010 1130/1434/2011 2100/1543/2009
f 1130/1434/2011 288/1433/2012 1131/1544/2013 2100/1543/2009
f 1131/1544/2013 363/1545/2014 1300/1540/2006 2100/1543/2009
s 106
f 1301/1546/2015 364/1547/2016 1302/1548/2017 2101/1549/2018
f 1302/1548/2017 363/1545/2019 1131/1544/2020 2101/1549/2018
f 1131/1544/2020 288/1433/2021 1216/1431/2022 2101/1549/2018
f 1216/1431/2022 334/1282/2023 1301/1546/2015 2101/1549/2018
f 1304/1550/2024 364/1547/2016 1301/1546/2015 2102/1551/2025
f 1301/1546/2015 334/1282/2023 1129/1280/2026 2102/1551/2025
f 1129/1280/2026 236/18/2027 1013/1552/2028 2102/1551/2025
f 1013/1552/2028 365/1553/2029 1304/1550/2024 2102/1551/2025
s 2
f 1305/1554/2030 366/1555/2031 1306/1556/2032 2103/1557/2033
f 1306/1556/2032 365/1553/2034 1013/1552/2035 2103/1557/2033
f 1013/1552/2035 236/18/18 1014/797/977 2103/1557/2033
f 1014/797/977 235/802/92 1305/1554/2030 2103/1557/2033
f 1308/1558/2036 366/1559/2031 1305/1560/2030 2104/1561/2037
f 1305/1560/2030 235/81/92 1012/80/91 2104/1561/2037
f 1012/80/91 234/88/99 1010/1562/2038 2104/1561/2037
f 1010/1562/2038 367/1563/2039 1308/1558/2036 2104/1561/2037
s 67
usemtl man5_clean:eyeMUD_shoeF_lambert2SG
f 1310/1564/2040 367/1563/2041 1010/1562/2042 2105/1565/2043
f 1010/1562/2042 234/88/724 1011/659/723 2105/1565/2043
f 1011/659/723 233/510/731 1008/1566/2044 2105/1565/2043
f 1008/1566/2044 368/1567/2045 1310/1564/2040 2105/1565/2043
s 47
f 1312/1568/2046 368/1567/2047 1008/1566/2048 2106/1569/2049
f 1008/1566/2048 233/510/560 1009/509/559 2106/1569/2049
f 1009/509/559 232/517/567 1006/1570/2050 2106/1569/2049
f 1006/1570/2050 369/1571/2051 1312/1568/2046 2106/1569/2049
s 5
f 1314/1572/2052 369/1571/2053 1006/1570/2054 2107/1573/2055
f 1006/1570/2054 232/517/733 1007/662/732 2107/1573/2055
f 1007/662/732 231/38/38 1004/1574/2056 2107/1573/2055
f 1004/1574/2056 370/1575/2057 1314/1572/2052 2107/1573/2055
f 1316/1576/2058 370/1575/2057 1004/1574/2056 2108/1577/2059
f 1004/1574/2056 231/38/38 1005/37/37 2108/1577/2059
f 1005/37/37 230/45/45 1002/1578/2060 2108/1577/2059
f 1002/1578/2060 371/1579/2061 1316/1576/2058 2108/1577/2059
f 1318/1580/2062 371/1579/2061 1002/1578/2060 2109/1581/2063
f 1002/1578/2060 230/45/45 1003/485/535 2109/1581/2063
f 1003/485/535 229/397/431 1000/1582/2064 2109/1581/2063
f 1000/1582/2064 372/1583/2065 1318/1580/2062 2109/1581/2063
f 1319/1584/2066 373/1585/2067 1320/1586/2068 2110/1587/2069
f 1320/1586/2068 372/1583/2065 1000/1582/2064 2110/1587/2069
f 1000/1582/2064 229/397/431 1001/396/430 2110/1587/2069
f 1001/396/430 228/401/435 1319/1584/2066 2110/1587/2069
f 1321/1588/2070 374/1589/2071 1322/1590/2072 2111/1591/2073
f 1322/1590/2072 373/1585/2067 1319/1584/2066 2111/1591/2073
f 1319/1584/2066 228/401/435 999/745/896 2111/1591/2073
f 999/745/896 227/609/899 1321/1588/2070 2111/1591/2073
s 55
f 1323/1592/2074 375/1593/2075 1324/1594/2076 2112/1595/2077
f 1324/1594/2076 374/1589/2078 1321/1588/2079 2112/1595/2077
f 1321/1588/2079 227/609/667 998/608/666 2112/1595/2077
f 998/608/666 226/613/671 1323/1592/2074 2112/1595/2077
s 67
f 1325/1596/2080 376/1597/2081 1326/1598/2082 2113/1599/2083
f 1326/1598/2082 375/1593/2084 1323/1592/2085 2113/1599/2083
f 1323/1592/2085 226/613/891 997/743/890 2113/1599/2083
f 997/743/890 225/99/895 1325/1596/2080 2113/1599/2083
s 4
usemtl man5_clean:eyeMUD_shoeF_blinn1SG
f 1328/1600/2086 376/1597/2087 1325/1596/2088 2114/1601/2089
f 1325/1596/2088 225/99/110 996/98/109 2114/1601/2089
f 996/98/109 224/106/117 994/1602/2090 2114/1601/2089
f 994/1602/2090 377/1603/2091 1328/1600/2086 2114/1601/2089
f 1329/1604/2092 378/1605/2093 1330/1606/2094 2115/1607/2095
f 1330/1606/2094 377/1603/2091 994/1602/2090 2115/1607/2095
f 994/1602/2090 224/106/117 995/833/1000 2115/1607/2095
f 995/833/1000 223/29/29 1329/1604/2092 2115/1607/2095
s 105
f 1332/1608/2096 378/1605/2097 1329/1604/2098 2116/1609/2099
f 1329/1604/2098 223/29/2100 1127/1279/2101 2116/1609/2099
f 1127/1279/2101 317/1278/2102 1184/1610/2103 2116/1609/2099
f 1184/1610/2103 379/1611/2104 1332/1608/2096 2116/1609/2099
f 1333/1612/2105 380/1613/2106 1334/1614/2107 2117/1615/2108
f 1334/1614/2107 379/1611/2104 1184/1610/2103 2117/1615/2108
f 1184/1610/2103 317/1278/2102 1182/1394/2109 2117/1615/2108
f 1182/1394/2109 287/1393/2110 1333/1612/2105 2117/1615/2108
s 18
f 1335/1616/2111 381/1617/2112 1336/1618/2113 2118/1619/2114
f 1336/1618/2113 380/1613/2115 1333/1612/2116 2118/1619/2114
f 1333/1612/2116 287/1393/2117 1128/1392/2118 2118/1619/2114
f 1128/1392/2118 285/1389/2119 1335/1616/2111 2118/1619/2114
s 44
f 1337/1620/2120 382/1621/2121 1338/1622/2122 2119/1623/2123
f 1338/1622/2122 381/1617/2124 1335/1616/2125 2119/1623/2123
f 1335/1616/2125 285/1389/2126 1126/1388/2127 2119/1623/2123
f 1126/1388/2127 286/1382/2128 1337/1620/2120 2119/1623/2123
s 162
f 1617/1624/2129 522/1625/2130 1619/1626/2131 2120/1627/2132
f 1619/1626/2131 523/1628/2133 1621/1629/2134 2120/1627/2132
f 1621/1629/2134 524/1630/2135 1622/1631/2136 2120/1627/2132
f 1622/1631/2136 521/1632/2137 1617/1624/2129 2120/1627/2132
s 113
f 1341/1633/2138 384/1634/2139 1342/1635/2140 2121/1636/2141
f 1342/1635/2140 383/1637/2142 1339/1638/2143 2121/1636/2141
f 1339/1638/2143 296/1639/2144 1177/1640/2145 2121/1636/2141
f 1177/1640/2145 314/1641/2146 1341/1633/2138 2121/1636/2141
f 1343/1642/2147 385/1643/2148 1344/1644/2149 2122/1645/2150
f 1344/1644/2149 384/1634/2139 1341/1633/2138 2122/1645/2150
f 1341/1633/2138 314/1641/2146 1143/1646/2151 2122/1645/2150
f 1143/1646/2151 295/1647/2152 1343/1642/2147 2122/1645/2150
s 122
f 1345/1648/2153 386/1649/2154 1482/1650/2155 2123/1651/2156
f 1482/1650/2155 455/1652/2157 1485/1653/2158 2123/1651/2156
f 1485/1653/2158 456/1317/2159 1142/1316/2160 2123/1651/2156
f 1142/1316/2160 221/461/2161 1345/1648/2153 2123/1651/2156
s 6
f 1347/1654/2162 387/1655/2163 1348/1656/2164 2124/1657/2165
f 1348/1656/2164 386/1649/2166 1345/1648/2167 2124/1657/2165
f 1345/1648/2167 221/461/507 991/505/555 2124/1657/2165
f 991/505/555 220/47/47 1347/1654/2162 2124/1657/2165
s 120
f 1349/1658/2168 388/1659/2169 1350/1660/2170 2125/1661/2171
f 1350/1660/2170 387/1655/2172 1347/1654/2173 2125/1661/2171
f 1347/1654/2173 220/47/2174 1135/1303/2175 2125/1661/2171
f 1135/1303/2175 291/1302/2176 1349/1658/2168 2125/1661/2171
s 103
f 1352/1662/2177 388/1659/2178 1349/1658/2179 2126/1663/2180
f 1349/1658/2179 291/1302/2181 1137/1301/2182 2126/1663/2180
f 1137/1301/2182 297/1306/2183 1145/1664/2184 2126/1663/2180
f 1145/1664/2184 389/1665/2185 1352/1662/2177 2126/1663/2180
f 1353/1666/2186 390/1667/2187 1354/1668/2188 2127/1669/2189
f 1354/1668/2188 389/1665/2185 1145/1664/2184 2127/1669/2189
f 1145/1664/2184 297/1306/2183 1144/1335/2190 2127/1669/2189
f 1144/1335/2190 292/1334/2191 1353/1666/2186 2127/1669/2189
s 17
f 1296/1670/2192 361/1671/2193 1355/1672/2194 2128/1673/2195
f 1355/1672/2194 390/1667/2196 1353/1666/2197 2128/1673/2195
f 1353/1666/2197 292/1334/2198 1136/1333/2199 2128/1673/2195
f 1136/1333/2199 283/1338/2200 1296/1670/2192 2128/1673/2195
s 171
f 1649/1674/2201 537/1675/2202 1651/1676/2203 2129/1677/2204
f 1651/1676/2203 539/1678/2205 1653/1679/2206 2129/1677/2204
f 1653/1679/2206 540/1680/2207 1654/1681/2208 2129/1677/2204
f 1654/1681/2208 538/1682/2209 1649/1674/2201 2129/1677/2204
s 17
f 1360/1683/2210 392/1684/2211 1297/1685/2212 2130/1686/2213
f 1297/1685/2212 362/1541/2007 1300/1540/2006 2130/1686/2213
f 1300/1540/2006 363/1545/2014 1299/1687/2214 2130/1686/2213
f 1299/1687/2214 393/1688/2215 1360/1683/2210 2130/1686/2213
s 106
f 1361/1689/2216 394/1690/2217 1362/1691/2218 2131/1692/2219
f 1362/1691/2218 393/1688/2220 1299/1687/2221 2131/1692/2219
f 1299/1687/2221 363/1545/2019 1302/1548/2017 2131/1692/2219
f 1302/1548/2017 364/1547/2016 1361/1689/2216 2131/1692/2219
f 1364/1693/2222 394/1690/2217 1361/1689/2216 2132/1694/2223
f 1361/1689/2216 364/1547/2016 1304/1550/2024 2132/1694/2223
f 1304/1550/2024 365/1553/2029 1303/1695/2224 2132/1694/2223
f 1303/1695/2224 395/1696/2225 1364/1693/2222 2132/1694/2223
s 2
f 1365/1697/2226 396/1698/2227 1366/1699/2228 2133/1700/2229
f 1366/1699/2228 395/1696/2230 1303/1695/2231 2133/1700/2229
f 1303/1695/2231 365/1553/2034 1306/1556/2032 2133/1700/2229
f 1306/1556/2032 366/1555/2031 1365/1697/2226 2133/1700/2229
f 1368/1701/2232 396/1702/2227 1365/1703/2226 2134/1704/2233
f 1365/1703/2226 366/1559/2031 1308/1558/2036 2134/1704/2233
f 1308/1558/2036 367/1563/2039 1307/1705/2234 2134/1704/2233
f 1307/1705/2234 397/1706/2235 1368/1701/2232 2134/1704/2233
s 67
usemtl man5_clean:eyeMUD_shoeF_lambert2SG
f 1370/1707/2236 397/1706/2237 1307/1705/2238 2135/1708/2239
f 1307/1705/2238 367/1563/2041 1310/1564/2040 2135/1708/2239
f 1310/1564/2040 368/1567/2045 1309/1709/2240 2135/1708/2239
f 1309/1709/2240 398/1710/2241 1370/1707/2236 2135/1708/2239
s 47
f 1372/1711/2242 398/1710/2243 1309/1709/2244 2136/1712/2245
f 1309/1709/2244 368/1567/2047 1312/1568/2046 2136/1712/2245
f 1312/1568/2046 369/1571/2051 1311/1713/2246 2136/1712/2245
f 1311/1713/2246 399/1714/2247 1372/1711/2242 2136/1712/2245
s 5
f 1374/1715/2248 399/1714/2249 1311/1713/2250 2137/1716/2251
f 1311/1713/2250 369/1571/2053 1314/1572/2052 2137/1716/2251
f 1314/1572/2052 370/1575/2057 1313/1717/2252 2137/1716/2251
f 1313/1717/2252 400/1718/2253 1374/1715/2248 2137/1716/2251
f 1376/1719/2254 400/1718/2253 1313/1717/2252 2138/1720/2255
f 1313/1717/2252 370/1575/2057 1316/1576/2058 2138/1720/2255
f 1316/1576/2058 371/1579/2061 1315/1721/2256 2138/1720/2255
f 1315/1721/2256 401/1722/2257 1376/1719/2254 2138/1720/2255
f 1378/1723/2258 401/1722/2257 1315/1721/2256 2139/1724/2259
f 1315/1721/2256 371/1579/2061 1318/1580/2062 2139/1724/2259
f 1318/1580/2062 372/1583/2065 1317/1725/2260 2139/1724/2259
f 1317/1725/2260 402/1726/2261 1378/1723/2258 2139/1724/2259
f 1379/1727/2262 403/1728/2263 1380/1729/2264 2140/1730/2265
f 1380/1729/2264 402/1726/2261 1317/1725/2260 2140/1730/2265
f 1317/1725/2260 372/1583/2065 1320/1586/2068 2140/1730/2265
f 1320/1586/2068 373/1585/2067 1379/1727/2262 2140/1730/2265
f 1381/1731/2266 404/1732/2267 1382/1733/2268 2141/1734/2269
f 1382/1733/2268 403/1728/2263 1379/1727/2262 2141/1734/2269
f 1379/1727/2262 373/1585/2067 1322/1590/2072 2141/1734/2269
f 1322/1590/2072 374/1589/2071 1381/1731/2266 2141/1734/2269
s 55
f 1383/1735/2270 405/1736/2271 1384/1737/2272 2142/1738/2273
f 1384/1737/2272 404/1732/2274 1381/1731/2275 2142/1738/2273
f 1381/1731/2275 374/1589/2078 1324/1594/2076 2142/1738/2273
f 1324/1594/2076 375/1593/2075 1383/1735/2270 2142/1738/2273
s 67
f 1385/1739/2276 406/1740/2277 1386/1741/2278 2143/1742/2279
f 1386/1741/2278 405/1736/2280 1383/1735/2281 2143/1742/2279
f 1383/1735/2281 375/1593/2084 1326/1598/2082 2143/1742/2279
f 1326/1598/2082 376/1597/2081 1385/1739/2276 2143/1742/2279
s 4
usemtl man5_clean:eyeMUD_shoeF_blinn1SG
f 1388/1743/2282 406/1740/2283 1385/1739/2284 2144/1744/2285
f 1385/1739/2284 376/1597/2087 1328/1600/2086 2144/1744/2285
f 1328/1600/2086 377/1603/2091 1327/1745/2286 2144/1744/2285
f 1327/1745/2286 407/1746/2287 1388/1743/2282 2144/1744/2285
f 1389/1747/2288 408/1748/2289 1390/1749/2290 2145/1750/2291
f 1390/1749/2290 407/1746/2287 1327/1745/2286 2145/1750/2291
f 1327/1745/2286 377/1603/2091 1330/1606/2094 2145/1750/2291
f 1330/1606/2094 378/1605/2093 1389/1747/2288 2145/1750/2291
s 105
f 1392/1751/2292 408/1748/2293 1389/1747/2294 2146/1752/2295
f 1389/1747/2294 378/1605/2097 1332/1608/2096 2146/1752/2295
f 1332/1608/2096 379/1611/2104 1331/1753/2296 2146/1752/2295
f 1331/1753/2296 409/1754/2297 1392/1751/2292 2146/1752/2295
f 1393/1755/2298 410/1756/2299 1394/1757/2300 2147/1758/2301
f 1394/1757/2300 409/1754/2297 1331/1753/2296 2147/1758/2301
f 1331/1753/2296 379/1611/2104 1334/1614/2107 2147/1758/2301
f 1334/1614/2107 380/1613/2106 1393/1755/2298 2147/1758/2301
s 18
f 1395/1759/2302 411/1760/2303 1396/1761/2304 2148/1762/2305
f 1396/1761/2304 410/1756/2306 1393/1755/2307 2148/1762/2305
f 1393/1755/2307 380/1613/2115 1336/1618/2113 2148/1762/2305
f 1336/1618/2113 381/1617/2112 1395/1759/2302 2148/1762/2305
s 44
f 1397/1763/2308 412/1764/2309 1398/1765/2310 2149/1766/2311
f 1398/1765/2310 411/1760/2312 1395/1759/2313 2149/1766/2311
f 1395/1759/2313 381/1617/2124 1338/1622/2122 2149/1766/2311
f 1338/1622/2122 382/1621/2121 1397/1763/2308 2149/1766/2311
s 188
f 1601/1767/2314 514/1768/2315 1603/1769/2316 2150/1770/2317
f 1603/1769/2316 515/1771/2318 1605/1772/2319 2150/1770/2317
f 1605/1772/2319 516/1773/2320 1606/1774/2321 2150/1770/2317
f 1606/1774/2321 513/1775/2322 1601/1767/2314 2150/1770/2317
s 113
f 1401/1776/2323 414/1777/2324 1402/1778/2325 2151/1779/2326
f 1402/1778/2325 413/1780/2327 1399/1781/2328 2151/1779/2326
f 1399/1781/2328 383/1637/2142 1342/1635/2140 2151/1779/2326
f 1342/1635/2140 384/1634/2139 1401/1776/2323 2151/1779/2326
f 1403/1782/2329 415/1783/2330 1404/1784/2331 2152/1785/2332
f 1404/1784/2331 414/1777/2324 1401/1776/2323 2152/1785/2332
f 1401/1776/2323 384/1634/2139 1344/1644/2149 2152/1785/2332
f 1344/1644/2149 385/1643/2148 1403/1782/2329 2152/1785/2332
s 122
f 1405/1786/2333 416/1088/2334 1480/1787/2335 2153/1788/2336
f 1480/1787/2335 454/1789/2337 1483/1790/2338 2153/1788/2336
f 1483/1790/2338 455/1652/2157 1482/1650/2155 2153/1788/2336
f 1482/1650/2155 386/1649/2154 1405/1786/2333 2153/1788/2336
s 6
f 1407/1791/2339 417/1090/1316 1408/1089/1315 2154/1792/2340
f 1408/1089/1315 416/1088/1314 1405/1786/2341 2154/1792/2340
f 1405/1786/2341 386/1649/2166 1348/1656/2164 2154/1792/2340
f 1348/1656/2164 387/1655/2163 1407/1791/2339 2154/1792/2340
s 120
f 1409/1793/2342 418/1299/1594 1410/1298/1593 2155/1794/2343
f 1410/1298/1593 417/1090/1592 1407/1791/2344 2155/1794/2343
f 1407/1791/2344 387/1655/2172 1350/1660/2170 2155/1794/2343
f 1350/1660/2170 388/1659/2169 1409/1793/2342 2155/1794/2343
s 103
f 1412/1795/2345 418/1299/2346 1409/1793/2347 2156/1796/2348
f 1409/1793/2347 388/1659/2178 1352/1662/2177 2156/1796/2348
f 1352/1662/2177 389/1665/2185 1351/1797/2349 2156/1796/2348
f 1351/1797/2349 419/1798/2350 1412/1795/2345 2156/1796/2348
f 1413/1799/2351 420/1800/2352 1414/1801/2353 2157/1802/2354
f 1414/1801/2353 419/1798/2350 1351/1797/2349 2157/1802/2354
f 1351/1797/2349 389/1665/2185 1354/1668/2188 2157/1802/2354
f 1354/1668/2188 390/1667/2187 1413/1799/2351 2157/1802/2354
s 17
f 1356/1803/2355 391/1804/2356 1415/1805/2357 2158/1806/2358
f 1415/1805/2357 420/1800/2359 1413/1799/2360 2158/1806/2358
f 1413/1799/2360 390/1667/2196 1355/1672/2194 2158/1806/2358
f 1355/1672/2194 361/1671/2193 1356/1803/2355 2158/1806/2358
s 103
f 1418/1151/1396 421/1150/1395 1416/1300/2361 2159/1807/2362
f 1416/1300/2361 418/1299/2346 1412/1795/2345 2159/1807/2362
f 1412/1795/2345 419/1798/2350 1411/1808/2363 2159/1807/2362
f 1411/1808/2363 422/1152/1397 1418/1151/1396 2159/1807/2362
f 1419/1809/2364 423/1288/1653 1420/1341/1652 2160/1810/2365
f 1420/1341/1652 422/1152/1397 1411/1808/2363 2160/1810/2365
f 1411/1808/2363 419/1798/2350 1414/1801/2353 2160/1810/2365
f 1414/1801/2353 420/1800/2352 1419/1809/2364 2160/1810/2365
s 17
f 1421/1811/2366 424/1290/1574 1422/1289/1573 2161/1812/2367
f 1422/1289/1573 423/1288/1572 1419/1809/2368 2161/1812/2367
f 1419/1809/2368 420/1800/2359 1415/1805/2357 2161/1812/2367
f 1415/1805/2357 391/1804/2356 1421/1811/2366 2161/1812/2367
s 195
f 1673/1813/2369 549/1814/2370 1675/1815/2371 2162/1816/2372
f 1675/1815/2371 551/1817/2373 1677/1818/2374 2162/1816/2372
f 1677/1818/2374 552/1819/2375 1678/1820/2376 2162/1816/2372
f 1678/1820/2376 550/1821/2377 1673/1813/2369 2162/1816/2372
s 17
f 1426/226/240 425/225/239 1357/1822/2378 2163/1823/2379
f 1357/1822/2378 392/1684/2211 1360/1683/2210 2163/1823/2379
f 1360/1683/2210 393/1688/2215 1359/1824/2380 2163/1823/2379
f 1359/1824/2380 426/227/241 1426/226/240 2163/1823/2379
s 106
f 1427/1825/2381 427/1174/1422 1428/1430/1823 2164/1826/2382
f 1428/1430/1823 426/227/1822 1359/1824/2383 2164/1826/2382
f 1359/1824/2383 393/1688/2220 1362/1691/2218 2164/1826/2382
f 1362/1691/2218 394/1690/2217 1427/1825/2381 2164/1826/2382
f 1430/1175/1423 427/1174/1422 1427/1825/2381 2165/1827/2384
f 1427/1825/2381 394/1690/2217 1364/1693/2222 2165/1827/2384
f 1364/1693/2222 395/1696/2225 1363/1828/2385 2165/1827/2384
f 1363/1828/2385 428/884/1424 1430/1175/1423 2165/1827/2384
s 2
f 1431/1829/2386 429/886/230 1432/885/1042 2166/1830/2387
f 1432/885/1042 428/884/1041 1363/1828/2388 2166/1830/2387
f 1363/1828/2388 395/1696/2230 1366/1699/2228 2166/1830/2387
f 1366/1699/2228 396/1698/2227 1431/1829/2386 2166/1830/2387
f 1434/217/231 429/216/230 1431/1831/2386 2167/1832/2389
f 1431/1831/2386 396/1702/2227 1368/1701/2232 2167/1832/2389
f 1368/1701/2232 397/1706/2235 1367/1833/2390 2167/1832/2389
f 1367/1833/2390 430/218/232 1434/217/231 2167/1832/2389
s 67
usemtl man5_clean:eyeMUD_shoeF_lambert2SG
f 1436/688/783 430/218/782 1367/1833/2391 2168/1834/2392
f 1367/1833/2391 397/1706/2237 1370/1707/2236 2168/1834/2392
f 1370/1707/2236 398/1710/2241 1369/1835/2393 2168/1834/2392
f 1369/1835/2393 431/546/784 1436/688/783 2168/1834/2392
s 47
f 1438/547/600 431/546/599 1369/1835/2394 2169/1836/2395
f 1369/1835/2394 398/1710/2243 1372/1711/2242 2169/1836/2395
f 1372/1711/2242 399/1714/2247 1371/1837/2396 2169/1836/2395
f 1371/1837/2396 432/548/601 1438/547/600 2169/1836/2395
s 5
f 1440/691/792 432/548/791 1371/1837/2397 2170/1838/2398
f 1371/1837/2397 399/1714/2249 1374/1715/2248 2170/1838/2398
f 1374/1715/2248 400/1718/2253 1373/1839/2399 2170/1838/2398
f 1373/1839/2399 433/207/221 1440/691/792 2170/1838/2398
f 1442/208/222 433/207/221 1373/1839/2399 2171/1840/2400
f 1373/1839/2399 400/1718/2253 1376/1719/2254 2171/1840/2400
f 1376/1719/2254 401/1722/2257 1375/1841/2401 2171/1840/2400
f 1375/1841/2401 434/209/223 1442/208/222 2171/1840/2400
f 1444/489/539 434/209/223 1375/1841/2401 2172/1842/2402
f 1375/1841/2401 401/1722/2257 1378/1723/2258 2172/1842/2402
f 1378/1723/2258 402/1726/2261 1377/1843/2403 2172/1842/2402
f 1377/1843/2403 435/406/440 1444/489/539 2172/1842/2402
f 1445/1844/2404 436/408/442 1446/407/441 2173/1845/2405
f 1446/407/441 435/406/440 1377/1843/2403 2173/1845/2405
f 1377/1843/2403 402/1726/2261 1380/1729/2264 2173/1845/2405
f 1380/1729/2264 403/1728/2263 1445/1844/2404 2173/1845/2405
f 1447/1846/2406 437/618/912 1448/752/911 2174/1847/2407
f 1448/752/911 436/408/442 1445/1844/2404 2174/1847/2407
f 1445/1844/2404 403/1728/2263 1382/1733/2268 2174/1847/2407
f 1382/1733/2268 404/1732/2267 1447/1846/2406 2174/1847/2407
s 55
f 1449/1848/2408 438/620/678 1450/619/677 2175/1849/2409
f 1450/619/677 437/618/676 1447/1846/2410 2175/1849/2409
f 1447/1846/2410 404/1732/2274 1384/1737/2272 2175/1849/2409
f 1384/1737/2272 405/1736/2271 1449/1848/2408 2175/1849/2409
s 67
f 1451/1850/2411 439/198/906 1452/749/905 2176/1851/2412
f 1452/749/905 438/620/904 1449/1848/2413 2176/1851/2412
f 1449/1848/2413 405/1736/2280 1386/1741/2278 2176/1851/2412
f 1386/1741/2278 406/1740/2277 1451/1850/2411 2176/1851/2412
s 4
usemtl man5_clean:eyeMUD_shoeF_blinn1SG
f 1454/199/213 439/198/212 1451/1850/2414 2177/1852/2415
f 1451/1850/2414 406/1740/2283 1388/1743/2282 2177/1852/2415
f 1388/1743/2282 407/1746/2287 1387/1853/2416 2177/1852/2415
f 1387/1853/2416 440/200/214 1454/199/213 2177/1852/2415
f 1455/1854/2417 441/838/1005 1456/837/1004 2178/1855/2418
f 1456/837/1004 440/200/214 1387/1853/2416 2178/1855/2418
f 1387/1853/2416 407/1746/2287 1390/1749/2290 2178/1855/2418
f 1390/1749/2290 408/1748/2289 1455/1854/2417 2178/1855/2418
s 105
f 1458/1166/1414 441/838/1413 1455/1854/2419 2179/1856/2420
f 1455/1854/2419 408/1748/2293 1392/1751/2292 2179/1856/2420
f 1392/1751/2292 409/1754/2297 1391/1857/2421 2179/1856/2420
f 1391/1857/2421 442/1167/1415 1458/1166/1414 2179/1856/2420
f 1459/1858/2422 443/189/1749 1460/1397/1748 2180/1859/2423
f 1460/1397/1748 442/1167/1415 1391/1857/2421 2180/1859/2423
f 1391/1857/2421 409/1754/2297 1394/1757/2300 2180/1859/2423
f 1394/1757/2300 410/1756/2299 1459/1858/2422 2180/1859/2423
s 18
f 1461/1860/2424 444/191/205 1462/190/204 2181/1861/2425
f 1462/190/204 443/189/203 1459/1858/2426 2181/1861/2425
f 1459/1858/2426 410/1756/2306 1396/1761/2304 2181/1861/2425
f 1396/1761/2304 411/1760/2303 1461/1860/2424 2181/1861/2425
s 44
f 1463/1862/2427 445/453/496 1464/452/495 2182/1863/2428
f 1464/452/495 444/191/494 1461/1860/2429 2182/1863/2428
f 1461/1860/2429 411/1760/2312 1398/1765/2310 2182/1863/2428
f 1398/1765/2310 412/1764/2309 1463/1862/2427 2182/1863/2428
s 196
f 1585/1864/2430 506/1865/2431 1587/1866/2432 2183/1867/2433
f 1587/1866/2432 507/1868/2434 1589/1869/2435 2183/1867/2433
f 1589/1869/2435 508/1870/2436 1590/1871/2437 2183/1867/2433
f 1590/1871/2437 505/1872/2438 1585/1864/2430 2183/1867/2433
s 113
f 1467/1873/2439 447/1242/1509 1468/1380/1729 2184/1874/2440
f 1468/1380/1729 446/1379/1728 1465/1875/2441 2184/1874/2440
f 1465/1875/2441 413/1780/2327 1402/1778/2325 2184/1874/2440
f 1402/1778/2325 414/1777/2324 1467/1873/2439 2184/1874/2440
f 1469/1876/2442 448/1244/1511 1470/1243/1510 2185/1877/2443
f 1470/1243/1510 447/1242/1509 1467/1873/2439 2185/1877/2443
f 1467/1873/2439 414/1777/2324 1404/1784/2331 2185/1877/2443
f 1404/1784/2331 415/1783/2330 1469/1876/2442 2185/1877/2443
s 197
f 1465/1875/2444 446/1379/2445 1472/1878/2446 2186/1879/2447
f 1472/1878/2446 450/1880/2448 1473/1881/2449 2186/1879/2447
f 1473/1881/2449 449/1882/2450 1471/1883/2451 2186/1879/2447
f 1471/1883/2451 413/1780/2452 1465/1875/2444 2186/1879/2447
f 1474/1884/2453 451/1372/2454 1475/1885/2455 2187/1886/2456
f 1475/1885/2455 450/1880/2448 1472/1878/2446 2187/1886/2456
f 1472/1878/2446 446/1379/2445 1288/1377/2457 2187/1886/2456
f 1288/1377/2457 294/1376/2458 1474/1884/2453 2187/1886/2456
s 124
f 1477/1373/1720 451/1372/1719 1474/1884/2459 2188/1887/2460
f 1474/1884/2459 294/1376/2461 1175/1375/2462 2188/1887/2460
f 1175/1375/2462 313/1239/2463 1476/1888/2464 2188/1887/2460
f 1476/1888/2464 452/1321/1627 1477/1373/1720 2188/1887/2460
f 1479/1322/1628 452/1321/1627 1476/1888/2464 2189/1889/2465
f 1476/1888/2464 313/1239/2463 1141/1238/2466 2189/1889/2465
f 1141/1238/2466 293/1246/2467 1478/1890/2468 2189/1889/2465
f 1478/1890/2468 453/1308/1630 1479/1322/1628 2189/1889/2465
s 122
f 1493/1891/2469 460/1311/1612 1481/1309/1610 2190/1892/2470
f 1481/1309/1610 453/1308/1609 1478/1890/2471 2190/1892/2470
f 1478/1890/2471 293/1246/2472 1290/1245/2473 2190/1892/2470
f 1290/1245/2473 448/1244/2474 1469/1876/2475 2190/1892/2470
f 1469/1876/2475 415/1783/2476 1406/1893/2477 2190/1892/2470
f 1406/1893/2477 454/1789/2337 1493/1891/2469 2190/1892/2470
f 1483/1790/2338 454/1789/2337 1406/1893/2477 2191/1894/2478
f 1406/1893/2477 415/1783/2476 1403/1782/2479 2191/1894/2478
f 1403/1782/2479 385/1643/2480 1346/1895/2481 2191/1894/2478
f 1346/1895/2481 455/1652/2157 1483/1790/2338 2191/1894/2478
f 1485/1653/2158 455/1652/2157 1346/1895/2481 2192/1896/2482
f 1346/1895/2481 385/1643/2480 1343/1642/2483 2192/1896/2482
f 1343/1642/2483 295/1647/2484 1484/1897/2485 2192/1896/2482
f 1484/1897/2485 456/1317/2159 1485/1653/2158 2192/1896/2482
s 123
f 1179/1898/2486 457/1319/1625 1487/1318/2487 2193/1899/2488
f 1487/1318/2487 456/1317/2489 1484/1897/2490 2193/1899/2488
f 1484/1897/2490 295/1647/2491 1143/1646/2492 2193/1899/2488
f 1143/1646/2492 314/1641/2493 1179/1898/2486 2193/1899/2488
f 1488/1900/2494 458/1386/1735 1489/1385/1734 2194/1901/2495
f 1489/1385/1734 457/1319/1625 1179/1898/2486 2194/1901/2495
f 1179/1898/2486 314/1641/2493 1177/1640/2496 2194/1901/2495
f 1177/1640/2496 296/1639/2497 1488/1900/2494 2194/1901/2495
s 197
f 1339/1638/2498 383/1637/2499 1490/1902/2500 2195/1903/2501
f 1490/1902/2500 459/1904/2502 1491/1905/2503 2195/1903/2501
f 1491/1905/2503 458/1386/2504 1488/1900/2505 2195/1903/2501
f 1488/1900/2505 296/1639/2506 1339/1638/2498 2195/1903/2501
f 1399/1781/2507 413/1780/2452 1471/1883/2451 2196/1906/2508
f 1471/1883/2451 449/1882/2450 1492/1907/2509 2196/1906/2508
f 1492/1907/2509 459/1904/2502 1490/1902/2500 2196/1906/2508
f 1490/1902/2500 383/1637/2499 1399/1781/2507 2196/1906/2508
s 122
f 1494/1312/1613 460/1311/1612 1493/1891/2469 2197/1908/2510
f 1493/1891/2469 454/1789/2337 1480/1787/2335 2197/1908/2510
f 1480/1787/2335 416/1088/2334 1294/1086/2511 2197/1908/2510
f 1294/1086/2511 56/1085/1614 1494/1312/1613 2197/1908/2510
s 197
f 1140/1371/2512 282/455/2513 1495/1909/2514 2198/1910/2515
f 1495/1909/2514 461/1911/2516 1497/1912/2517 2198/1910/2515
f 1497/1912/2517 462/1913/2518 1496/1914/2519 2198/1910/2515
f 1496/1914/2519 451/1372/2454 1140/1371/2512 2198/1910/2515
f 1287/454/2520 445/453/2521 1498/1915/2522 2199/1916/2523
f 1498/1915/2522 463/1917/2524 1499/1918/2525 2199/1916/2523
f 1499/1918/2525 461/1911/2516 1495/1909/2514 2199/1916/2523
f 1495/1909/2514 282/455/2513 1287/454/2520 2199/1916/2523
f 1466/1919/2526 450/1880/2448 1500/1920/2527 2200/1921/2528
f 1500/1920/2527 464/1922/2529 1501/1923/2530 2200/1921/2528
f 1501/1923/2530 463/1917/2524 1498/1915/2522 2200/1921/2528
f 1498/1915/2522 445/453/2521 1466/1919/2526 2200/1921/2528
f 1475/1885/2455 451/1372/2454 1496/1914/2519 2201/1924/2531
f 1496/1914/2519 462/1913/2518 1502/1925/2532 2201/1924/2531
f 1502/1925/2532 464/1922/2529 1500/1920/2527 2201/1924/2531
f 1500/1920/2527 450/1880/2448 1475/1885/2455 2201/1924/2531
f 1473/1881/2449 450/1880/2448 1504/1926/2533 2202/1927/2534
f 1504/1926/2533 466/1928/2535 1505/1929/2536 2202/1927/2534
f 1505/1929/2536 465/1930/2537 1503/1931/2538 2202/1927/2534
f 1503/1931/2538 449/1882/2450 1473/1881/2449 2202/1927/2534
f 1466/1919/2526 445/453/2521 1506/1932/2539 2203/1933/2540
f 1506/1932/2539 467/1934/2541 1507/1935/2542 2203/1933/2540
f 1507/1935/2542 466/1928/2535 1504/1926/2533 2203/1933/2540
f 1504/1926/2533 450/1880/2448 1466/1919/2526 2203/1933/2540
f 1463/1862/2543 412/1764/2544 1508/1936/2545 2204/1937/2546
f 1508/1936/2545 468/1938/2547 1509/1939/2548 2204/1937/2546
f 1509/1939/2548 467/1934/2541 1506/1932/2539 2204/1937/2546
f 1506/1932/2539 445/453/2521 1463/1862/2543 2204/1937/2546
f 1400/1940/2549 449/1882/2450 1503/1931/2538 2205/1941/2550
f 1503/1931/2538 465/1930/2537 1510/1942/2551 2205/1941/2550
f 1510/1942/2551 468/1938/2547 1508/1936/2545 2205/1941/2550
f 1508/1936/2545 412/1764/2544 1400/1940/2549 2205/1941/2550
f 1492/1907/2509 449/1882/2450 1512/1943/2552 2206/1944/2553
f 1512/1943/2552 470/1945/2554 1513/1946/2555 2206/1944/2553
f 1513/1946/2555 469/1947/2556 1511/1948/2557 2206/1944/2553
f 1511/1948/2557 459/1904/2502 1492/1907/2509 2206/1944/2553
f 1400/1940/2549 412/1764/2544 1514/1949/2558 2207/1950/2559
f 1514/1949/2558 471/1951/2560 1515/1952/2561 2207/1950/2559
f 1515/1952/2561 470/1945/2554 1512/1943/2552 2207/1950/2559
f 1512/1943/2552 449/1882/2450 1400/1940/2549 2207/1950/2559
f 1397/1763/2562 382/1621/2563 1516/1953/2564 2208/1954/2565
f 1516/1953/2564 472/1955/2566 1517/1956/2567 2208/1954/2565
f 1517/1956/2567 471/1951/2560 1514/1949/2558 2208/1954/2565
f 1514/1949/2558 412/1764/2544 1397/1763/2562 2208/1954/2565
f 1340/1957/2568 459/1904/2502 1511/1948/2557 2209/1958/2569
f 1511/1948/2557 469/1947/2556 1518/1959/2570 2209/1958/2569
f 1518/1959/2570 472/1955/2566 1516/1953/2564 2209/1958/2569
f 1516/1953/2564 382/1621/2563 1340/1957/2568 2209/1958/2569
f 1491/1905/2503 459/1904/2502 1520/1960/2571 2210/1961/2572
f 1520/1960/2571 474/1962/2573 1521/1963/2574 2210/1961/2572
f 1521/1963/2574 473/1964/2575 1519/1965/2576 2210/1961/2572
f 1519/1965/2576 458/1386/2504 1491/1905/2503 2210/1961/2572
f 1340/1957/2568 382/1621/2563 1522/1966/2577 2211/1967/2578
f 1522/1966/2577 475/1968/2579 1523/1969/2580 2211/1967/2578
f 1523/1969/2580 474/1962/2573 1520/1960/2571 2211/1967/2578
f 1520/1960/2571 459/1904/2502 1340/1957/2568 2211/1967/2578
f 1337/1620/2581 286/1382/2582 1524/1970/2583 2212/1971/2584
f 1524/1970/2583 476/1972/2585 1525/1973/2586 2212/1971/2584
f 1525/1973/2586 475/1968/2579 1522/1966/2577 2212/1971/2584
f 1522/1966/2577 382/1621/2563 1337/1620/2581 2212/1971/2584
f 1138/1381/2587 458/1386/2504 1519/1965/2576 2213/1974/2588
f 1519/1965/2576 473/1964/2575 1526/1975/2589 2213/1974/2588
f 1526/1975/2589 476/1972/2585 1524/1970/2583 2213/1974/2588
f 1524/1970/2583 286/1382/2582 1138/1381/2587 2213/1974/2588
s 17
f 1298/1976/2590 361/1671/2193 1527/1977/2591 2214/1978/2592
f 1527/1977/2591 477/1979/2593 1529/1980/2594 2214/1978/2592
f 1529/1980/2594 478/1981/2595 1528/1982/2596 2214/1978/2592
f 1528/1982/2596 362/1541/2007 1298/1976/2590 2214/1978/2592
f 1296/1670/2192 283/1338/2200 1530/1983/2597 2215/1984/2598
f 1530/1983/2597 479/1985/2599 1531/1986/2600 2215/1984/2598
f 1531/1986/2600 477/1979/2593 1527/1977/2591 2215/1984/2598
f 1527/1977/2591 361/1671/2193 1296/1670/2192 2215/1984/2598
f 1122/1438/2601 284/1435/2010 1532/1987/2602 2216/1988/2603
f 1532/1987/2602 480/1989/2604 1533/1990/2605 2216/1988/2603
f 1533/1990/2605 479/1985/2599 1530/1983/2597 2216/1988/2603
f 1530/1983/2597 283/1338/2200 1122/1438/2601 2216/1988/2603
f 1123/1542/2008 362/1541/2007 1528/1982/2596 2217/1991/2606
f 1528/1982/2596 478/1981/2595 1534/1992/2607 2217/1991/2606
f 1534/1992/2607 480/1989/2604 1532/1987/2602 2217/1991/2606
f 1532/1987/2602 284/1435/2010 1123/1542/2008 2217/1991/2606
f 1358/1993/2608 391/1804/2356 1535/1994/2609 2218/1995/2610
f 1535/1994/2609 481/1996/2611 1537/1997/2612 2218/1995/2610
f 1537/1997/2612 482/1998/2613 1536/1999/2614 2218/1995/2610
f 1536/1999/2614 392/1684/2211 1358/1993/2608 2218/1995/2610
f 1356/1803/2355 361/1671/2193 1538/2000/2615 2219/2001/2616
f 1538/2000/2615 483/2002/2617 1539/2003/2618 2219/2001/2616
f 1539/2003/2618 481/1996/2611 1535/1994/2609 2219/2001/2616
f 1535/1994/2609 391/1804/2356 1356/1803/2355 2219/2001/2616
f 1298/1976/2590 362/1541/2007 1540/2004/2619 2220/2005/2620
f 1540/2004/2619 484/2006/2621 1541/2007/2622 2220/2005/2620
f 1541/2007/2622 483/2002/2617 1538/2000/2615 2220/2005/2620
f 1538/2000/2615 361/1671/2193 1298/1976/2590 2220/2005/2620
f 1297/1685/2212 392/1684/2211 1536/1999/2614 2221/2008/2623
f 1536/1999/2614 482/1998/2613 1542/2009/2624 2221/2008/2623
f 1542/2009/2624 484/2006/2621 1540/2004/2619 2221/2008/2623
f 1540/2004/2619 362/1541/2007 1297/1685/2212 2221/2008/2623
f 1424/2010/2625 424/1290/2626 1543/2011/2627 2222/2012/2628
f 1543/2011/2627 485/2013/2629 1545/2014/2630 2222/2012/2628
f 1545/2014/2630 486/2015/2631 1544/2016/2632 2222/2012/2628
f 1544/2016/2632 425/225/239 1424/2010/2625 2222/2012/2628
f 1421/1811/2633 391/1804/2356 1546/2017/2634 2223/2018/2635
f 1546/2017/2634 487/2019/2636 1547/2020/2637 2223/2018/2635
f 1547/2020/2637 485/2013/2629 1543/2011/2627 2223/2018/2635
f 1543/2011/2627 424/1290/2626 1421/1811/2633 2223/2018/2635
f 1358/1993/2608 392/1684/2211 1548/2021/2638 2224/2022/2639
f 1548/2021/2638 488/2023/2640 1549/2024/2641 2224/2022/2639
f 1549/2024/2641 487/2019/2636 1546/2017/2634 2224/2022/2639
f 1546/2017/2634 391/1804/2356 1358/1993/2608 2224/2022/2639
f 1357/1822/2378 425/225/239 1544/2016/2632 2225/2025/2642
f 1544/2016/2632 486/2015/2631 1550/2026/2643 2225/2025/2642
f 1550/2026/2643 488/2023/2640 1548/2021/2638 2225/2025/2642
f 1548/2021/2638 392/1684/2211 1357/1822/2378 2225/2025/2642
f 1058/1345/2644 261/1292/2645 1552/2027/2646 2226/2028/2647
f 1552/2027/2646 490/2029/2648 1553/2030/2649 2226/2028/2647
f 1553/2030/2649 489/2031/2650 1551/2032/2651 2226/2028/2647
f 1551/2032/2651 262/222/2652 1058/1345/2644 2226/2028/2647
f 1277/1291/2653 424/1290/2626 1554/2033/2654 2227/2034/2655
f 1554/2033/2654 491/2035/2656 1555/2036/2657 2227/2034/2655
f 1555/2036/2657 490/2029/2648 1552/2027/2646 2227/2034/2655
f 1552/2027/2646 261/1292/2645 1277/1291/2653 2227/2034/2655
f 1424/2010/2625 425/225/239 1556/2037/2658 2228/2038/2659
f 1556/2037/2658 492/2039/2660 1557/2040/2661 2228/2038/2659
f 1557/2040/2661 491/2035/2656 1554/2033/2654 2228/2038/2659
f 1554/2033/2654 424/1290/2626 1424/2010/2625 2228/2038/2659
f 1423/223/2662 262/222/2652 1551/2032/2651 2229/2041/2663
f 1551/2032/2651 489/2031/2650 1558/2042/2664 2229/2041/2663
f 1558/2042/2664 492/2039/2665 1556/2037/2666 2229/2041/2663
f 1556/2037/2666 425/225/2667 1423/223/2662 2229/2041/2663
s 210
f 1497/1912/2668 461/1911/2669 1559/2043/2670 2230/2044/2671
f 1559/2043/2670 585/2045/2672 1745/2046/2673 2230/2044/2671
f 1745/2046/2673 586/2047/2674 1560/2048/2675 2230/2044/2671
f 1560/2048/2675 462/1913/2676 1497/1912/2668 2230/2044/2671
s 211
f 1499/1918/2677 463/1917/2678 1562/2049/2679 2231/2050/2680
f 1562/2049/2679 588/2051/2681 1750/2052/2682 2231/2050/2680
f 1750/2052/2682 585/2045/2683 1559/2043/2684 2231/2050/2680
f 1559/2043/2684 461/1911/2685 1499/1918/2677 2231/2050/2680
s 212
f 1501/1923/2686 464/1922/2687 1564/2053/2688 2232/2054/2689
f 1564/2053/2688 587/2055/2690 1749/2056/2691 2232/2054/2689
f 1749/2056/2691 588/2051/2692 1562/2049/2693 2232/2054/2689
f 1562/2049/2693 463/1917/2694 1501/1923/2686 2232/2054/2689
s 213
f 1502/1925/2695 462/1913/2696 1560/2048/2697 2233/2057/2698
f 1560/2048/2697 586/2047/2699 1747/2058/2700 2233/2057/2698
f 1747/2058/2700 587/2055/2701 1564/2053/2702 2233/2057/2698
f 1564/2053/2702 464/1922/2703 1502/1925/2695 2233/2057/2698
s 125
f 1561/2059/2704 493/2060/2705 1567/2061/2706 2234/2062/2707
f 1567/2061/2706 497/1325/1636 1569/1324/1635 2234/2062/2707
f 1569/1324/1635 498/1332/1643 1568/2063/2708 2234/2062/2707
f 1568/2063/2708 494/2064/2709 1561/2059/2704 2234/2062/2707
f 1563/2065/2710 495/2066/2711 1570/2067/2712 2235/2068/2713
f 1570/2067/2712 499/1328/1639 1571/1326/1637 2235/2068/2713
f 1571/1326/1637 497/1325/1636 1567/2061/2706 2235/2068/2713
f 1567/2061/2706 493/2060/2705 1563/2065/2710 2235/2068/2713
f 1565/2069/2714 496/2070/2715 1572/2071/2716 2236/2072/2717
f 1572/2071/2716 500/1330/1641 1573/1329/1640 2236/2072/2717
f 1573/1329/1640 499/1328/1639 1570/2067/2712 2236/2072/2717
f 1570/2067/2712 495/2066/2711 1565/2069/2714 2236/2072/2717
f 1566/2073/2718 494/2064/2709 1568/2063/2708 2237/2074/2719
f 1568/2063/2708 498/1332/1643 1574/1331/1642 2237/2074/2719
f 1574/1331/1642 500/1330/1641 1572/2071/2716 2237/2074/2719
f 1572/2071/2716 496/2070/2715 1566/2073/2718 2237/2074/2719
s 217
f 1505/1929/2720 466/1928/2721 1576/2075/2722 2238/2076/2723
f 1576/2075/2722 582/2077/2724 1739/2078/2725 2238/2076/2723
f 1739/2078/2725 583/2079/2726 1575/2080/2727 2238/2076/2723
f 1575/2080/2727 465/1930/2728 1505/1929/2720 2238/2076/2723
s 218
f 1507/1935/2729 467/1934/2730 1578/2081/2731 2239/2082/2732
f 1578/2081/2731 581/2083/2733 1737/2084/2734 2239/2082/2732
f 1737/2084/2734 582/2077/2735 1576/2075/2736 2239/2082/2732
f 1576/2075/2736 466/1928/2737 1507/1935/2729 2239/2082/2732
s 219
f 1509/1939/2738 468/1938/2739 1580/2085/2740 2240/2086/2741
f 1580/2085/2740 584/2087/2742 1742/2088/2743 2240/2086/2741
f 1742/2088/2743 581/2083/2744 1578/2081/2745 2240/2086/2741
f 1578/2081/2745 467/1934/2746 1509/1939/2738 2240/2086/2741
s 220
f 1510/1942/2747 465/1930/2748 1575/2080/2749 2241/2089/2750
f 1575/2080/2749 583/2079/2751 1741/2090/2752 2241/2089/2750
f 1741/2090/2752 584/2087/2753 1580/2085/2754 2241/2089/2750
f 1580/2085/2754 468/1938/2755 1510/1942/2747 2241/2089/2750
s 221
f 1577/2091/2756 502/2092/2757 1584/2093/2758 2242/2094/2759
f 1584/2093/2758 506/1865/2760 1585/1864/2761 2242/2094/2759
f 1585/1864/2761 505/1872/2762 1583/2095/2763 2242/2094/2759
f 1583/2095/2763 501/2096/2764 1577/2091/2756 2242/2094/2759
s 218
f 1579/2097/2765 503/2098/2766 1586/2099/2767 2243/2100/2768
f 1586/2099/2767 507/1868/2769 1587/1866/2770 2243/2100/2768
f 1587/1866/2770 506/1865/2771 1584/2093/2772 2243/2100/2768
f 1584/2093/2772 502/2092/2773 1579/2097/2765 2243/2100/2768
s 223
f 1581/2101/2774 504/2102/2775 1588/2103/2776 2244/2104/2777
f 1588/2103/2776 508/1870/2778 1589/1869/2779 2244/2104/2777
f 1589/1869/2779 507/1868/2780 1586/2099/2781 2244/2104/2777
f 1586/2099/2781 503/2098/2782 1581/2101/2774 2244/2104/2777
s 224
f 1582/2105/2783 501/2096/2784 1583/2095/2785 2245/2106/2786
f 1583/2095/2785 505/1872/2787 1590/1871/2788 2245/2106/2786
f 1590/1871/2788 508/1870/2789 1588/2103/2790 2245/2106/2786
f 1588/2103/2790 504/2102/2791 1582/2105/2783 2245/2106/2786
s 225
f 1513/1946/2792 470/1945/2793 1592/2107/2794 2246/2108/2795
f 1592/2107/2794 578/2109/2796 1731/2110/2797 2246/2108/2795
f 1731/2110/2797 579/2111/2798 1591/2112/2799 2246/2108/2795
f 1591/2112/2799 469/1947/2800 1513/1946/2792 2246/2108/2795
s 226
f 1515/1952/2801 471/1951/2802 1594/2113/2803 2247/2114/2804
f 1594/2113/2803 577/2115/2805 1729/2116/2806 2247/2114/2804
f 1729/2116/2806 578/2109/2807 1592/2107/2808 2247/2114/2804
f 1592/2107/2808 470/1945/2809 1515/1952/2801 2247/2114/2804
s 227
f 1517/1956/2810 472/1955/2811 1596/2117/2812 2248/2118/2813
f 1596/2117/2812 580/2119/2814 1734/2120/2815 2248/2118/2813
f 1734/2120/2815 577/2115/2816 1594/2113/2817 2248/2118/2813
f 1594/2113/2817 471/1951/2818 1517/1956/2810 2248/2118/2813
s 228
f 1518/1959/2819 469/1947/2820 1591/2112/2821 2249/2121/2822
f 1591/2112/2821 579/2111/2823 1733/2122/2824 2249/2121/2822
f 1733/2122/2824 580/2119/2825 1596/2117/2826 2249/2121/2822
f 1596/2117/2826 472/1955/2827 1518/1959/2819 2249/2121/2822
s 225
f 1593/2123/2828 510/2124/2829 1600/2125/2830 2250/2126/2831
f 1600/2125/2830 514/1768/2832 1601/1767/2833 2250/2126/2831
f 1601/1767/2833 513/1775/2834 1599/2127/2835 2250/2126/2831
f 1599/2127/2835 509/2128/2836 1593/2123/2828 2250/2126/2831
s 226
f 1595/2129/2837 511/2130/2838 1602/2131/2839 2251/2132/2840
f 1602/2131/2839 515/1771/2841 1603/1769/2842 2251/2132/2840
f 1603/1769/2842 514/1768/2843 1600/2125/2844 2251/2132/2840
f 1600/2125/2844 510/2124/2845 1595/2129/2837 2251/2132/2840
s 227
f 1597/2133/2846 512/2134/2847 1604/2135/2848 2252/2136/2849
f 1604/2135/2848 516/1773/2850 1605/1772/2851 2252/2136/2849
f 1605/1772/2851 515/1771/2852 1602/2131/2853 2252/2136/2849
f 1602/2131/2853 511/2130/2854 1597/2133/2846 2252/2136/2849
s 228
f 1598/2137/2855 509/2128/2856 1599/2127/2857 2253/2138/2858
f 1599/2127/2857 513/1775/2859 1606/1774/2860 2253/2138/2858
f 1606/1774/2860 516/1773/2861 1604/2135/2862 2253/2138/2858
f 1604/2135/2862 512/2134/2863 1598/2137/2855 2253/2138/2858
s 233
f 1521/1963/2864 474/1962/2865 1608/2139/2866 2254/2140/2867
f 1608/2139/2866 573/2141/2868 1721/2142/2869 2254/2140/2867
f 1721/2142/2869 574/2143/2870 1607/2144/2871 2254/2140/2867
f 1607/2144/2871 473/1964/2872 1521/1963/2864 2254/2140/2867
s 234
f 1523/1969/2873 475/1968/2874 1610/2145/2875 2255/2146/2876
f 1610/2145/2875 576/2147/2877 1726/2148/2878 2255/2146/2876
f 1726/2148/2878 573/2141/2879 1608/2139/2880 2255/2146/2876
f 1608/2139/2880 474/1962/2881 1523/1969/2873 2255/2146/2876
s 235
f 1525/1973/2882 476/1972/2883 1612/2149/2884 2256/2150/2885
f 1612/2149/2884 575/2151/2886 1725/2152/2887 2256/2150/2885
f 1725/2152/2887 576/2147/2888 1610/2145/2889 2256/2150/2885
f 1610/2145/2889 475/1968/2890 1525/1973/2882 2256/2150/2885
s 236
f 1526/1975/2891 473/1964/2892 1607/2144/2893 2257/2153/2894
f 1607/2144/2893 574/2143/2895 1723/2154/2896 2257/2153/2894
f 1723/2154/2896 575/2151/2897 1612/2149/2898 2257/2153/2894
f 1612/2149/2898 476/1972/2899 1526/1975/2891 2257/2153/2894
s 233
f 1609/2155/2900 518/2156/2901 1616/2157/2902 2258/2158/2903
f 1616/2157/2902 522/1625/2904 1617/1624/2905 2258/2158/2903
f 1617/1624/2905 521/1632/2906 1615/2159/2907 2258/2158/2903
f 1615/2159/2907 517/2160/2908 1609/2155/2900 2258/2158/2903
s 234
f 1611/2161/2909 519/2162/2910 1618/2163/2911 2259/2164/2912
f 1618/2163/2911 523/1628/2913 1619/1626/2914 2259/2164/2912
f 1619/1626/2914 522/1625/2915 1616/2157/2916 2259/2164/2912
f 1616/2157/2916 518/2156/2917 1611/2161/2909 2259/2164/2912
s 235
f 1613/2165/2918 520/2166/2919 1620/2167/2920 2260/2168/2921
f 1620/2167/2920 524/1630/2922 1621/1629/2923 2260/2168/2921
f 1621/1629/2923 523/1628/2924 1618/2163/2925 2260/2168/2921
f 1618/2163/2925 519/2162/2926 1613/2165/2918 2260/2168/2921
s 236
f 1614/2169/2927 517/2160/2928 1615/2159/2929 2261/2170/2930
f 1615/2159/2929 521/1632/2931 1622/1631/2932 2261/2170/2930
f 1622/1631/2932 524/1630/2933 1620/2167/2934 2261/2170/2930
f 1620/2167/2934 520/2166/2935 1614/2169/2927 2261/2170/2930
s 241
f 1529/1980/2936 477/1979/2937 1623/2171/2938 2262/2172/2939
f 1623/2171/2938 565/2173/2940 1705/2174/2941 2262/2172/2939
f 1705/2174/2941 566/2175/2942 1624/2176/2943 2262/2172/2939
f 1624/2176/2943 478/1981/2944 1529/1980/2936 2262/2172/2939
s 145
f 1531/1986/2945 479/1985/2946 1626/2177/2947 2263/2178/2948
f 1626/2177/2947 568/2179/2949 1710/2180/2950 2263/2178/2948
f 1710/2180/2950 565/2173/2951 1623/2171/2952 2263/2178/2948
f 1623/2171/2952 477/1979/2953 1531/1986/2945 2263/2178/2948
s 243
f 1533/1990/2954 480/1989/2955 1628/2181/2956 2264/2182/2957
f 1628/2181/2956 567/2183/2958 1709/2184/2959 2264/2182/2957
f 1709/2184/2959 568/2179/2960 1626/2177/2961 2264/2182/2957
f 1626/2177/2961 479/1985/2962 1533/1990/2954 2264/2182/2957
s 244
f 1534/1992/2963 478/1981/2964 1624/2176/2965 2265/2185/2966
f 1624/2176/2965 566/2175/2967 1707/2186/2968 2265/2185/2966
f 1707/2186/2968 567/2183/2969 1628/2181/2970 2265/2185/2966
f 1628/2181/2970 480/1989/2971 1534/1992/2963 2265/2185/2966
s 241
f 1625/2187/2972 525/2188/2973 1631/2189/2974 2266/2190/2975
f 1631/2189/2974 529/1532/2976 1633/1531/2977 2266/2190/2975
f 1633/1531/2977 530/1539/2978 1632/2191/2979 2266/2190/2975
f 1632/2191/2979 526/2192/2980 1625/2187/2972 2266/2190/2975
s 145
f 1627/2193/2981 527/2194/2982 1634/2195/2983 2267/2196/2984
f 1634/2195/2983 531/1535/2001 1635/1533/1999 2267/2196/2984
f 1635/1533/1999 529/1532/1998 1631/2189/2985 2267/2196/2984
f 1631/2189/2985 525/2188/2986 1627/2193/2981 2267/2196/2984
s 247
f 1629/2197/2987 528/2198/2988 1636/2199/2989 2268/2200/2990
f 1636/2199/2989 532/1537/2991 1637/1536/2992 2268/2200/2990
f 1637/1536/2992 531/1535/2993 1634/2195/2994 2268/2200/2990
f 1634/2195/2994 527/2194/2995 1629/2197/2987 2268/2200/2990
s 248
f 1630/2201/2996 526/2192/2997 1632/2191/2998 2269/2202/2999
f 1632/2191/2998 530/1539/3000 1638/1538/3001 2269/2202/2999
f 1638/1538/3001 532/1537/3002 1636/2199/3003 2269/2202/2999
f 1636/2199/3003 528/2198/3004 1630/2201/2996 2269/2202/2999
s 249
f 1537/1997/3005 481/1996/3006 1639/2203/3007 2270/2204/3008
f 1639/2203/3007 561/2205/3009 1697/2206/3010 2270/2204/3008
f 1697/2206/3010 562/2207/3011 1640/2208/3012 2270/2204/3008
f 1640/2208/3012 482/1998/3013 1537/1997/3005 2270/2204/3008
s 250
f 1539/2003/3014 483/2002/3015 1642/2209/3016 2271/2210/3017
f 1642/2209/3016 564/2211/3018 1702/2212/3019 2271/2210/3017
f 1702/2212/3019 561/2205/3020 1639/2203/3021 2271/2210/3017
f 1639/2203/3021 481/1996/3022 1539/2003/3014 2271/2210/3017
s 251
f 1541/2007/3023 484/2006/3024 1644/2213/3025 2272/2214/3026
f 1644/2213/3025 563/2215/3027 1701/2216/3028 2272/2214/3026
f 1701/2216/3028 564/2211/3029 1642/2209/3030 2272/2214/3026
f 1642/2209/3030 483/2002/3031 1541/2007/3023 2272/2214/3026
s 252
f 1542/2009/3032 482/1998/3033 1640/2208/3034 2273/2217/3035
f 1640/2208/3034 562/2207/3036 1699/2218/3037 2273/2217/3035
f 1699/2218/3037 563/2215/3038 1644/2213/3039 2273/2217/3035
f 1644/2213/3039 484/2006/3040 1542/2009/3032 2273/2217/3035
s 249
f 1641/2219/3041 533/2220/3042 1647/2221/3043 2274/2222/3044
f 1647/2221/3043 537/1675/3045 1649/1674/3046 2274/2222/3044
f 1649/1674/3046 538/1682/3047 1648/2223/3048 2274/2222/3044
f 1648/2223/3048 534/2224/3049 1641/2219/3041 2274/2222/3044
s 250
f 1643/2225/3050 535/2226/3051 1650/2227/3052 2275/2228/3053
f 1650/2227/3052 539/1678/3054 1651/1676/3055 2275/2228/3053
f 1651/1676/3055 537/1675/3056 1647/2221/3057 2275/2228/3053
f 1647/2221/3057 533/2220/3058 1643/2225/3050 2275/2228/3053
s 251
f 1645/2229/3059 536/2230/3060 1652/2231/3061 2276/2232/3062
f 1652/2231/3061 540/1680/3063 1653/1679/3064 2276/2232/3062
f 1653/1679/3064 539/1678/3065 1650/2227/3066 2276/2232/3062
f 1650/2227/3066 535/2226/3067 1645/2229/3059 2276/2232/3062
s 252
f 1646/2233/3068 534/2224/3069 1648/2223/3070 2277/2234/3071
f 1648/2223/3070 538/1682/3072 1654/1681/3073 2277/2234/3071
f 1654/1681/3073 540/1680/3074 1652/2231/3075 2277/2234/3071
f 1652/2231/3075 536/2230/3076 1646/2233/3068 2277/2234/3071
s 257
f 1545/2014/3077 485/2013/3078 1655/2235/3079 2278/2236/3080
f 1655/2235/3079 541/2237/3081 1657/2238/3082 2278/2236/3080
f 1657/2238/3082 542/2239/3083 1656/2240/3084 2278/2236/3080
f 1656/2240/3084 486/2015/3085 1545/2014/3077 2278/2236/3080
s 258
f 1547/2020/3086 487/2019/3087 1658/2241/3088 2279/2242/3089
f 1658/2241/3088 543/2243/3090 1659/2244/3091 2279/2242/3089
f 1659/2244/3091 541/2237/3092 1655/2235/3093 2279/2242/3089
f 1655/2235/3093 485/2013/3094 1547/2020/3086 2279/2242/3089
s 259
f 1549/2024/3095 488/2023/3096 1660/2245/3097 2280/2246/3098
f 1660/2245/3097 544/2247/3099 1661/2248/3100 2280/2246/3098
f 1661/2248/3100 543/2243/3101 1658/2241/3102 2280/2246/3098
f 1658/2241/3102 487/2019/3103 1549/2024/3095 2280/2246/3098
s 260
f 1550/2026/3104 486/2015/3105 1656/2240/3106 2281/2249/3107
f 1656/2240/3106 542/2239/3108 1662/2250/3109 2281/2249/3107
f 1662/2250/3109 544/2247/3110 1660/2245/3111 2281/2249/3107
f 1660/2245/3111 488/2023/3112 1550/2026/3104 2281/2249/3107
s 261
f 1657/2238/3113 541/2237/3114 1663/2251/3115 2282/2252/3116
f 1663/2251/3115 545/2253/3117 1665/2254/3118 2282/2252/3116
f 1665/2254/3118 546/2255/3119 1664/2256/3120 2282/2252/3116
f 1664/2256/3120 542/2239/3121 1657/2238/3113 2282/2252/3116
s 262
f 1659/2244/3122 543/2243/3123 1666/2257/3124 2283/2258/3125
f 1666/2257/3124 547/2259/3126 1667/2260/3127 2283/2258/3125
f 1667/2260/3127 545/2253/3128 1663/2251/3129 2283/2258/3125
f 1663/2251/3129 541/2237/3130 1659/2244/3122 2283/2258/3125
s 263
f 1661/2248/3131 544/2247/3132 1668/2261/3133 2284/2262/3134
f 1668/2261/3133 548/2263/3135 1669/2264/3136 2284/2262/3134
f 1669/2264/3136 547/2259/3137 1666/2257/3138 2284/2262/3134
f 1666/2257/3138 543/2243/3139 1661/2248/3131 2284/2262/3134
s 264
f 1662/2250/3140 542/2239/3141 1664/2256/3142 2285/2265/3143
f 1664/2256/3142 546/2255/3144 1670/2266/3145 2285/2265/3143
f 1670/2266/3145 548/2263/3146 1668/2261/3147 2285/2265/3143
f 1668/2261/3147 544/2247/3148 1662/2250/3140 2285/2265/3143
s 261
f 1665/2254/3118 545/2253/3117 1671/2267/3149 2286/2268/3150
f 1671/2267/3149 549/1814/3151 1673/1813/3152 2286/2268/3150
f 1673/1813/3152 550/1821/3153 1672/2269/3154 2286/2268/3150
f 1672/2269/3154 546/2255/3119 1665/2254/3118 2286/2268/3150
s 262
f 1667/2260/3127 547/2259/3126 1674/2270/3155 2287/2271/3156
f 1674/2270/3155 551/1817/3157 1675/1815/3158 2287/2271/3156
f 1675/1815/3158 549/1814/3159 1671/2267/3160 2287/2271/3156
f 1671/2267/3160 545/2253/3128 1667/2260/3127 2287/2271/3156
s 263
f 1669/2264/3136 548/2263/3135 1676/2272/3161 2288/2273/3162
f 1676/2272/3161 552/1819/3163 1677/1818/3164 2288/2273/3162
f 1677/1818/3164 551/1817/3165 1674/2270/3166 2288/2273/3162
f 1674/2270/3166 547/2259/3137 1669/2264/3136 2288/2273/3162
s 264
f 1670/2266/3145 546/2255/3144 1672/2269/3167 2289/2274/3168
f 1672/2269/3167 550/1821/3169 1678/1820/3170 2289/2274/3168
f 1678/1820/3170 552/1819/3171 1676/2272/3172 2289/2274/3168
f 1676/2272/3172 548/2263/3146 1670/2266/3145 2289/2274/3168
s 265
f 1553/2030/3173 490/2029/3174 1680/2275/3175 2290/2276/3176
f 1680/2275/3175 569/2277/3177 1713/2278/3178 2290/2276/3176
f 1713/2278/3178 570/2279/3179 1679/2280/3180 2290/2276/3176
f 1679/2280/3180 489/2031/3181 1553/2030/3173 2290/2276/3176
s 266
f 1555/2036/3182 491/2035/3183 1682/2281/3184 2291/2282/3185
f 1682/2281/3184 572/2283/3186 1718/2284/3187 2291/2282/3185
f 1718/2284/3187 569/2277/3188 1680/2275/3189 2291/2282/3185
f 1680/2275/3189 490/2029/3190 1555/2036/3182 2291/2282/3185
s 267
f 1557/2040/3191 492/2039/3192 1684/2285/3193 2292/2286/3194
f 1684/2285/3193 571/2287/3195 1717/2288/3196 2292/2286/3194
f 1717/2288/3196 572/2283/3197 1682/2281/3198 2292/2286/3194
f 1682/2281/3198 491/2035/3199 1557/2040/3191 2292/2286/3194
s 268
f 1558/2042/3200 489/2031/3201 1679/2280/3202 2293/2289/3203
f 1679/2280/3202 570/2279/3204 1715/2290/3205 2293/2289/3203
f 1715/2290/3205 571/2287/3206 1684/2285/3207 2293/2289/3203
f 1684/2285/3207 492/2039/3208 1558/2042/3200 2293/2289/3203
s 265
f 1681/2291/3209 554/2292/3210 1688/2293/3211 2294/2294/3212
f 1688/2293/3211 558/177/3213 1689/176/3214 2294/2294/3212
f 1689/176/3214 557/184/3215 1687/2295/3216 2294/2294/3212
f 1687/2295/3216 553/2296/3217 1681/2291/3209 2294/2294/3212
s 266
f 1683/2297/3218 555/2298/3219 1690/2299/3220 2295/2300/3221
f 1690/2299/3220 559/180/3222 1691/178/3223 2295/2300/3221
f 1691/178/3223 558/177/3224 1688/2293/3225 2295/2300/3221
f 1688/2293/3225 554/2292/3226 1683/2297/3218 2295/2300/3221
s 267
f 1685/2301/3227 556/2302/3228 1692/2303/3229 2296/2304/3230
f 1692/2303/3229 560/182/3231 1693/181/3232 2296/2304/3230
f 1693/181/3232 559/180/3233 1690/2299/3234 2296/2304/3230
f 1690/2299/3234 555/2298/3235 1685/2301/3227 2296/2304/3230
s 268
f 1686/2305/3236 553/2296/3237 1687/2295/3238 2297/2306/3239
f 1687/2295/3238 557/184/3240 1694/183/3241 2297/2306/3239
f 1694/183/3241 560/182/3242 1692/2303/3243 2297/2306/3239
f 1692/2303/3243 556/2302/3244 1686/2305/3236 2297/2306/3239
s 249
f 1697/2206/3010 561/2205/3009 1695/2307/3245 2298/2308/3246
f 1695/2307/3245 533/2220/3042 1641/2219/3041 2298/2308/3246
f 1641/2219/3041 534/2224/3049 1696/2309/3247 2298/2308/3246
f 1696/2309/3247 562/2207/3011 1697/2206/3010 2298/2308/3246
s 252
f 1699/2218/3037 562/2207/3036 1696/2309/3248 2299/2310/3249
f 1696/2309/3248 534/2224/3069 1646/2233/3068 2299/2310/3249
f 1646/2233/3068 536/2230/3076 1698/2311/3250 2299/2310/3249
f 1698/2311/3250 563/2215/3038 1699/2218/3037 2299/2310/3249
s 251
f 1701/2216/3028 563/2215/3027 1698/2311/3251 2300/2312/3252
f 1698/2311/3251 536/2230/3060 1645/2229/3059 2300/2312/3252
f 1645/2229/3059 535/2226/3067 1700/2313/3253 2300/2312/3252
f 1700/2313/3253 564/2211/3029 1701/2216/3028 2300/2312/3252
s 250
f 1702/2212/3019 564/2211/3018 1700/2313/3254 2301/2314/3255
f 1700/2313/3254 535/2226/3051 1643/2225/3050 2301/2314/3255
f 1643/2225/3050 533/2220/3058 1695/2307/3256 2301/2314/3255
f 1695/2307/3256 561/2205/3020 1702/2212/3019 2301/2314/3255
s 241
f 1705/2174/2941 565/2173/2940 1703/2315/3257 2302/2316/3258
f 1703/2315/3257 525/2188/2973 1625/2187/2972 2302/2316/3258
f 1625/2187/2972 526/2192/2980 1704/2317/3259 2302/2316/3258
f 1704/2317/3259 566/2175/2942 1705/2174/2941 2302/2316/3258
s 244
f 1707/2186/2968 566/2175/2967 1704/2317/3260 2303/2318/3261
f 1704/2317/3260 526/2192/3262 1630/2201/3263 2303/2318/3261
f 1630/2201/3263 528/2198/3264 1706/2319/3265 2303/2318/3261
f 1706/2319/3265 567/2183/2969 1707/2186/2968 2303/2318/3261
s 243
f 1709/2184/2959 567/2183/2958 1706/2319/3266 2304/2320/3267
f 1706/2319/3266 528/2198/3268 1629/2197/3269 2304/2320/3267
f 1629/2197/3269 527/2194/3270 1708/2321/3271 2304/2320/3267
f 1708/2321/3271 568/2179/2960 1709/2184/2959 2304/2320/3267
s 145
f 1710/2180/2950 568/2179/2949 1708/2321/3272 2305/2322/3273
f 1708/2321/3272 527/2194/2982 1627/2193/2981 2305/2322/3273
f 1627/2193/2981 525/2188/2986 1703/2315/3274 2305/2322/3273
f 1703/2315/3274 565/2173/2951 1710/2180/2950 2305/2322/3273
s 265
f 1713/2278/3178 569/2277/3177 1711/2323/3275 2306/2324/3276
f 1711/2323/3275 554/2292/3210 1681/2291/3209 2306/2324/3276
f 1681/2291/3209 553/2296/3217 1712/2325/3277 2306/2324/3276
f 1712/2325/3277 570/2279/3179 1713/2278/3178 2306/2324/3276
s 268
f 1715/2290/3205 570/2279/3204 1712/2325/3278 2307/2326/3279
f 1712/2325/3278 553/2296/3237 1686/2305/3236 2307/2326/3279
f 1686/2305/3236 556/2302/3244 1714/2327/3280 2307/2326/3279
f 1714/2327/3280 571/2287/3206 1715/2290/3205 2307/2326/3279
s 267
f 1717/2288/3196 571/2287/3195 1714/2327/3281 2308/2328/3282
f 1714/2327/3281 556/2302/3228 1685/2301/3227 2308/2328/3282
f 1685/2301/3227 555/2298/3235 1716/2329/3283 2308/2328/3282
f 1716/2329/3283 572/2283/3197 1717/2288/3196 2308/2328/3282
s 266
f 1718/2284/3187 572/2283/3186 1716/2329/3284 2309/2330/3285
f 1716/2329/3284 555/2298/3219 1683/2297/3218 2309/2330/3285
f 1683/2297/3218 554/2292/3226 1711/2323/3286 2309/2330/3285
f 1711/2323/3286 569/2277/3188 1718/2284/3187 2309/2330/3285
s 233
f 1721/2142/2869 573/2141/2868 1719/2331/3287 2310/2332/3288
f 1719/2331/3287 518/2156/2901 1609/2155/2900 2310/2332/3288
f 1609/2155/2900 517/2160/2908 1720/2333/3289 2310/2332/3288
f 1720/2333/3289 574/2143/2870 1721/2142/2869 2310/2332/3288
s 236
f 1723/2154/2896 574/2143/2895 1720/2333/3290 2311/2334/3291
f 1720/2333/3290 517/2160/2928 1614/2169/2927 2311/2334/3291
f 1614/2169/2927 520/2166/2935 1722/2335/3292 2311/2334/3291
f 1722/2335/3292 575/2151/2897 1723/2154/2896 2311/2334/3291
s 235
f 1725/2152/2887 575/2151/2886 1722/2335/3293 2312/2336/3294
f 1722/2335/3293 520/2166/2919 1613/2165/2918 2312/2336/3294
f 1613/2165/2918 519/2162/2926 1724/2337/3295 2312/2336/3294
f 1724/2337/3295 576/2147/2888 1725/2152/2887 2312/2336/3294
s 234
f 1726/2148/2878 576/2147/2877 1724/2337/3296 2313/2338/3297
f 1724/2337/3296 519/2162/2910 1611/2161/2909 2313/2338/3297
f 1611/2161/2909 518/2156/2917 1719/2331/3298 2313/2338/3297
f 1719/2331/3298 573/2141/2879 1726/2148/2878 2313/2338/3297
s 226
f 1729/2116/2806 577/2115/2805 1727/2339/3299 2314/2340/3300
f 1727/2339/3299 511/2130/2838 1595/2129/2837 2314/2340/3300
f 1595/2129/2837 510/2124/2845 1728/2341/3301 2314/2340/3300
f 1728/2341/3301 578/2109/2807 1729/2116/2806 2314/2340/3300
s 225
f 1731/2110/2797 578/2109/2796 1728/2341/3302 2315/2342/3303
f 1728/2341/3302 510/2124/2829 1593/2123/2828 2315/2342/3303
f 1593/2123/2828 509/2128/2836 1730/2343/3304 2315/2342/3303
f 1730/2343/3304 579/2111/2798 1731/2110/2797 2315/2342/3303
s 228
f 1733/2122/2824 579/2111/2823 1730/2343/3305 2316/2344/3306
f 1730/2343/3305 509/2128/2856 1598/2137/2855 2316/2344/3306
f 1598/2137/2855 512/2134/2863 1732/2345/3307 2316/2344/3306
f 1732/2345/3307 580/2119/2825 1733/2122/2824 2316/2344/3306
s 227
f 1734/2120/2815 580/2119/2814 1732/2345/3308 2317/2346/3309
f 1732/2345/3308 512/2134/2847 1597/2133/2846 2317/2346/3309
f 1597/2133/2846 511/2130/2854 1727/2339/3310 2317/2346/3309
f 1727/2339/3310 577/2115/2816 1734/2120/2815 2317/2346/3309
s 218
f 1737/2084/2734 581/2083/2733 1735/2347/3311 2318/2348/3312
f 1735/2347/3311 503/2098/2766 1579/2097/2765 2318/2348/3312
f 1579/2097/2765 502/2092/2773 1736/2349/3313 2318/2348/3312
f 1736/2349/3313 582/2077/2735 1737/2084/2734 2318/2348/3312
s 217
f 1739/2078/2725 582/2077/2724 1736/2349/3314 2319/2350/3315
f 1736/2349/3314 502/2092/3316 1577/2091/3317 2319/2350/3315
f 1577/2091/3317 501/2096/3318 1738/2351/3319 2319/2350/3315
f 1738/2351/3319 583/2079/2726 1739/2078/2725 2319/2350/3315
s 220
f 1741/2090/2752 583/2079/2751 1738/2351/3320 2320/2352/3321
f 1738/2351/3320 501/2096/3322 1582/2105/3323 2320/2352/3321
f 1582/2105/3323 504/2102/3324 1740/2353/3325 2320/2352/3321
f 1740/2353/3325 584/2087/2753 1741/2090/2752 2320/2352/3321
s 219
f 1742/2088/2743 584/2087/2742 1740/2353/3326 2321/2354/3327
f 1740/2353/3326 504/2102/3328 1581/2101/3329 2321/2354/3327
f 1581/2101/3329 503/2098/3330 1735/2347/3331 2321/2354/3327
f 1735/2347/3331 581/2083/2744 1742/2088/2743 2321/2354/3327
s 210
f 1745/2046/2673 585/2045/2672 1743/2355/3332 2322/2356/3333
f 1743/2355/3332 493/2060/3334 1561/2059/3335 2322/2356/3333
f 1561/2059/3335 494/2064/3336 1744/2357/3337 2322/2356/3333
f 1744/2357/3337 586/2047/2674 1745/2046/2673 2322/2356/3333
s 213
f 1747/2058/2700 586/2047/2699 1744/2357/3338 2323/2358/3339
f 1744/2357/3338 494/2064/3340 1566/2073/3341 2323/2358/3339
f 1566/2073/3341 496/2070/3342 1746/2359/3343 2323/2358/3339
f 1746/2359/3343 587/2055/2701 1747/2058/2700 2323/2358/3339
s 212
f 1749/2056/2691 587/2055/2690 1746/2359/3344 2324/2360/3345
f 1746/2359/3344 496/2070/3346 1565/2069/3347 2324/2360/3345
f 1565/2069/3347 495/2066/3348 1748/2361/3349 2324/2360/3345
f 1748/2361/3349 588/2051/2692 1749/2056/2691 2324/2360/3345
s 211
f 1750/2052/2682 588/2051/2681 1748/2361/3350 2325/2362/3351
f 1748/2361/3350 495/2066/3352 1563/2065/3353 2325/2362/3351
f 1563/2065/3353 493/2060/3354 1743/2355/3355 2325/2362/3351
f 1743/2355/3355 585/2045/2683 1750/2052/2682 2325/2362/3351
s 273
usemtl man5_clean:eyeMUD_shoeF_lambert2SG
f 2804/2363/3356 2327/2364/3357 2809/2365/3358 2808/2366/3359
f 2565/2367/3360 2328/2368/3361 2570/2369/3362 2569/2370/3363
f 2446/2371/3364 2329/2372/3365 2451/2373/3366 2450/2374/3367
f 2387/2375/3368 2330/2376/3369 2392/2377/3370 2391/2378/3371
f 2356/2379/3372 2331/2380/3373 2361/2381/3374 2360/2382/3375
f 2340/2383/3376 2332/2384/3377 2346/2385/3378 2345/2386/3379
f 2339/2387/3380 2334/2388/3381 2342/2389/3382 2341/2390/3383
f 2337/2391/3384 2333/2392/3385 2335/2393/3386 2338/2394/3387
f 2326/2395/3388 2337/2391/3384 2338/2394/3387 2336/2396/3389
f 2335/2393/3386 2339/2387/3380 2341/2390/3383 2338/2394/3387
f 2341/2390/3383 2340/2383/3376 2336/2396/3389 2338/2394/3387
f 2342/2389/3382 2332/2384/3377 2340/2383/3376 2341/2390/3383
f 2343/2397/3390 2326/2395/3388 2336/2396/3389 2344/2398/3391
f 2333/2392/3385 2343/2397/3390 2344/2398/3391 2335/2393/3386
f 2336/2396/3389 2340/2383/3376 2345/2386/3379 2344/2398/3391
f 2345/2386/3379 2339/2387/3380 2335/2393/3386 2344/2398/3391
f 2346/2385/3378 2334/2388/3381 2339/2387/3380 2345/2386/3379
f 2349/2399/3392 2347/2400/3393 2354/2401/3394 2353/2402/3395
f 2348/2403/3396 2352/2404/3397 2351/2405/3398 2350/2406/3399
f 2342/2389/3382 2334/2388/3381 2350/2406/3399 2351/2405/3398
f 2349/2399/3392 2332/2384/3377 2342/2389/3382 2351/2405/3398
f 2352/2404/3397 2347/2400/3393 2349/2399/3392 2351/2405/3398
f 2332/2384/3377 2349/2399/3392 2353/2402/3395 2346/2385/3378
f 2353/2402/3395 2350/2406/3399 2334/2388/3381 2346/2385/3378
f 2354/2401/3394 2348/2403/3396 2350/2406/3399 2353/2402/3395
f 2355/2407/3400 2359/2408/3401 2358/2409/3402 2357/2410/3403
f 2352/2404/3397 2348/2403/3396 2357/2410/3403 2358/2409/3402
f 2356/2379/3372 2347/2400/3393 2352/2404/3397 2358/2409/3402
f 2359/2408/3401 2331/2380/3373 2356/2379/3372 2358/2409/3402
f 2347/2400/3393 2356/2379/3372 2360/2382/3375 2354/2401/3394
f 2360/2382/3375 2357/2410/3403 2348/2403/3396 2354/2401/3394
f 2361/2381/3374 2355/2407/3400 2357/2410/3403 2360/2382/3375
f 2372/2411/3404 2362/2412/3405 2377/2413/3406 2376/2414/3407
f 2365/2415/3408 2363/2416/3409 2370/2417/3410 2369/2418/3411
f 2364/2419/3412 2368/2420/3413 2367/2421/3414 2366/2422/3415
f 2359/2408/3401 2355/2407/3400 2366/2422/3415 2367/2421/3414
f 2365/2415/3408 2331/2380/3373 2359/2408/3401 2367/2421/3414
f 2368/2420/3413 2363/2416/3409 2365/2415/3408 2367/2421/3414
f 2331/2380/3373 2365/2415/3408 2369/2418/3411 2361/2381/3374
f 2369/2418/3411 2366/2422/3415 2355/2407/3400 2361/2381/3374
f 2370/2417/3410 2364/2419/3412 2366/2422/3415 2369/2418/3411
f 2371/2423/3416 2375/2424/3417 2374/2425/3418 2373/2426/3419
f 2368/2420/3413 2364/2419/3412 2373/2426/3419 2374/2425/3418
f 2372/2411/3404 2363/2416/3409 2368/2420/3413 2374/2425/3418
f 2375/2424/3417 2362/2412/3405 2372/2411/3404 2374/2425/3418
f 2363/2416/3409 2372/2411/3404 2376/2414/3407 2370/2417/3410
f 2376/2414/3407 2373/2426/3419 2364/2419/3412 2370/2417/3410
f 2377/2413/3406 2371/2423/3416 2373/2426/3419 2376/2414/3407
f 2380/2427/3420 2378/2428/3421 2385/2429/3422 2384/2430/3423
f 2379/2431/3424 2383/2432/3425 2382/2433/3426 2381/2434/3427
f 2375/2424/3417 2371/2423/3416 2381/2434/3427 2382/2433/3426
f 2380/2427/3420 2362/2412/3405 2375/2424/3417 2382/2433/3426
f 2383/2432/3425 2378/2428/3421 2380/2427/3420 2382/2433/3426
f 2362/2412/3405 2380/2427/3420 2384/2430/3423 2377/2413/3406
f 2384/2430/3423 2381/2434/3427 2371/2423/3416 2377/2413/3406
f 2385/2429/3422 2379/2431/3424 2381/2434/3427 2384/2430/3423
f 2386/2435/3428 2390/2436/3429 2389/2437/3430 2388/2438/3431
f 2383/2432/3425 2379/2431/3424 2388/2438/3431 2389/2437/3430
f 2387/2375/3368 2378/2428/3421 2383/2432/3425 2389/2437/3430
f 2390/2436/3429 2330/2376/3369 2387/2375/3368 2389/2437/3430
f 2378/2428/3421 2387/2375/3368 2391/2378/3371 2385/2429/3422
f 2391/2378/3371 2388/2438/3431 2379/2431/3424 2385/2429/3422
f 2392/2377/3370 2386/2435/3428 2388/2438/3431 2391/2378/3371
f 2415/2439/3432 2393/2440/3433 2420/2441/3434 2419/2442/3435
f 2399/2443/3436 2394/2444/3437 2405/2445/3438 2404/2446/3439
f 2395/2447/3440 2402/2448/3441 2401/2449/3442 2400/2450/3443
f 2390/2436/3429 2386/2435/3428 2397/2451/3444 2398/2452/3445
f 2396/2453/3446 2330/2376/3369 2390/2436/3429 2398/2452/3445
f 2398/2452/3445 2397/2451/3444 2400/2450/3443 2401/2449/3442
f 2399/2443/3436 2396/2453/3446 2398/2452/3445 2401/2449/3442
f 2402/2448/3441 2394/2444/3437 2399/2443/3436 2401/2449/3442
f 2330/2376/3369 2396/2453/3446 2403/2454/3447 2392/2377/3370
f 2403/2454/3447 2397/2451/3444 2386/2435/3428 2392/2377/3370
f 2396/2453/3446 2399/2443/3436 2404/2446/3439 2403/2454/3447
f 2404/2446/3439 2400/2450/3443 2397/2451/3444 2403/2454/3447
f 2405/2445/3438 2395/2447/3440 2400/2450/3443 2404/2446/3439
f 2408/2455/3448 2406/2456/3449 2413/2457/3450 2412/2458/3451
f 2407/2459/3452 2411/2460/3453 2410/2461/3454 2409/2462/3455
f 2402/2448/3441 2395/2447/3440 2409/2462/3455 2410/2461/3454
f 2408/2455/3448 2394/2444/3437 2402/2448/3441 2410/2461/3454
f 2411/2460/3453 2406/2456/3449 2408/2455/3448 2410/2461/3454
f 2394/2444/3437 2408/2455/3448 2412/2458/3451 2405/2445/3438
f 2412/2458/3451 2409/2462/3455 2395/2447/3440 2405/2445/3438
f 2413/2457/3450 2407/2459/3452 2409/2462/3455 2412/2458/3451
f 2414/2463/3456 2418/2464/3457 2417/2465/3458 2416/2466/3459
f 2411/2460/3453 2407/2459/3452 2416/2466/3459 2417/2465/3458
f 2415/2439/3432 2406/2456/3449 2411/2460/3453 2417/2465/3458
f 2418/2464/3457 2393/2440/3433 2415/2439/3432 2417/2465/3458
f 2406/2456/3449 2415/2439/3432 2419/2442/3435 2413/2457/3450
f 2419/2442/3435 2416/2466/3459 2407/2459/3452 2413/2457/3450
f 2420/2441/3434 2414/2463/3456 2416/2466/3459 2419/2442/3435
f 2431/2467/3460 2421/2468/3461 2436/2469/3462 2435/2470/3463
f 2424/2471/3464 2422/2472/3465 2429/2473/3466 2428/2474/3467
f 2423/2475/3468 2427/2476/3469 2426/2477/3470 2425/2478/3471
f 2418/2464/3457 2414/2463/3456 2425/2478/3471 2426/2477/3470
f 2424/2471/3464 2393/2440/3433 2418/2464/3457 2426/2477/3470
f 2427/2476/3469 2422/2472/3465 2424/2471/3464 2426/2477/3470
f 2393/2440/3433 2424/2471/3464 2428/2474/3467 2420/2441/3434
f 2428/2474/3467 2425/2478/3471 2414/2463/3456 2420/2441/3434
f 2429/2473/3466 2423/2475/3468 2425/2478/3471 2428/2474/3467
f 2430/2479/3472 2434/2480/3473 2433/2481/3474 2432/2482/3475
f 2427/2476/3469 2423/2475/3468 2432/2482/3475 2433/2481/3474
f 2431/2467/3460 2422/2472/3465 2427/2476/3469 2433/2481/3474
f 2434/2480/3473 2421/2468/3461 2431/2467/3460 2433/2481/3474
f 2422/2472/3465 2431/2467/3460 2435/2470/3463 2429/2473/3466
f 2435/2470/3463 2432/2482/3475 2423/2475/3468 2429/2473/3466
f 2436/2469/3462 2430/2479/3472 2432/2482/3475 2435/2470/3463
f 2439/2483/3476 2437/2484/3477 2444/2485/3478 2443/2486/3479
f 2438/2487/3480 2442/2488/3481 2441/2489/3482 2440/2490/3483
f 2434/2480/3473 2430/2479/3472 2440/2490/3483 2441/2489/3482
f 2439/2483/3476 2421/2468/3461 2434/2480/3473 2441/2489/3482
f 2442/2488/3481 2437/2484/3477 2439/2483/3476 2441/2489/3482
f 2421/2468/3461 2439/2483/3476 2443/2486/3479 2436/2469/3462
f 2443/2486/3479 2440/2490/3483 2430/2479/3472 2436/2469/3462
f 2444/2485/3478 2438/2487/3480 2440/2490/3483 2443/2486/3479
f 2445/2491/3484 2449/2492/3485 2448/2493/3486 2447/2494/3487
f 2442/2488/3481 2438/2487/3480 2447/2494/3487 2448/2493/3486
f 2446/2371/3364 2437/2484/3477 2442/2488/3481 2448/2493/3486
f 2449/2492/3485 2329/2372/3365 2446/2371/3364 2448/2493/3486
f 2437/2484/3477 2446/2371/3364 2450/2374/3367 2444/2485/3478
f 2450/2374/3367 2447/2494/3487 2438/2487/3480 2444/2485/3478
f 2451/2373/3366 2445/2491/3484 2447/2494/3487 2450/2374/3367
f 2506/2495/3488 2452/2496/3489 2511/2497/3490 2510/2498/3491
f 2475/2499/3492 2453/2500/3493 2480/2501/3494 2479/2502/3495
f 2459/2503/3496 2454/2504/3497 2465/2505/3498 2464/2506/3499
f 2455/2507/3500 2462/2508/3501 2461/2509/3502 2460/2510/3503
f 2449/2492/3485 2445/2491/3484 2457/2511/3504 2458/2512/3505
f 2456/2513/3506 2329/2372/3365 2449/2492/3485 2458/2512/3505
f 2458/2512/3505 2457/2511/3504 2460/2510/3503 2461/2509/3502
f 2459/2503/3496 2456/2513/3506 2458/2512/3505 2461/2509/3502
f 2462/2508/3501 2454/2504/3497 2459/2503/3496 2461/2509/3502
f 2329/2372/3365 2456/2513/3506 2463/2514/3507 2451/2373/3366
f 2463/2514/3507 2457/2511/3504 2445/2491/3484 2451/2373/3366
f 2456/2513/3506 2459/2503/3496 2464/2506/3499 2463/2514/3507
f 2464/2506/3499 2460/2510/3503 2457/2511/3504 2463/2514/3507
f 2465/2505/3498 2455/2507/3500 2460/2510/3503 2464/2506/3499
f 2468/2515/3508 2466/2516/3509 2473/2517/3510 2472/2518/3511
f 2467/2519/3512 2471/2520/3513 2470/2521/3514 2469/2522/3515
f 2462/2508/3501 2455/2507/3500 2469/2522/3515 2470/2521/3514
f 2468/2515/3508 2454/2504/3497 2462/2508/3501 2470/2521/3514
f 2471/2520/3513 2466/2516/3509 2468/2515/3508 2470/2521/3514
f 2454/2504/3497 2468/2515/3508 2472/2518/3511 2465/2505/3498
f 2472/2518/3511 2469/2522/3515 2455/2507/3500 2465/2505/3498
f 2473/2517/3510 2467/2519/3512 2469/2522/3515 2472/2518/3511
f 2474/2523/3516 2478/2524/3517 2477/2525/3518 2476/2526/3519
f 2471/2520/3513 2467/2519/3512 2476/2526/3519 2477/2525/3518
f 2475/2499/3492 2466/2516/3509 2471/2520/3513 2477/2525/3518
f 2478/2524/3517 2453/2500/3493 2475/2499/3492 2477/2525/3518
f 2466/2516/3509 2475/2499/3492 2479/2502/3495 2473/2517/3510
f 2479/2502/3495 2476/2526/3519 2467/2519/3512 2473/2517/3510
f 2480/2501/3494 2474/2523/3516 2476/2526/3519 2479/2502/3495
f 2491/2527/3520 2481/2528/3521 2496/2529/3522 2495/2530/3523
f 2484/2531/3524 2482/2532/3525 2489/2533/3526 2488/2534/3527
f 2483/2535/3528 2487/2536/3529 2486/2537/3530 2485/2538/3531
f 2478/2524/3517 2474/2523/3516 2485/2538/3531 2486/2537/3530
f 2484/2531/3524 2453/2500/3493 2478/2524/3517 2486/2537/3530
f 2487/2536/3529 2482/2532/3525 2484/2531/3524 2486/2537/3530
f 2453/2500/3493 2484/2531/3524 2488/2534/3527 2480/2501/3494
f 2488/2534/3527 2485/2538/3531 2474/2523/3516 2480/2501/3494
f 2489/2533/3526 2483/2535/3528 2485/2538/3531 2488/2534/3527
f 2490/2539/3532 2494/2540/3533 2493/2541/3534 2492/2542/3535
f 2487/2536/3529 2483/2535/3528 2492/2542/3535 2493/2541/3534
f 2491/2527/3520 2482/2532/3525 2487/2536/3529 2493/2541/3534
f 2494/2540/3533 2481/2528/3521 2491/2527/3520 2493/2541/3534
f 2482/2532/3525 2491/2527/3520 2495/2530/3523 2489/2533/3526
f 2495/2530/3523 2492/2542/3535 2483/2535/3528 2489/2533/3526
f 2496/2529/3522 2490/2539/3532 2492/2542/3535 2495/2530/3523
f 2499/2543/3536 2497/2544/3537 2504/2545/3538 2503/2546/3539
f 2498/2547/3540 2502/2548/3541 2501/2549/3542 2500/2550/3543
f 2494/2540/3533 2490/2539/3532 2500/2550/3543 2501/2549/3542
f 2499/2543/3536 2481/2528/3521 2494/2540/3533 2501/2549/3542
f 2502/2548/3541 2497/2544/3537 2499/2543/3536 2501/2549/3542
f 2481/2528/3521 2499/2543/3536 2503/2546/3539 2496/2529/3522
f 2503/2546/3539 2500/2550/3543 2490/2539/3532 2496/2529/3522
f 2504/2545/3538 2498/2547/3540 2500/2550/3543 2503/2546/3539
f 2505/2551/3544 2509/2552/3545 2508/2553/3546 2507/2554/3547
f 2502/2548/3541 2498/2547/3540 2507/2554/3547 2508/2553/3546
f 2506/2495/3488 2497/2544/3537 2502/2548/3541 2508/2553/3546
f 2509/2552/3545 2452/2496/3489 2506/2495/3488 2508/2553/3546
f 2497/2544/3537 2506/2495/3488 2510/2498/3491 2504/2545/3538
f 2510/2498/3491 2507/2554/3547 2498/2547/3540 2504/2545/3538
f 2511/2497/3490 2505/2551/3544 2507/2554/3547 2510/2498/3491
f 2534/2555/3548 2512/2556/3549 2539/2557/3550 2538/2558/3551
f 2518/2559/3552 2513/2560/3553 2524/2561/3554 2523/2562/3555
f 2514/2563/3556 2521/2564/3557 2520/2565/3558 2519/2566/3559
f 2509/2552/3545 2505/2551/3544 2516/2567/3560 2517/2568/3561
f 2515/2569/3562 2452/2496/3489 2509/2552/3545 2517/2568/3561
f 2517/2568/3561 2516/2567/3560 2519/2566/3559 2520/2565/3558
f 2518/2559/3552 2515/2569/3562 2517/2568/3561 2520/2565/3558
f 2521/2564/3557 2513/2560/3553 2518/2559/3552 2520/2565/3558
f 2452/2496/3489 2515/2569/3562 2522/2570/3563 2511/2497/3490
f 2522/2570/3563 2516/2567/3560 2505/2551/3544 2511/2497/3490
f 2515/2569/3562 2518/2559/3552 2523/2562/3555 2522/2570/3563
f 2523/2562/3555 2519/2566/3559 2516/2567/3560 2522/2570/3563
f 2524/2561/3554 2514/2563/3556 2519/2566/3559 2523/2562/3555
f 2527/2571/3564 2525/2572/3565 2532/2573/3566 2531/2574/3567
f 2526/2575/3568 2530/2576/3569 2529/2577/3570 2528/2578/3571
f 2521/2564/3557 2514/2563/3556 2528/2578/3571 2529/2577/3570
f 2527/2571/3564 2513/2560/3553 2521/2564/3557 2529/2577/3570
f 2530/2576/3569 2525/2572/3565 2527/2571/3564 2529/2577/3570
f 2513/2560/3553 2527/2571/3564 2531/2574/3567 2524/2561/3554
f 2531/2574/3567 2528/2578/3571 2514/2563/3556 2524/2561/3554
f 2532/2573/3566 2526/2575/3568 2528/2578/3571 2531/2574/3567
f 2533/2579/3572 2537/2580/3573 2536/2581/3574 2535/2582/3575
f 2530/2576/3569 2526/2575/3568 2535/2582/3575 2536/2581/3574
f 2534/2555/3548 2525/2572/3565 2530/2576/3569 2536/2581/3574
f 2537/2580/3573 2512/2556/3549 2534/2555/3548 2536/2581/3574
f 2525/2572/3565 2534/2555/3548 2538/2558/3551 2532/2573/3566
f 2538/2558/3551 2535/2582/3575 2526/2575/3568 2532/2573/3566
f 2539/2557/3550 2533/2579/3572 2535/2582/3575 2538/2558/3551
f 2550/2583/3576 2540/2584/3577 2555/2585/3578 2554/2586/3579
f 2543/2587/3580 2541/2588/3581 2548/2589/3582 2547/2590/3583
f 2542/2591/3584 2546/2592/3585 2545/2593/3586 2544/2594/3587
f 2537/2580/3573 2533/2579/3572 2544/2594/3587 2545/2593/3586
f 2543/2587/3580 2512/2556/3549 2537/2580/3573 2545/2593/3586
f 2546/2592/3585 2541/2588/3581 2543/2587/3580 2545/2593/3586
f 2512/2556/3549 2543/2587/3580 2547/2590/3583 2539/2557/3550
f 2547/2590/3583 2544/2594/3587 2533/2579/3572 2539/2557/3550
f 2548/2589/3582 2542/2591/3584 2544/2594/3587 2547/2590/3583
f 2549/2595/3588 2553/2596/3589 2552/2597/3590 2551/2598/3591
f 2546/2592/3585 2542/2591/3584 2551/2598/3591 2552/2597/3590
f 2550/2583/3576 2541/2588/3581 2546/2592/3585 2552/2597/3590
f 2553/2596/3589 2540/2584/3577 2550/2583/3576 2552/2597/3590
f 2541/2588/3581 2550/2583/3576 2554/2586/3579 2548/2589/3582
f 2554/2586/3579 2551/2598/3591 2542/2591/3584 2548/2589/3582
f 2555/2585/3578 2549/2595/3588 2551/2598/3591 2554/2586/3579
f 2558/2599/3592 2556/2600/3593 2563/2601/3594 2562/2602/3595
f 2557/2603/3596 2561/2604/3597 2560/2605/3598 2559/2606/3599
f 2553/2596/3589 2549/2595/3588 2559/2606/3599 2560/2605/3598
f 2558/2599/3592 2540/2584/3577 2553/2596/3589 2560/2605/3598
f 2561/2604/3597 2556/2600/3593 2558/2599/3592 2560/2605/3598
f 2540/2584/3577 2558/2599/3592 2562/2602/3595 2555/2585/3578
f 2562/2602/3595 2559/2606/3599 2549/2595/3588 2555/2585/3578
f 2563/2601/3594 2557/2603/3596 2559/2606/3599 2562/2602/3595
f 2564/2607/3600 2568/2608/3601 2567/2609/3602 2566/2610/3603
f 2561/2604/3597 2557/2603/3596 2566/2610/3603 2567/2609/3602
f 2565/2367/3360 2556/2600/3593 2561/2604/3597 2567/2609/3602
f 2568/2608/3601 2328/2368/3361 2565/2367/3360 2567/2609/3602
f 2556/2600/3593 2565/2367/3360 2569/2370/3363 2563/2601/3594
f 2569/2370/3363 2566/2610/3603 2557/2603/3596 2563/2601/3594
f 2570/2369/3362 2564/2607/3600 2566/2610/3603 2569/2370/3363
f 2685/2611/3604 2571/2612/3605 2690/2613/3606 2689/2614/3607
f 2626/2615/3608 2572/2616/3609 2631/2617/3610 2630/2618/3611
f 2595/2619/3612 2573/2620/3613 2600/2621/3614 2599/2622/3615
f 2579/2623/3616 2574/2624/3617 2585/2625/3618 2584/2626/3619
f 2575/2627/3620 2582/2628/3621 2581/2629/3622 2580/2630/3623
f 2568/2608/3601 2564/2607/3600 2577/2631/3624 2578/2632/3625
f 2576/2633/3626 2328/2368/3361 2568/2608/3601 2578/2632/3625
f 2578/2632/3625 2577/2631/3624 2580/2630/3623 2581/2629/3622
f 2579/2623/3616 2576/2633/3626 2578/2632/3625 2581/2629/3622
f 2582/2628/3621 2574/2624/3617 2579/2623/3616 2581/2629/3622
f 2328/2368/3361 2576/2633/3626 2583/2634/3627 2570/2369/3362
f 2583/2634/3627 2577/2631/3624 2564/2607/3600 2570/2369/3362
f 2576/2633/3626 2579/2623/3616 2584/2626/3619 2583/2634/3627
f 2584/2626/3619 2580/2630/3623 2577/2631/3624 2583/2634/3627
f 2585/2625/3618 2575/2627/3620 2580/2630/3623 2584/2626/3619
f 2588/2635/3628 2586/2636/3629 2593/2637/3630 2592/2638/3631
f 2587/2639/3632 2591/2640/3633 2590/2641/3634 2589/2642/3635
f 2582/2628/3621 2575/2627/3620 2589/2642/3635 2590/2641/3634
f 2588/2635/3628 2574/2624/3617 2582/2628/3621 2590/2641/3634
f 2591/2640/3633 2586/2636/3629 2588/2635/3628 2590/2641/3634
f 2574/2624/3617 2588/2635/3628 2592/2638/3631 2585/2625/3618
f 2592/2638/3631 2589/2642/3635 2575/2627/3620 2585/2625/3618
f 2593/2637/3630 2587/2639/3632 2589/2642/3635 2592/2638/3631
f 2594/2643/3636 2598/2644/3637 2597/2645/3638 2596/2646/3639
f 2591/2640/3633 2587/2639/3632 2596/2646/3639 2597/2645/3638
f 2595/2619/3612 2586/2636/3629 2591/2640/3633 2597/2645/3638
f 2598/2644/3637 2573/2620/3613 2595/2619/3612 2597/2645/3638
f 2586/2636/3629 2595/2619/3612 2599/2622/3615 2593/2637/3630
f 2599/2622/3615 2596/2646/3639 2587/2639/3632 2593/2637/3630
f 2600/2621/3614 2594/2643/3636 2596/2646/3639 2599/2622/3615
f 2611/2647/3640 2601/2648/3641 2616/2649/3642 2615/2650/3643
f 2604/2651/3644 2602/2652/3645 2609/2653/3646 2608/2654/3647
f 2603/2655/3648 2607/2656/3649 2606/2657/3650 2605/2658/3651
f 2598/2644/3637 2594/2643/3636 2605/2658/3651 2606/2657/3650
f 2604/2651/3644 2573/2620/3613 2598/2644/3637 2606/2657/3650
f 2607/2656/3649 2602/2652/3645 2604/2651/3644 2606/2657/3650
f 2573/2620/3613 2604/2651/3644 2608/2654/3647 2600/2621/3614
f 2608/2654/3647 2605/2658/3651 2594/2643/3636 2600/2621/3614
f 2609/2653/3646 2603/2655/3648 2605/2658/3651 2608/2654/3647
f 2610/2659/3652 2614/2660/3653 2613/2661/3654 2612/2662/3655
f 2607/2656/3649 2603/2655/3648 2612/2662/3655 2613/2661/3654
f 2611/2647/3640 2602/2652/3645 2607/2656/3649 2613/2661/3654
f 2614/2660/3653 2601/2648/3641 2611/2647/3640 2613/2661/3654
f 2602/2652/3645 2611/2647/3640 2615/2650/3643 2609/2653/3646
f 2615/2650/3643 2612/2662/3655 2603/2655/3648 2609/2653/3646
f 2616/2649/3642 2610/2659/3652 2612/2662/3655 2615/2650/3643
f 2619/2663/3656 2617/2664/3657 2624/2665/3658 2623/2666/3659
f 2618/2667/3660 2622/2668/3661 2621/2669/3662 2620/2670/3663
f 2614/2660/3653 2610/2659/3652 2620/2670/3663 2621/2669/3662
f 2619/2663/3656 2601/2648/3641 2614/2660/3653 2621/2669/3662
f 2622/2668/3661 2617/2664/3657 2619/2663/3656 2621/2669/3662
f 2601/2648/3641 2619/2663/3656 2623/2666/3659 2616/2649/3642
f 2623/2666/3659 2620/2670/3663 2610/2659/3652 2616/2649/3642
f 2624/2665/3658 2618/2667/3660 2620/2670/3663 2623/2666/3659
f 2625/2671/3664 2629/2672/3665 2628/2673/3666 2627/2674/3667
f 2622/2668/3661 2618/2667/3660 2627/2674/3667 2628/2673/3666
f 2626/2615/3608 2617/2664/3657 2622/2668/3661 2628/2673/3666
f 2629/2672/3665 2572/2616/3609 2626/2615/3608 2628/2673/3666
f 2617/2664/3657 2626/2615/3608 2630/2618/3611 2624/2665/3658
f 2630/2618/3611 2627/2674/3667 2618/2667/3660 2624/2665/3658
f 2631/2617/3610 2625/2671/3664 2627/2674/3667 2630/2618/3611
f 2654/2675/3668 2632/2676/3669 2659/2677/3670 2658/2678/3671
f 2638/2679/3672 2633/2680/3673 2644/2681/3674 2643/2682/3675
f 2634/2683/3676 2641/2684/3677 2640/2685/3678 2639/2686/3679
f 2629/2672/3665 2625/2671/3664 2636/2687/3680 2637/2688/3681
f 2635/2689/3682 2572/2616/3609 2629/2672/3665 2637/2688/3681
f 2637/2688/3681 2636/2687/3680 2639/2686/3679 2640/2685/3678
f 2638/2679/3672 2635/2689/3682 2637/2688/3681 2640/2685/3678
f 2641/2684/3677 2633/2680/3673 2638/2679/3672 2640/2685/3678
f 2572/2616/3609 2635/2689/3682 2642/2690/3683 2631/2617/3610
f 2642/2690/3683 2636/2687/3680 2625/2671/3664 2631/2617/3610
f 2635/2689/3682 2638/2679/3672 2643/2682/3675 2642/2690/3683
f 2643/2682/3675 2639/2686/3679 2636/2687/3680 2642/2690/3683
f 2644/2681/3674 2634/2683/3676 2639/2686/3679 2643/2682/3675
f 2647/2691/3684 2645/2692/3685 2652/2693/3686 2651/2694/3687
f 2646/2695/3688 2650/2696/3689 2649/2697/3690 2648/2698/3691
f 2641/2684/3677 2634/2683/3676 2648/2698/3691 2649/2697/3690
f 2647/2691/3684 2633/2680/3673 2641/2684/3677 2649/2697/3690
f 2650/2696/3689 2645/2692/3685 2647/2691/3684 2649/2697/3690
f 2633/2680/3673 2647/2691/3684 2651/2694/3687 2644/2681/3674
f 2651/2694/3687 2648/2698/3691 2634/2683/3676 2644/2681/3674
f 2652/2693/3686 2646/2695/3688 2648/2698/3691 2651/2694/3687
f 2653/2699/3692 2657/2700/3693 2656/2701/3694 2655/2702/3695
f 2650/2696/3689 2646/2695/3688 2655/2702/3695 2656/2701/3694
f 2654/2675/3668 2645/2692/3685 2650/2696/3689 2656/2701/3694
f 2657/2700/3693 2632/2676/3669 2654/2675/3668 2656/2701/3694
f 2645/2692/3685 2654/2675/3668 2658/2678/3671 2652/2693/3686
f 2658/2678/3671 2655/2702/3695 2646/2695/3688 2652/2693/3686
f 2659/2677/3670 2653/2699/3692 2655/2702/3695 2658/2678/3671
f 2670/2703/3696 2660/2704/3697 2675/2705/3698 2674/2706/3699
f 2663/2707/3700 2661/2708/3701 2668/2709/3702 2667/2710/3703
f 2662/2711/3704 2666/2712/3705 2665/2713/3706 2664/2714/3707
f 2657/2700/3693 2653/2699/3692 2664/2714/3707 2665/2713/3706
f 2663/2707/3700 2632/2676/3669 2657/2700/3693 2665/2713/3706
f 2666/2712/3705 2661/2708/3701 2663/2707/3700 2665/2713/3706
f 2632/2676/3669 2663/2707/3700 2667/2710/3703 2659/2677/3670
f 2667/2710/3703 2664/2714/3707 2653/2699/3692 2659/2677/3670
f 2668/2709/3702 2662/2711/3704 2664/2714/3707 2667/2710/3703
f 2669/2715/3708 2673/2716/3709 2672/2717/3710 2671/2718/3711
f 2666/2712/3705 2662/2711/3704 2671/2718/3711 2672/2717/3710
f 2670/2703/3696 2661/2708/3701 2666/2712/3705 2672/2717/3710
f 2673/2716/3709 2660/2704/3697 2670/2703/3696 2672/2717/3710
f 2661/2708/3701 2670/2703/3696 2674/2706/3699 2668/2709/3702
f 2674/2706/3699 2671/2718/3711 2662/2711/3704 2668/2709/3702
f 2675/2705/3698 2669/2715/3708 2671/2718/3711 2674/2706/3699
f 2678/2719/3712 2676/2720/3713 2683/2721/3714 2682/2722/3715
f 2677/2723/3716 2681/2724/3717 2680/2725/3718 2679/2726/3719
f 2673/2716/3709 2669/2715/3708 2679/2726/3719 2680/2725/3718
f 2678/2719/3712 2660/2704/3697 2673/2716/3709 2680/2725/3718
f 2681/2724/3717 2676/2720/3713 2678/2719/3712 2680/2725/3718
f 2660/2704/3697 2678/2719/3712 2682/2722/3715 2675/2705/3698
f 2682/2722/3715 2679/2726/3719 2669/2715/3708 2675/2705/3698
f 2683/2721/3714 2677/2723/3716 2679/2726/3719 2682/2722/3715
f 2684/2727/3720 2688/2728/3721 2687/2729/3722 2686/2730/3723
f 2681/2724/3717 2677/2723/3716 2686/2730/3723 2687/2729/3722
f 2685/2611/3604 2676/2720/3713 2681/2724/3717 2687/2729/3722
f 2688/2728/3721 2571/2612/3605 2685/2611/3604 2687/2729/3722
f 2676/2720/3713 2685/2611/3604 2689/2614/3607 2683/2721/3714
f 2689/2614/3607 2686/2730/3723 2677/2723/3716 2683/2721/3714
f 2690/2613/3606 2684/2727/3720 2686/2730/3723 2689/2614/3607
f 2745/2731/3724 2691/2732/3725 2750/2733/3726 2749/2734/3727
f 2714/2735/3728 2692/2736/3729 2719/2737/3730 2718/2738/3731
f 2698/2739/3732 2693/2740/3733 2704/2741/3734 2703/2742/3735
f 2694/2743/3736 2701/2744/3737 2700/2745/3738 2699/2746/3739
f 2688/2728/3721 2684/2727/3720 2696/2747/3740 2697/2748/3741
f 2695/2749/3742 2571/2612/3605 2688/2728/3721 2697/2748/3741
f 2697/2748/3741 2696/2747/3740 2699/2746/3739 2700/2745/3738
f 2698/2739/3732 2695/2749/3742 2697/2748/3741 2700/2745/3738
f 2701/2744/3737 2693/2740/3733 2698/2739/3732 2700/2745/3738
f 2571/2612/3605 2695/2749/3742 2702/2750/3743 2690/2613/3606
f 2702/2750/3743 2696/2747/3740 2684/2727/3720 2690/2613/3606
f 2695/2749/3742 2698/2739/3732 2703/2742/3735 2702/2750/3743
f 2703/2742/3735 2699/2746/3739 2696/2747/3740 2702/2750/3743
f 2704/2741/3734 2694/2743/3736 2699/2746/3739 2703/2742/3735
f 2707/2751/3744 2705/2752/3745 2712/2753/3746 2711/2754/3747
f 2706/2755/3748 2710/2756/3749 2709/2757/3750 2708/2758/3751
f 2701/2744/3737 2694/2743/3736 2708/2758/3751 2709/2757/3750
f 2707/2751/3744 2693/2740/3733 2701/2744/3737 2709/2757/3750
f 2710/2756/3749 2705/2752/3745 2707/2751/3744 2709/2757/3750
f 2693/2740/3733 2707/2751/3744 2711/2754/3747 2704/2741/3734
f 2711/2754/3747 2708/2758/3751 2694/2743/3736 2704/2741/3734
f 2712/2753/3746 2706/2755/3748 2708/2758/3751 2711/2754/3747
f 2713/2759/3752 2717/2760/3753 2716/2761/3754 2715/2762/3755
f 2710/2756/3749 2706/2755/3748 2715/2762/3755 2716/2761/3754
f 2714/2735/3728 2705/2752/3745 2710/2756/3749 2716/2761/3754
f 2717/2760/3753 2692/2736/3729 2714/2735/3728 2716/2761/3754
f 2705/2752/3745 2714/2735/3728 2718/2738/3731 2712/2753/3746
f 2718/2738/3731 2715/2762/3755 2706/2755/3748 2712/2753/3746
f 2719/2737/3730 2713/2759/3752 2715/2762/3755 2718/2738/3731
f 2730/2763/3756 2720/2764/3757 2735/2765/3758 2734/2766/3759
f 2723/2767/3760 2721/2768/3761 2728/2769/3762 2727/2770/3763
f 2722/2771/3764 2726/2772/3765 2725/2773/3766 2724/2774/3767
f 2717/2760/3753 2713/2759/3752 2724/2774/3767 2725/2773/3766
f 2723/2767/3760 2692/2736/3729 2717/2760/3753 2725/2773/3766
f 2726/2772/3765 2721/2768/3761 2723/2767/3760 2725/2773/3766
f 2692/2736/3729 2723/2767/3760 2727/2770/3763 2719/2737/3730
f 2727/2770/3763 2724/2774/3767 2713/2759/3752 2719/2737/3730
f 2728/2769/3762 2722/2771/3764 2724/2774/3767 2727/2770/3763
f 2729/2775/3768 2733/2776/3769 2732/2777/3770 2731/2778/3771
f 2726/2772/3765 2722/2771/3764 2731/2778/3771 2732/2777/3770
f 2730/2763/3756 2721/2768/3761 2726/2772/3765 2732/2777/3770
f 2733/2776/3769 2720/2764/3757 2730/2763/3756 2732/2777/3770
f 2721/2768/3761 2730/2763/3756 2734/2766/3759 2728/2769/3762
f 2734/2766/3759 2731/2778/3771 2722/2771/3764 2728/2769/3762
f 2735/2765/3758 2729/2775/3768 2731/2778/3771 2734/2766/3759
f 2738/2779/3772 2736/2780/3773 2743/2781/3774 2742/2782/3775
f 2737/2783/3776 2741/2784/3777 2740/2785/3778 2739/2786/3779
f 2733/2776/3769 2729/2775/3768 2739/2786/3779 2740/2785/3778
f 2738/2779/3772 2720/2764/3757 2733/2776/3769 2740/2785/3778
f 2741/2784/3777 2736/2780/3773 2738/2779/3772 2740/2785/3778
f 2720/2764/3757 2738/2779/3772 2742/2782/3775 2735/2765/3758
f 2742/2782/3775 2739/2786/3779 2729/2775/3768 2735/2765/3758
f 2743/2781/3774 2737/2783/3776 2739/2786/3779 2742/2782/3775
f 2744/2787/3780 2748/2788/3781 2747/2789/3782 2746/2790/3783
f 2741/2784/3777 2737/2783/3776 2746/2790/3783 2747/2789/3782
f 2745/2731/3724 2736/2780/3773 2741/2784/3777 2747/2789/3782
f 2748/2788/3781 2691/2732/3725 2745/2731/3724 2747/2789/3782
f 2736/2780/3773 2745/2731/3724 2749/2734/3727 2743/2781/3774
f 2749/2734/3727 2746/2790/3783 2737/2783/3776 2743/2781/3774
f 2750/2733/3726 2744/2787/3780 2746/2790/3783 2749/2734/3727
f 2773/2791/3784 2751/2792/3785 2778/2793/3786 2777/2794/3787
f 2757/2795/3788 2752/2796/3789 2763/2797/3790 2762/2798/3791
f 2753/2799/3792 2760/2800/3793 2759/2801/3794 2758/2802/3795
f 2748/2788/3781 2744/2787/3780 2755/2803/3796 2756/2804/3797
f 2754/2805/3798 2691/2732/3725 2748/2788/3781 2756/2804/3797
f 2756/2804/3797 2755/2803/3796 2758/2802/3795 2759/2801/3794
f 2757/2795/3788 2754/2805/3798 2756/2804/3797 2759/2801/3794
f 2760/2800/3793 2752/2796/3789 2757/2795/3788 2759/2801/3794
f 2691/2732/3725 2754/2805/3798 2761/2806/3799 2750/2733/3726
f 2761/2806/3799 2755/2803/3796 2744/2787/3780 2750/2733/3726
f 2754/2805/3798 2757/2795/3788 2762/2798/3791 2761/2806/3799
f 2762/2798/3791 2758/2802/3795 2755/2803/3796 2761/2806/3799
f 2763/2797/3790 2753/2799/3792 2758/2802/3795 2762/2798/3791
f 2766/2807/3800 2764/2808/3801 2771/2809/3802 2770/2810/3803
f 2765/2811/3804 2769/2812/3805 2768/2813/3806 2767/2814/3807
f 2760/2800/3793 2753/2799/3792 2767/2814/3807 2768/2813/3806
f 2766/2807/3800 2752/2796/3789 2760/2800/3793 2768/2813/3806
f 2769/2812/3805 2764/2808/3801 2766/2807/3800 2768/2813/3806
f 2752/2796/3789 2766/2807/3800 2770/2810/3803 2763/2797/3790
f 2770/2810/3803 2767/2814/3807 2753/2799/3792 2763/2797/3790
f 2771/2809/3802 2765/2811/3804 2767/2814/3807 2770/2810/3803
f 2772/2815/3808 2776/2816/3809 2775/2817/3810 2774/2818/3811
f 2769/2812/3805 2765/2811/3804 2774/2818/3811 2775/2817/3810
f 2773/2791/3784 2764/2808/3801 2769/2812/3805 2775/2817/3810
f 2776/2816/3809 2751/2792/3785 2773/2791/3784 2775/2817/3810
f 2764/2808/3801 2773/2791/3784 2777/2794/3787 2771/2809/3802
f 2777/2794/3787 2774/2818/3811 2765/2811/3804 2771/2809/3802
f 2778/2793/3786 2772/2815/3808 2774/2818/3811 2777/2794/3787
f 2789/2819/3812 2779/2820/3813 2794/2821/3814 2793/2822/3815
f 2782/2823/3816 2780/2824/3817 2787/2825/3818 2786/2826/3819
f 2781/2827/3820 2785/2828/3821 2784/2829/3822 2783/2830/3823
f 2776/2816/3809 2772/2815/3808 2783/2830/3823 2784/2829/3822
f 2782/2823/3816 2751/2792/3785 2776/2816/3809 2784/2829/3822
f 2785/2828/3821 2780/2824/3817 2782/2823/3816 2784/2829/3822
f 2751/2792/3785 2782/2823/3816 2786/2826/3819 2778/2793/3786
f 2786/2826/3819 2783/2830/3823 2772/2815/3808 2778/2793/3786
f 2787/2825/3818 2781/2827/3820 2783/2830/3823 2786/2826/3819
f 2788/2831/3824 2792/2832/3825 2791/2833/3826 2790/2834/3827
f 2785/2828/3821 2781/2827/3820 2790/2834/3827 2791/2833/3826
f 2789/2819/3812 2780/2824/3817 2785/2828/3821 2791/2833/3826
f 2792/2832/3825 2779/2820/3813 2789/2819/3812 2791/2833/3826
f 2780/2824/3817 2789/2819/3812 2793/2822/3815 2787/2825/3818
f 2793/2822/3815 2790/2834/3827 2781/2827/3820 2787/2825/3818
f 2794/2821/3814 2788/2831/3824 2790/2834/3827 2793/2822/3815
f 2797/2835/3828 2795/2836/3829 2802/2837/3830 2801/2838/3831
f 2796/2839/3832 2800/2840/3833 2799/2841/3834 2798/2842/3835
f 2792/2832/3825 2788/2831/3824 2798/2842/3835 2799/2841/3834
f 2797/2835/3828 2779/2820/3813 2792/2832/3825 2799/2841/3834
f 2800/2840/3833 2795/2836/3829 2797/2835/3828 2799/2841/3834
f 2779/2820/3813 2797/2835/3828 2801/2838/3831 2794/2821/3814
f 2801/2838/3831 2798/2842/3835 2788/2831/3824 2794/2821/3814
f 2802/2837/3830 2796/2839/3832 2798/2842/3835 2801/2838/3831
f 2803/2843/3836 2807/2844/3837 2806/2845/3838 2805/2846/3839
f 2800/2840/3833 2796/2839/3832 2805/2846/3839 2806/2845/3838
f 2804/2363/3356 2795/2836/3829 2800/2840/3833 2806/2845/3838
f 2807/2844/3837 2327/2364/3357 2804/2363/3356 2806/2845/3838
f 2795/2836/3829 2804/2363/3356 2808/2366/3359 2802/2837/3830
f 2808/2366/3359 2805/2846/3839 2796/2839/3832 2802/2837/3830
f 2809/2365/3358 2803/2843/3836 2805/2846/3839 2808/2366/3359
g default
v 0.676639 0.475008 2.041156
v 0.652860 0.313473 2.078571
v 1.173745 0.453770 1.987946
v 1.192116 0.302895 2.020479
v 0.979181 1.105974 -1.271476
v 1.019269 0.352312 -1.278981
v 0.619354 1.082577 -1.216950
v 0.582527 0.351709 -1.267307
v 0.418154 0.617838 0.993134
v 1.270999 0.626230 0.860196
v 1.492680 0.090574 0.844942
v 0.354291 0.089855 1.008127
v 1.460510 0.436031 0.842336
v 0.358714 0.429258 1.000983
v 0.654915 0.395266 2.092017
v 1.192286 0.389854 2.033831
v 1.269512 0.517752 -0.365591
v 1.219320 1.022861 -0.482606
v 0.438857 0.941467 -0.370573
v 0.406210 0.424725 -0.241003
v 0.403706 0.280821 -0.367682
v 1.314287 0.281710 -0.486288
v 1.146242 1.217489 -0.127317
v 0.492490 1.065163 -0.070554
v 0.411178 0.506166 0.016811
v 0.416329 0.242453 0.036235
v 1.346993 0.242481 -0.089821
v 1.288795 0.594877 -0.111496
v 1.167050 0.959946 -0.790777
v 0.473167 0.956022 -0.668481
v 0.397871 0.290966 -0.674983
v 1.274698 0.291565 -0.770100
v 1.089096 0.990965 -1.061828
v 0.540859 0.990965 -1.017417
v 0.442155 0.319834 -1.035082
v 1.175840 0.323471 -1.073455
v 1.399460 0.376808 1.342633
v 1.290019 0.515266 1.340641
v 0.483285 0.520199 1.429002
v 0.418388 0.367884 1.439812
v 0.414360 0.136469 1.435473
v 1.409255 0.145960 1.341435
v 1.224960 0.475586 1.765201
v 0.591605 0.471081 1.831684
v 0.539882 0.367048 1.844768
v 0.535212 0.225344 1.825336
v 1.294231 0.229713 1.757483
v 1.289507 0.370436 1.771193
v 0.754431 0.547306 1.815886
v 0.813031 0.514076 2.080028
v 0.822856 0.390162 2.156291
v 0.824028 0.324585 2.144883
v 0.726489 0.356337 -1.346966
v 0.727035 1.152132 -1.352777
v 0.570361 1.150604 0.017245
v 0.668993 1.222795 0.261292
v 0.611636 0.755590 0.963858
v 0.689460 0.612684 1.399781
v 1.038021 0.595819 1.363397
v 1.040385 0.534386 1.789436
v 1.038015 0.499971 2.065996
v 1.041708 0.392365 2.144907
v 1.041269 0.325510 2.133660
v 0.883172 0.356342 -1.356702
v 0.881013 1.156193 -1.361657
v 1.025931 1.272924 0.004017
v 0.930699 1.256639 0.238532
v 1.011160 0.733826 0.905386
v 1.177068 -0.004765 0.900594
v 1.464867 -0.004765 0.855121
v 1.048047 0.217295 2.119365
v 1.082092 0.134752 1.795282
v 1.275508 0.138250 1.778662
v 1.190657 0.209290 2.028313
v 1.055186 0.183353 -0.423333
v 1.295443 0.183353 -0.454978
v 1.086328 0.147614 -0.032105
v 1.324236 0.147614 -0.093157
v 1.133003 0.047848 1.368352
v 1.384627 0.052790 1.355709
v 0.555587 0.134861 1.844948
v 0.655714 0.211281 2.083819
v 0.755325 0.134502 1.829668
v 0.814308 0.217482 2.133893
v 0.712690 0.045832 1.416959
v 0.442557 0.044577 1.447907
v 0.690862 -0.005035 0.972822
v 0.385729 -0.005278 1.010922
v 0.676002 0.147614 -0.005363
v 0.438680 0.147614 0.027408
v 0.658693 0.183353 -0.371170
v 0.426170 0.183353 -0.340417
v 1.518482 0.073475 0.848658
v 1.519672 0.006376 0.849285
v 1.205234 0.299028 2.054424
v 1.316155 0.216499 1.778318
v 1.205994 0.223564 2.060559
v 1.316902 0.148344 1.782046
v 1.045780 0.314205 2.177102
v 1.047594 0.244944 2.198739
v 1.339224 0.266842 -0.493063
v 1.296653 0.281263 -0.788429
v 1.341555 0.194077 -0.502156
v 1.300486 0.210089 -0.791525
v 1.371366 0.225658 -0.099062
v 1.372297 0.158752 -0.100196
v 1.194365 0.313650 -1.100315
v 1.197604 0.242151 -1.104876
v 1.031212 0.342894 -1.313815
v 0.886495 0.347012 -1.395233
v 1.033311 0.271179 -1.319753
v 0.887084 0.275354 -1.401817
v 1.433928 0.131346 1.354836
v 1.434884 0.064919 1.358682
v 0.514269 0.212648 1.849234
v 0.642218 0.301117 2.113545
v 0.513556 0.145479 1.853347
v 0.641997 0.230291 2.119770
v 0.823834 0.314392 2.188606
v 0.825229 0.246065 2.210280
v 0.390239 0.121748 1.450227
v 0.389194 0.055817 1.456498
v 0.328983 0.072802 1.014845
v 0.327881 0.005882 1.016615
v 0.391388 0.225658 0.032123
v 0.390387 0.158752 0.031410
v 0.378167 0.266842 -0.370221
v 0.375657 0.194077 -0.378564
v 0.373928 0.280647 -0.689960
v 0.369760 0.209471 -0.692467
v 0.420735 0.309952 -1.059808
v 0.417006 0.238445 -1.063989
v 0.567647 0.342278 -1.301116
v 0.565057 0.270563 -1.306877
v 0.719995 0.347012 -1.385470
v 0.718869 0.275354 -1.392050
v 1.490052 0.159615 0.843953
v 1.406703 0.191280 1.341174
v 1.291873 0.257065 1.757993
v 1.190761 0.321823 2.020456
v 1.040958 0.337318 2.132529
v 0.823873 0.335339 2.143760
v 0.653993 0.328051 2.078509
v 0.537797 0.252798 1.826298
v 0.417076 0.181116 1.433576
v 0.357123 0.157047 1.006143
v 0.418689 0.319811 0.032357
v 0.406693 0.319044 -0.317727
v 1.304200 0.341507 -0.438646
v 1.344040 0.320427 -0.093326
v 1.046850 -0.038048 -0.510496
v 1.287435 -0.038048 -0.541769
v 1.018205 -0.029690 -0.757010
v 1.249875 -0.029690 -0.783901
v 0.969123 -0.018005 -1.080922
v 1.156083 -0.018005 -1.093636
v 0.894329 -0.002998 -1.344950
v 1.024777 -0.005180 -1.288793
v 0.653451 -0.038048 -0.457761
v 0.636299 -0.029766 -0.713586
v 0.422728 -0.038048 -0.430310
v 0.418382 -0.030230 -0.693314
v 0.644633 -0.018467 -1.052419
v 0.459335 -0.021248 -1.054913
v 0.712808 -0.003077 -1.332679
v 0.576403 -0.006140 -1.273752
v 1.297404 -0.026665 -0.790912
v 1.330721 -0.034391 -0.573850
v 1.194955 -0.014711 -1.103426
v 0.886457 0.006554 -1.398904
v 1.031452 0.000477 -1.317332
v 0.376655 -0.034391 -0.454461
v 0.372886 -0.027285 -0.692250
v 0.419815 -0.018417 -1.062837
v 0.567012 -0.000141 -1.304610
v 0.719646 0.006554 -1.389122
v 1.300486 0.161840 -0.791525
v 1.197604 0.190596 -1.104876
v 1.033311 0.217365 -1.319753
v 0.887084 0.221945 -1.401817
v 0.718869 0.221945 -1.392050
v 0.565057 0.216747 -1.306877
v 0.417006 0.186890 -1.063989
v 0.369760 0.161224 -0.692467
v 0.375060 0.150826 -0.426526
v 0.424046 0.149651 -0.395185
v 0.656035 0.149651 -0.425553
v 1.050646 0.149651 -0.476962
v 1.291790 0.149651 -0.508318
v 1.336621 0.150826 -0.548148
v 1.300486 0.002813 -0.791525
v 1.197604 0.017395 -1.104876
v 1.033311 0.034473 -1.319753
v 0.887084 0.040789 -1.401817
v 0.718869 0.040789 -1.392050
v 0.565057 0.033855 -1.306877
v 0.417006 0.013689 -1.063989
v 0.369760 0.002193 -0.692467
v 0.375060 -0.008518 -0.426526
v 0.424052 -0.010115 -0.395110
v 0.656074 -0.010115 -0.425102
v 1.050653 -0.010115 -0.476887
v 1.291790 -0.010115 -0.508318
v 1.336621 -0.008518 -0.548148
v 1.300486 0.084164 -0.791525
v 1.197604 0.105995 -1.104876
v 1.033311 0.128031 -1.319753
v 0.887084 0.133459 -1.401817
v 0.718869 0.133459 -1.392050
v 0.565057 0.127413 -1.306877
v 0.417006 0.102289 -1.063989
v 0.369760 0.083546 -0.692467
v 0.375060 0.072994 -0.426526
v 0.424046 0.071613 -0.395185
v 0.656035 0.071613 -0.425553
v 1.050646 0.071613 -0.476962
v 1.291790 0.071613 -0.508318
v 1.336621 0.072994 -0.548148
v 1.265702 0.714582 0.688595
v 1.045507 0.903067 0.722097
v 0.614684 0.898714 0.766596
v 0.421600 0.609554 0.703958
v 0.382500 0.459898 0.628336
v 0.376045 0.159870 0.706218
v 0.372054 0.069359 0.717913
v 0.346784 0.051298 0.721135
v 0.345719 -0.015835 0.721690
v 0.401301 -0.026974 0.724012
v 0.691298 -0.026974 0.727987
v 1.166411 -0.026974 0.669643
v 1.444338 -0.026974 0.620992
v 1.497699 -0.015835 0.612753
v 1.496546 0.051298 0.612622
v 1.470949 0.069376 0.613399
v 1.467612 0.161249 0.604454
v 1.404365 0.546715 0.552985
v 0.999495 1.056009 -1.274903
v 1.033688 0.734015 -1.316858
v 0.884990 0.750889 -1.419416
v 0.883963 1.109806 -1.377723
v 0.885676 0.431854 -1.379994
v 1.029158 0.427176 -1.296307
v 1.026545 0.354963 -1.285405
v 0.885653 0.358456 -1.365121
v 1.272678 0.580935 -0.434156
v 1.235467 0.976744 -0.475293
v 1.262141 0.635311 -0.781593
v 1.193566 0.930397 -0.789479
v 0.450225 0.928192 -0.677816
v 0.388510 0.635151 -0.687576
v 0.395486 0.488707 -0.312638
v 0.429448 0.911278 -0.361195
v 0.388383 0.337141 -0.406579
v 0.388646 0.290037 -0.441176
v 0.383643 0.360146 -0.678786
v 0.386544 0.294870 -0.673910
v 1.320238 0.289986 -0.558361
v 1.321141 0.344082 -0.525768
v 1.285871 0.295324 -0.771248
v 1.288047 0.360508 -0.775788
v 1.018025 1.300650 0.010908
v 1.162358 1.179134 -0.116108
v 0.467300 1.004267 -0.059288
v 0.411884 0.611641 0.003559
v 1.284735 0.704462 -0.117393
v 0.513242 0.962894 -1.009396
v 0.432561 0.678991 -1.042887
v 0.428267 0.391436 -1.039993
v 0.431947 0.323278 -1.036471
v 1.185772 0.326599 -1.076947
v 1.188092 0.394232 -1.083423
v 1.182423 0.679794 -1.088922
v 1.114098 0.964739 -1.064443
v 0.600421 1.044470 -1.234522
v 0.556128 0.730297 -1.288459
v 0.569963 0.426361 -1.281792
v 0.575429 0.354445 -1.273341
v 0.721366 0.431810 -1.369727
v 0.723732 0.358385 -1.355467
v 0.715046 0.750380 -1.407068
v 0.723151 1.108021 -1.366179
v 0.573001 1.178658 0.019839
v 1.086834 0.917952 0.720309
v 1.266672 0.753244 0.665077
v 0.420472 0.615997 0.655021
v 0.574457 0.909916 0.767119
v 0.379916 0.520725 0.586971
v 1.381799 0.625149 0.537376
v 0.914460 1.306623 0.095421
v 0.920383 1.336359 0.081804
v 0.967562 0.984192 0.682782
v 0.977928 0.993284 0.691658
v 0.809808 1.324038 0.098119
v 0.800390 1.339455 0.090091
v 0.812378 1.000431 0.672897
v 0.803354 1.014254 0.681285
v 0.963062 0.980255 0.703178
v 0.904669 1.335772 0.071293
v 1.014914 1.297966 0.000628
v 1.147385 1.201403 -0.156415
v 1.222187 1.032595 -0.481389
v 1.174247 0.971678 -0.788844
v 1.095703 1.003632 -1.057267
v 0.987907 1.101032 -1.262598
v 0.881713 1.161158 -1.363101
v 0.727427 1.159050 -1.351932
v 0.614310 1.087927 -1.221180
v 0.534015 1.001242 -1.001834
v 0.468124 0.968943 -0.675379
v 0.442427 0.961515 -0.369407
v 0.484597 1.047256 -0.097714
v 0.577084 1.169979 0.013963
v 0.816491 1.343781 0.073107
v 0.818922 0.990221 0.688830
v 0.569816 0.882940 0.776260
v 0.424092 0.611675 0.670712
v 0.380231 0.506451 0.590195
v 0.403181 0.551626 0.014338
v 0.399167 0.439749 -0.266525
v 0.397246 0.329380 -0.369626
v 0.396626 0.285767 -0.413801
v 0.394527 0.290581 -0.672924
v 0.439155 0.319147 -1.033486
v 0.580471 0.350483 -1.266902
v 0.725780 0.354746 -1.347292
v 0.884094 0.354788 -1.356965
v 1.021744 0.351044 -1.278644
v 1.179015 0.322636 -1.072475
v 1.278183 0.291107 -0.768779
v 1.316614 0.285746 -0.531499
v 1.314624 0.342194 -0.490097
v 1.275108 0.532364 -0.390898
v 1.296286 0.639130 -0.114439
v 1.393426 0.605515 0.531497
v 1.269921 0.729845 0.676399
v 1.086471 0.893475 0.733941
v 0.599814 1.178471 0.014005
v 0.716624 1.342655 0.026178
v 0.880205 1.388294 0.005883
v 1.010980 1.318533 -0.021417
v 1.002977 1.295862 0.002633
v 0.901874 1.322536 0.077437
v 0.694619 1.270231 0.091505
v 0.579092 1.145430 0.016809
v 0.581408 1.208134 -0.035966
v 0.718178 1.378222 -0.019362
v 0.879605 1.386282 -0.035526
v 1.013686 1.310194 -0.063197
v 0.998187 1.269882 0.016390
v 0.579271 1.128208 0.023581
v 0.529277 1.066088 -0.011421
v 0.540155 1.053339 -0.017436
v 0.513987 1.038452 -0.007640
v 0.515388 1.027643 0.002953
v 1.116765 1.215384 -0.054351
v 1.116770 1.191473 -0.069576
v 1.124310 1.181061 -0.037636
v 1.102746 1.185551 -0.020535
v 0.699126 1.271414 0.008665
v 0.874760 1.351261 0.023793
v 1.063550 1.043921 0.553420
v 1.238209 0.855131 0.506846
v 1.378760 0.634068 0.437783
v 1.393254 0.602098 0.426484
v 1.386831 0.536457 0.435989
v 1.445519 0.159674 0.498815
v 1.449044 0.061327 0.509700
v 1.474411 0.042871 0.507021
v 1.475526 -0.024267 0.506946
v 1.423369 -0.035406 0.515303
v 1.154206 -0.035406 0.558220
v 0.692029 -0.035406 0.605218
v 0.417563 -0.035406 0.609382
v 0.364290 -0.024267 0.608409
v 0.365285 0.042871 0.607472
v 0.390162 0.061188 0.602360
v 0.393376 0.157984 0.589132
v 0.390489 0.451450 0.515755
v 0.381647 0.508545 0.503329
v 0.381757 0.534500 0.505075
v 0.431108 0.695913 0.529693
v 0.551032 0.951384 0.601698
v 0.820036 1.095493 0.550212
v 0.841268 1.082258 0.542749
v 0.831565 1.076033 0.542864
v 0.683811 1.041122 0.581470
v 0.965436 1.056545 0.551388
v 0.933827 1.089891 0.549482
v 0.925175 1.100973 0.552719
v 0.946689 1.103897 0.556170
v 1.040594 1.178270 0.370123
v 1.209944 0.963785 0.330793
v 1.357203 0.655655 0.325396
v 1.372852 0.612825 0.324274
v 1.366353 0.549467 0.334348
v 1.425268 0.163057 0.398824
v 1.428848 0.062183 0.410125
v 1.454008 0.043503 0.405799
v 1.455087 -0.023628 0.405533
v 1.403969 -0.034769 0.413672
v 1.142424 -0.034769 0.450175
v 0.691743 -0.034769 0.489007
v 0.431061 -0.034769 0.510040
v 0.379836 -0.023628 0.511915
v 0.380767 0.043503 0.510608
v 0.405280 0.061928 0.503571
v 0.407469 0.160997 0.490819
v 0.398653 0.460859 0.420875
v 0.389702 0.510897 0.408939
v 0.391416 0.541533 0.404143
v 0.444949 0.802893 0.384399
v 0.546669 1.061026 0.415452
v 0.825930 1.236353 0.391375
v 0.848203 1.227394 0.386815
v 0.838169 1.219358 0.379707
v 0.689994 1.167973 0.406464
v 0.937456 1.185575 0.378853
v 0.909538 1.211365 0.379645
v 0.902029 1.221872 0.388365
v 0.923390 1.227270 0.387434
v 0.900312 1.282457 0.229808
v 0.901288 1.297689 0.232819
v 0.919431 1.312725 0.221195
v 1.025172 1.273458 0.188729
v 1.183709 1.070522 0.144500
v 1.326676 0.683708 0.157094
v 1.341915 0.628967 0.160189
v 1.335118 0.570868 0.168663
v 1.393188 0.215837 0.221867
v 1.396633 0.120882 0.231375
v 1.421490 0.102701 0.225076
v 1.422513 0.035645 0.224493
v 1.372798 0.024504 0.232228
v 1.121974 0.024504 0.265774
v 0.687332 0.024504 0.307488
v 0.438479 0.024504 0.337774
v 0.388849 0.035643 0.341216
v 0.389783 0.102701 0.340431
v 0.414324 0.120667 0.336327
v 0.416193 0.214117 0.326006
v 0.405632 0.481728 0.271592
v 0.397132 0.532427 0.262338
v 0.402700 0.574799 0.253445
v 0.470784 0.902639 0.207357
v 0.548251 1.149260 0.233010
v 0.822753 1.318138 0.237233
v 0.845873 1.301968 0.235811
v 0.841899 1.289789 0.230003
v 0.700060 1.209270 0.403562
v 0.696636 1.294565 0.236173
v 0.693201 1.322176 0.052844
v 0.701074 1.322672 0.045818
v 0.704487 1.281622 0.063643
v 0.737510 1.195498 0.388058
v 0.729968 1.069672 0.565264
v 0.719386 0.950678 0.719689
v 0.713872 0.934494 0.752412
v 0.705831 0.955690 0.737317
v 0.701168 1.078211 0.577610
v 0.707015 1.241375 0.225898
v 0.602837 1.226473 0.109222
v 0.639169 1.260597 0.112107
v 0.600864 1.230944 0.157763
v 0.639821 1.265413 0.159197
v 0.638368 1.211275 0.340954
v 0.638087 1.224377 0.305728
v 0.603711 1.196644 0.305961
v 0.603869 1.181122 0.341650
v 0.643738 1.097517 0.498020
v 0.643883 1.124445 0.466069
v 0.609830 1.090971 0.465151
v 0.609641 1.065378 0.497939
v 0.657032 1.002090 0.668288
v 0.652558 1.021683 0.640383
v 0.624908 1.005518 0.644683
v 0.631591 0.992769 0.672469
v 1.101182 0.970446 0.601526
v 1.133761 0.937798 0.588351
v 1.104711 0.941544 0.637605
v 1.140571 0.913044 0.625179
v 1.081402 1.091249 0.406056
v 1.118385 1.044657 0.392958
v 1.081860 1.065924 0.446787
v 1.119047 1.021759 0.433144
v 1.063554 1.209650 0.231826
v 1.096827 1.167168 0.219663
v 1.065595 1.189785 0.275953
v 1.101303 1.150198 0.265282
v 1.082708 1.255022 0.043406
v 1.049065 1.282793 0.060321
v 1.050806 1.277571 0.105072
v 1.085904 1.238398 0.093470
v 0.610574 1.195543 0.121070
v 0.637609 1.221334 0.121774
v 0.611288 1.201710 0.149723
v 0.638172 1.225828 0.150564
v 0.619088 1.189238 0.128209
v 0.636449 1.205545 0.128332
v 0.619595 1.193155 0.145339
v 0.636839 1.208651 0.145231
v 0.637602 1.165787 0.326795
v 0.637523 1.174372 0.299316
v 0.610692 1.151833 0.299382
v 0.610763 1.140213 0.326431
v 0.633334 1.150452 0.318828
v 0.633223 1.155722 0.304476
v 0.618237 1.143265 0.304854
v 0.618317 1.136869 0.319297
v 0.646751 1.059423 0.480807
v 0.647087 1.080059 0.457762
v 0.619765 1.051340 0.454297
v 0.618808 1.030678 0.477213
v 0.641203 1.041374 0.470198
v 0.641573 1.055099 0.454991
v 0.622901 1.034773 0.452166
v 0.622237 1.021040 0.467270
v 0.663508 0.976540 0.659386
v 0.657398 0.995859 0.633136
v 0.628147 0.978552 0.636555
v 0.634112 0.965750 0.663452
v 0.660221 0.964895 0.655283
v 0.656503 0.977217 0.635701
v 0.634836 0.965742 0.639191
v 0.638705 0.956905 0.658629
v 1.088910 0.940863 0.602262
v 1.107923 0.918940 0.590475
v 1.090443 0.922939 0.627292
v 1.111760 0.901787 0.615712
v 1.090232 0.924200 0.603862
v 1.102814 0.909700 0.595851
v 1.091636 0.911983 0.620762
v 1.105108 0.897991 0.613147
v 1.068113 1.050386 0.410654
v 1.090089 1.022146 0.400699
v 1.065949 1.036085 0.437441
v 1.087668 1.008577 0.427222
v 1.065506 1.036568 0.412309
v 1.081747 1.015764 0.404896
v 1.063866 1.026085 0.432112
v 1.079992 1.005602 0.424581
v 1.071958 1.193428 0.233920
v 1.090915 1.169018 0.225234
v 1.072449 1.181263 0.264729
v 1.093311 1.161297 0.257515
v 1.055972 1.181120 0.236106
v 1.074614 1.157120 0.227564
v 1.056454 1.169165 0.266401
v 1.076970 1.149525 0.259307
v 1.055928 1.166407 0.239771
v 1.068904 1.150585 0.234126
v 1.056502 1.158815 0.260652
v 1.070268 1.144823 0.255618
v 1.064028 1.234423 0.057613
v 1.042278 1.254957 0.065026
v 1.043065 1.252790 0.093198
v 1.064432 1.229712 0.086636
v 1.058095 1.231083 0.063682
v 1.043449 1.245275 0.068581
v 1.043931 1.243481 0.087724
v 1.058417 1.228220 0.083182
v 1.076887 1.071003 0.409018
v 1.098863 1.042768 0.399063
v 1.096442 1.029181 0.425586
v 1.074723 1.056698 0.435805
v 1.097694 0.956341 0.602839
v 1.116443 0.937790 0.592856
v 1.120013 0.922503 0.616000
v 1.099589 0.937845 0.627336
v 1.048391 1.273897 0.064284
v 1.070556 1.252981 0.056730
v 1.070968 1.248167 0.086308
v 1.049193 1.271692 0.092994
v 0.652438 1.010031 0.636427
v 0.657671 0.993080 0.657755
v 0.633696 0.983038 0.661179
v 0.628758 0.995962 0.638937
v 0.615692 1.074713 0.465905
v 0.643507 1.102310 0.469308
v 0.643174 1.080942 0.492885
v 0.614755 1.053165 0.489385
v 0.608347 1.182205 0.302347
v 0.634429 1.202789 0.302333
v 0.634480 1.194582 0.329350
v 0.608410 1.172083 0.328772
v 0.606482 1.221447 0.120488
v 0.634281 1.246733 0.121248
v 0.634871 1.250847 0.151397
v 0.607185 1.227198 0.150281
v 0.664394 0.440971 2.073659
v 1.188312 0.427488 2.016464
v 0.728149 0.493629 2.066455
v 0.730298 0.325108 2.128029
v 1.199304 0.469152 1.909491
v 1.244691 0.276567 1.909243
v 0.933989 1.136734 -1.320346
v 0.950806 0.356359 -1.331705
v 0.578293 1.036541 -1.121935
v 0.505844 0.337709 -1.171789
v 0.445417 0.580912 1.211363
v 1.270608 0.676970 0.735911
v 0.493815 0.704662 0.982455
v 1.489201 0.076225 0.697198
v 1.384236 0.543253 0.847982
v 0.373864 0.110067 1.222135
v 0.358191 0.103329 1.007124
v 1.493058 0.290504 0.842044
v 1.438734 0.480783 0.674147
v 0.372222 0.529621 0.998350
v 0.652788 0.356030 2.089085
v 0.377290 0.392481 1.224142
v 1.192296 0.354239 2.030782
v 0.730377 0.391176 2.139751
v 1.242667 0.376207 1.925732
v 1.184505 0.984295 -0.639614
v 0.460832 0.951847 -0.220310
v 0.409262 0.474342 -0.140476
v 0.410564 0.269217 -0.163928
v 0.406488 0.368107 -0.291574
v 1.299929 0.284128 -0.630906
v 1.312788 0.296267 -0.446090
v 1.192694 1.112894 -0.307378
v 1.085285 1.242916 -0.040526
v 0.415399 0.413317 0.024403
v 1.328430 0.271330 -0.289127
v 1.275178 0.567141 -0.268442
v 1.343134 0.258457 -0.089430
v 1.139740 0.975456 -0.925986
v 0.452666 0.980289 -0.519238
v 0.396881 0.284134 -0.520493
v 1.233821 0.305981 -0.925195
v 1.034139 1.048470 -1.166652
v 0.507013 0.973492 -0.842949
v 0.409563 0.303560 -0.857997
v 1.099302 0.340130 -1.192141
v 1.447925 0.404364 1.091864
v 1.298763 0.575764 1.094001
v 1.361184 0.454823 1.340285
v 0.535806 0.487442 1.638492
v 1.173870 0.562443 1.349832
v 0.476882 0.361103 1.648431
v 0.436226 0.451807 1.438650
v 0.472255 0.175962 1.636525
v 0.414607 0.266302 1.436093
v 1.460954 0.116259 1.089157
v 1.405446 0.154770 1.339678
v 1.259190 0.484835 1.564781
v 0.640100 0.490013 1.971158
v 1.149451 0.509264 1.774043
v 0.595277 0.385366 1.994794
v 0.555737 0.422873 1.840797
v 0.591574 0.275415 1.976937
v 0.536098 0.304090 1.836043
v 1.351496 0.184004 1.562073
v 1.344340 0.367130 1.568260
v 1.290825 0.235254 1.754989
v 1.269026 0.427036 1.767521
v 0.655434 0.513987 1.824739
v 0.925013 0.513781 2.081267
v 0.786411 0.546171 1.973911
v 0.933544 0.390005 2.159928
v 0.822285 0.446661 2.136207
v 0.934189 0.324722 2.148707
v 0.823427 0.356230 2.154118
v 0.654100 0.356356 -1.320824
v 0.668563 1.124439 -1.294503
v 0.525235 1.094137 -0.029374
v 0.817198 0.764145 0.936083
v 0.574280 0.577265 1.415560
v 0.654427 0.688927 1.175414
v 0.728819 0.565666 1.614320
v 0.863389 0.615339 1.379587
v 0.895806 0.553549 1.800947
v 1.047940 0.548990 1.583495
v 1.125960 0.478247 2.030035
v 1.037536 0.529493 1.955385
v 1.126611 0.395569 2.105471
v 1.039927 0.441492 2.124929
v 1.125755 0.318119 2.093900
v 1.041682 0.359138 2.142787
v 0.805623 0.356333 -1.360357
v 0.805870 1.163664 -1.364988
v 0.805777 1.250616 0.275241
v 1.158636 0.690771 0.879818
v 1.027065 0.667912 1.126782
v 1.175897 -0.019802 0.754064
v 1.461728 -0.019802 0.705734
v 1.353678 -0.004765 0.872627
v 1.061328 0.181980 1.983092
v 1.200459 0.136913 1.785053
v 1.228209 0.185186 1.938079
v 1.137587 0.219158 2.081282
v 1.201864 0.183353 -0.442643
v 1.233475 0.147614 -0.080109
v 1.068805 0.177113 -0.262448
v 1.306404 0.177113 -0.294957
v 1.286749 0.050539 1.358593
v 1.159384 0.019478 1.130977
v 1.434174 0.022064 1.101709
v 1.106725 0.087173 1.585915
v 1.329779 0.092070 1.579758
v 0.610374 0.185211 2.002124
v 0.633750 0.134594 1.838624
v 0.787131 0.181980 2.006775
v 0.716293 0.219906 2.119275
v 0.731139 0.086025 1.627609
v 0.496407 0.084923 1.652248
v 0.549735 0.044577 1.433513
v 0.698704 0.017715 1.191547
v 0.404477 0.016640 1.229443
v 0.505613 -0.005278 0.996503
v 0.689765 -0.019802 0.821900
v 0.529543 0.147614 0.014880
v 0.666667 0.177113 -0.208021
v 0.432544 0.177113 -0.176113
v 0.515894 0.183353 -0.352149
v 0.919214 0.134520 1.813772
v 0.932590 0.216673 2.135413
v 0.924360 0.046803 1.392320
v 0.935406 -0.004869 0.937385
v 0.880956 0.147614 -0.010647
v 0.856293 0.183353 -0.397203
v 1.505520 0.085390 0.846776
v 1.514993 0.058466 0.698039
v 1.510279 -0.004765 0.849286
v 1.522803 0.039799 0.849285
v 1.516180 -0.008661 0.698346
v 1.198624 0.304976 2.037004
v 1.305154 0.227879 1.767576
v 1.262670 0.263844 1.936896
v 1.200955 0.215836 2.053329
v 1.207555 0.261026 2.061599
v 1.308227 0.137880 1.779276
v 1.263327 0.190725 1.940087
v 1.319814 0.182213 1.782214
v 1.043356 0.324837 2.153394
v 1.134132 0.305723 2.133293
v 1.045636 0.231142 2.182457
v 1.047417 0.280113 2.194586
v 1.135434 0.239592 2.147218
v 1.326799 0.277847 -0.486356
v 1.285158 0.292007 -0.779138
v 1.322521 0.273565 -0.646374
v 1.335042 0.183353 -0.460183
v 1.343213 0.233465 -0.495302
v 1.326463 0.202377 -0.648983
v 1.300486 0.247976 -0.791525
v 1.359144 0.236988 -0.094239
v 1.362870 0.147614 -0.098772
v 1.375440 0.192173 -0.100670
v 1.353592 0.255089 -0.300188
v 1.354820 0.188253 -0.301647
v 1.184649 0.324175 -1.086632
v 1.254448 0.295925 -0.947543
v 1.258050 0.224613 -0.951328
v 1.197604 0.280434 -1.104876
v 1.024917 0.353243 -1.296001
v 0.884726 0.357338 -1.375482
v 0.958658 0.347012 -1.368910
v 1.033311 0.309734 -1.319753
v 0.960040 0.275311 -1.375261
v 0.887084 0.313862 -1.401817
v 1.114868 0.330540 -1.223344
v 1.117595 0.258898 -1.228655
v 1.421536 0.142807 1.348134
v 1.486323 0.100447 1.097949
v 1.425541 0.053740 1.356946
v 1.438033 0.098055 1.358021
v 1.487426 0.033596 1.099786
v 1.375345 0.170113 1.578494
v 1.376179 0.103788 1.582985
v 0.524779 0.223652 1.836861
v 0.647539 0.312677 2.095606
v 0.575184 0.263620 2.006639
v 0.522004 0.134678 1.850398
v 0.510749 0.179066 1.853994
v 0.645945 0.220320 2.112288
v 0.574619 0.194246 2.010079
v 0.640562 0.265511 2.120895
v 0.823784 0.324768 2.164756
v 0.725423 0.313982 2.168065
v 0.824389 0.231890 2.193964
v 0.725995 0.244076 2.182053
v 0.824680 0.280861 2.206137
v 0.402353 0.133171 1.442533
v 0.449094 0.162251 1.655342
v 0.398513 0.044773 1.455165
v 0.386144 0.088724 1.454889
v 0.448200 0.096142 1.660969
v 0.341696 0.084671 1.011377
v 0.348997 0.094170 1.232847
v 0.337349 -0.005259 1.016217
v 0.324736 0.039230 1.016358
v 0.347895 0.027840 1.237197
v 0.403922 0.236988 0.034353
v 0.399919 0.147614 0.031502
v 0.387210 0.192173 0.031380
v 0.390744 0.277218 -0.365697
v 0.385552 0.254614 -0.170645
v 0.387795 0.183353 -0.336249
v 0.373974 0.233465 -0.371729
v 0.384539 0.188253 -0.171857
v 0.386431 0.291395 -0.682440
v 0.372732 0.273565 -0.532081
v 0.369760 0.247356 -0.692467
v 0.368528 0.202377 -0.534012
v 0.431921 0.320498 -1.047262
v 0.386434 0.293459 -0.877595
v 0.417006 0.276728 -1.063989
v 0.382408 0.222143 -0.880894
v 0.575416 0.352631 -1.283832
v 0.487314 0.328074 -1.201418
v 0.565057 0.309118 -1.306877
v 0.484089 0.256430 -1.206451
v 0.723372 0.357338 -1.365729
v 0.643206 0.347012 -1.357590
v 0.718869 0.313862 -1.392050
v 0.641312 0.275311 -1.363867
v 0.936484 0.314528 2.193579
v 0.938310 0.246727 2.217801
v 0.804016 0.347012 -1.399385
v 0.803744 0.275368 -1.406056
v 1.488725 0.104061 0.844460
v 1.409662 0.277208 1.342881
v 1.458418 0.172873 1.089063
v 1.294272 0.308020 1.765937
v 1.348959 0.219921 1.562483
v 1.190098 0.306311 2.015993
v 1.242758 0.295439 1.909839
v 1.040645 0.327995 2.128096
v 1.125010 0.336079 2.093167
v 0.824066 0.326578 2.139283
v 0.933941 0.335781 2.147451
v 0.654514 0.316362 2.073939
v 0.730666 0.336563 2.127284
v 0.538524 0.230833 1.822365
v 0.593527 0.294384 1.977923
v 0.418123 0.145218 1.433213
v 0.475025 0.211637 1.635811
v 0.354798 0.283239 1.003446
v 0.376528 0.165274 1.220538
v 0.361805 0.156330 0.829135
v 0.420126 0.258337 0.035935
v 0.407066 0.289793 -0.325747
v 0.413509 0.318066 -0.161209
v 1.278112 0.438021 -0.414009
v 1.314622 0.463263 -0.102627
v 1.313665 0.339106 -0.286399
v 1.050646 0.173471 -0.476962
v 1.291790 0.173471 -0.508318
v 1.193441 -0.038048 -0.529722
v 1.035331 -0.036039 -0.612601
v 1.159677 -0.029690 -0.773293
v 1.274370 -0.036039 -0.642120
v 0.997562 -0.024094 -0.917755
v 1.084516 -0.018005 -1.088923
v 1.211229 -0.024094 -0.941638
v 0.928612 -0.010178 -1.232594
v 0.969023 -0.003283 -1.324327
v 1.082093 -0.010178 -1.218199
v 0.656035 0.173471 -0.425553
v 0.644921 -0.036039 -0.563398
v 0.424046 0.173471 -0.395185
v 0.511802 -0.038048 -0.440282
v 0.418645 -0.036039 -0.537187
v 0.501726 -0.029999 -0.700197
v 0.633288 -0.024403 -0.881247
v 0.428500 -0.026255 -0.876488
v 0.530151 -0.019857 -1.050721
v 0.679083 -0.010485 -1.213135
v 0.521226 -0.012339 -1.196793
v 0.633959 -0.003590 -1.310117
v 0.849327 -0.038048 -0.483838
v 0.826103 -0.029690 -0.734815
v 0.806726 -0.018005 -1.065620
v 0.804261 -0.002907 -1.346012
v 1.300486 0.185553 -0.791525
v 1.288159 -0.029690 -0.789072
v 1.336621 0.174583 -0.548148
v 1.323319 -0.033033 -0.648526
v 1.327170 -0.038048 -0.546890
v 1.197604 0.216419 -1.104876
v 1.187005 -0.018005 -1.099074
v 1.255138 -0.020950 -0.950356
v 0.887084 0.248953 -1.401817
v 0.884574 0.001141 -1.390168
v 1.033311 0.244633 -1.319753
v 0.958754 0.004614 -1.372532
v 1.025875 -0.003283 -1.310071
v 1.115289 -0.006765 -1.226691
v 0.375060 0.174583 -0.426526
v 0.384576 -0.038048 -0.426756
v 0.369760 0.184935 -0.692467
v 0.371694 -0.033033 -0.534010
v 0.382264 -0.030308 -0.691599
v 0.417006 0.212713 -1.063989
v 0.385430 -0.023422 -0.880270
v 0.428241 -0.021709 -1.059382
v 0.565057 0.244015 -1.306877
v 0.486527 -0.009237 -1.204721
v 0.572878 -0.003899 -1.297807
v 0.718869 0.248953 -1.392050
v 0.642714 0.004614 -1.361190
v 0.721977 0.001141 -1.380336
v 0.803824 0.007198 -1.403064
v 1.300486 0.126438 -0.791525
v 1.197604 0.152037 -1.104876
v 1.258050 0.174919 -0.951328
v 1.033311 0.176649 -1.319753
v 1.117595 0.205896 -1.228655
v 0.887084 0.181614 -1.401817
v 0.960040 0.221542 -1.375261
v 0.718869 0.181614 -1.392051
v 0.803744 0.222078 -1.406057
v 0.565057 0.176031 -1.306877
v 0.641312 0.221542 -1.363867
v 0.417006 0.148331 -1.063989
v 0.484088 0.203426 -1.206451
v 0.369760 0.125820 -0.692467
v 0.382408 0.172447 -0.880894
v 0.375060 0.115353 -0.426526
v 0.368528 0.154350 -0.534012
v 0.424046 0.114084 -0.395185
v 0.385703 0.149651 -0.391007
v 0.656035 0.114084 -0.425553
v 0.513674 0.149651 -0.406791
v 1.050646 0.114084 -0.476962
v 0.852576 0.149651 -0.451199
v 1.291790 0.114084 -0.508318
v 1.197595 0.149651 -0.496076
v 1.336621 0.115353 -0.548148
v 1.331597 0.149651 -0.513467
v 1.326463 0.154350 -0.648983
v 1.300486 -0.017595 -0.791525
v 1.197604 -0.004831 -1.104876
v 1.258050 0.009678 -0.951328
v 1.033311 0.011003 -1.319753
v 1.117595 0.026489 -1.228655
v 0.887084 0.017542 -1.401817
v 0.960040 0.038853 -1.375261
v 0.718869 0.017542 -1.392050
v 0.803744 0.041433 -1.406056
v 0.565057 0.010386 -1.306877
v 0.641312 0.038853 -1.363867
v 0.417006 -0.008537 -1.063989
v 0.484088 0.024019 -1.206451
v 0.369760 -0.018211 -0.692467
v 0.382408 0.007208 -0.880894
v 0.375060 -0.028967 -0.426526
v 0.368528 -0.003733 -0.534012
v 0.424072 -0.030617 -0.394885
v 0.385703 -0.010115 -0.391007
v 0.656191 -0.030617 -0.423750
v 0.513700 -0.010115 -0.406490
v 1.050672 -0.030617 -0.476661
v 0.852602 -0.010115 -0.450898
v 1.291790 -0.030617 -0.508318
v 1.197595 -0.010115 -0.496076
v 1.336621 -0.028967 -0.548148
v 1.331597 -0.010115 -0.513467
v 1.326463 -0.003733 -0.648983
v 1.300486 0.039843 -0.791525
v 1.197604 0.057726 -1.104876
v 1.258050 0.094206 -0.951328
v 1.033311 0.077061 -1.319753
v 1.117595 0.118265 -1.228655
v 0.887084 0.082972 -1.401817
v 0.960040 0.132309 -1.375261
v 0.718869 0.082972 -1.392050
v 0.803744 0.133842 -1.406056
v 0.565057 0.076443 -1.306877
v 0.641312 0.132309 -1.363867
v 0.417006 0.054020 -1.063989
v 0.484088 0.115795 -1.206451
v 0.369760 0.039227 -0.692467
v 0.382408 0.091736 -0.880894
v 0.375060 0.028585 -0.426526
v 0.368528 0.077135 -0.534012
v 0.424046 0.027088 -0.395185
v 0.385703 0.071613 -0.391007
v 0.656035 0.027088 -0.425553
v 0.513674 0.071613 -0.406791
v 1.050646 0.027088 -0.476962
v 0.852576 0.071613 -0.451199
v 1.291790 0.027088 -0.508318
v 1.197595 0.071613 -0.496076
v 1.336621 0.028585 -0.548148
v 1.331597 0.071613 -0.513467
v 1.326463 0.077135 -0.648983
v 1.023258 0.808319 0.785913
v 1.170318 0.800333 0.721588
v 0.832619 0.907734 0.744455
v 0.476286 0.744547 0.748224
v 0.387109 0.531017 0.669990
v 0.385839 0.159822 0.634717
v 0.377367 0.330830 0.673689
v 0.375925 0.085169 0.717214
v 0.359479 0.063313 0.719553
v 0.342553 0.017586 0.721663
v 0.355218 -0.026974 0.721773
v 0.691897 -0.031790 0.659996
v 0.514220 -0.026974 0.730508
v 1.159622 -0.031790 0.608098
v 0.929857 -0.026974 0.703175
v 1.432455 -0.031790 0.561683
v 1.337472 -0.026974 0.640962
v 1.485116 -0.020649 0.553227
v 1.488307 -0.026974 0.613590
v 1.483985 0.046486 0.553213
v 1.500830 0.017586 0.612474
v 1.458519 0.064781 0.555076
v 1.483693 0.063313 0.613065
v 1.466991 0.085238 0.613218
v 1.400771 0.530348 0.483549
v 1.466521 0.341291 0.578980
v 1.343569 0.636234 0.628863
v 0.984741 1.100153 -1.260024
v 1.017867 0.916397 -1.298489
v 0.960457 0.746437 -1.383703
v 0.880529 1.160477 -1.359494
v 0.884584 0.952223 -1.402914
v 0.945389 1.089594 -1.340475
v 0.957362 0.431887 -1.352562
v 1.019114 0.351620 -1.275423
v 1.027333 0.369722 -1.289004
v 0.883225 0.355526 -1.353027
v 0.955868 0.358723 -1.339314
v 0.885825 0.373272 -1.369198
v 1.271339 0.532116 -0.390638
v 1.217998 1.031794 -0.480926
v 1.253623 0.803539 -0.454601
v 1.251422 0.606987 -0.612745
v 1.170226 0.970789 -0.787785
v 1.229140 0.801914 -0.785947
v 1.207749 0.937559 -0.637679
v 0.472345 0.967947 -0.675081
v 0.418380 0.800793 -0.683582
v 0.403038 0.439415 -0.266742
v 0.388622 0.584309 -0.501513
v 0.446660 0.960720 -0.369560
v 0.412427 0.744032 -0.337351
v 0.429731 0.934673 -0.516390
v 0.401550 0.329409 -0.369789
v 0.401000 0.285877 -0.413905
v 0.388341 0.299669 -0.414520
v 0.383298 0.350136 -0.518215
v 0.398847 0.290726 -0.672667
v 0.384965 0.308498 -0.675534
v 0.385428 0.288290 -0.518981
v 1.312284 0.285866 -0.530880
v 1.310363 0.342264 -0.489570
v 1.324462 0.299891 -0.533624
v 1.273975 0.291294 -0.767757
v 1.311329 0.288210 -0.631426
v 1.287144 0.308947 -0.773368
v 1.312359 0.350040 -0.630334
v 1.018131 1.287045 0.001282
v 1.144857 1.198626 -0.155849
v 1.083261 1.263123 -0.046487
v 0.487569 1.044842 -0.096948
v 0.406949 0.550909 0.014321
v 0.451248 0.757475 -0.028319
v 1.292652 0.638376 -0.114311
v 1.238938 0.904139 -0.126251
v 0.406315 0.566664 -0.146866
v 0.449231 0.893023 -0.208545
v 1.277305 0.668148 -0.270924
v 1.217574 1.054413 -0.302602
v 0.538013 0.999979 -1.000846
v 0.471627 0.841297 -1.026969
v 0.401486 0.657253 -0.873112
v 0.478464 0.937746 -0.849500
v 0.395370 0.374218 -0.862698
v 0.443024 0.319429 -1.031999
v 0.430354 0.337132 -1.037728
v 0.398593 0.307247 -0.857841
v 1.175327 0.322998 -1.070416
v 1.244515 0.309412 -0.927373
v 1.186944 0.340361 -1.079702
v 1.246664 0.375994 -0.933512
v 1.239047 0.657484 -0.942100
v 1.091832 1.002541 -1.055658
v 1.149236 0.842417 -1.077645
v 1.166975 0.938982 -0.932723
v 0.617651 1.086876 -1.218958
v 0.576049 0.908655 -1.263042
v 0.486745 0.705975 -1.181662
v 0.553353 1.001625 -1.135463
v 0.492123 0.410887 -1.180713
v 0.583143 0.351038 -1.263822
v 0.574136 0.369196 -1.276708
v 0.496979 0.340824 -1.175495
v 1.108147 0.343019 -1.197120
v 1.110829 0.412956 -1.205474
v 1.110823 0.708551 -1.216220
v 1.057001 1.009069 -1.180698
v 0.644810 0.431656 -1.340168
v 0.726836 0.355503 -1.343321
v 0.723052 0.373234 -1.359428
v 0.649038 0.358694 -1.328440
v 0.728959 1.158300 -1.348426
v 0.718259 0.951063 -1.390769
v 0.632801 0.744051 -1.362299
v 0.656073 1.081951 -1.313398
v 0.576906 1.159504 0.015813
v 0.514849 1.098639 -0.004394
v 0.804333 0.431852 -1.384360
v 0.805439 0.358324 -1.369100
v 0.801148 0.752432 -1.426655
v 0.804500 1.116625 -1.386956
v 0.389436 0.394869 -0.380487
v 0.380878 0.478647 -0.684388
v 0.423555 0.517212 -1.044470
v 0.559029 0.558130 -1.290209
v 0.717390 0.567410 -1.392831
v 0.885376 0.567581 -1.404255
v 1.034364 0.559774 -1.310861
v 1.190980 0.518887 -1.088672
v 1.280915 0.478743 -0.778363
v 1.300143 0.438148 -0.499994
v 1.083013 0.893709 0.727062
v 1.266430 0.728134 0.674356
v 1.175136 0.835026 0.708750
v 1.269479 0.780785 0.585145
v 0.427756 0.610287 0.668769
v 0.572381 0.882677 0.768581
v 0.470985 0.756855 0.713563
v 0.383968 0.505453 0.590102
v 0.386130 0.547468 0.613661
v 1.390105 0.603657 0.530851
v 1.347098 0.665796 0.590911
v 1.389132 0.620142 0.491247
v 0.954193 1.322353 0.049036
v 0.950774 1.285250 0.076724
v 0.902886 1.330172 0.071473
v 1.003929 0.956205 0.700685
v 1.016243 0.962866 0.714544
v 0.959903 0.977718 0.700536
v 0.649587 0.933273 0.767406
v 0.641468 1.216061 0.047392
v 0.634351 1.260702 0.030655
v 0.819281 1.354626 0.072909
v 0.660669 0.938789 0.732184
v 0.821702 0.985785 0.686256
v 0.966263 0.984154 0.705315
v 0.937740 1.036573 0.636994
v 0.907204 1.341581 0.070877
v 1.015981 1.304844 -0.001198
v 0.950365 1.329475 0.028673
v 1.150727 1.203709 -0.156683
v 1.081751 1.255854 -0.049119
v 1.226499 1.033415 -0.481868
v 1.200543 1.115480 -0.307644
v 1.178428 0.972605 -0.789932
v 1.192867 0.985743 -0.641148
v 1.099689 1.004755 -1.058923
v 1.147726 0.977503 -0.928579
v 0.991167 1.101934 -1.265249
v 1.041352 1.050484 -1.170711
v 0.882932 1.161860 -1.366814
v 0.938605 1.138239 -1.326617
v 0.725849 1.159819 -1.355541
v 0.805496 1.168842 -1.372383
v 0.610871 1.089010 -1.223469
v 0.664977 1.129528 -1.299213
v 0.529898 1.002546 -1.002851
v 0.571587 1.041891 -1.124787
v 0.463778 0.969967 -0.675687
v 0.498798 0.975811 -0.844121
v 0.438069 0.962456 -0.369249
v 0.444181 0.981960 -0.519340
v 0.481035 1.049366 -0.098185
v 0.453294 0.954313 -0.219667
v 0.574913 1.175610 0.012460
v 0.525543 1.104843 -0.036538
v 0.813358 1.349882 0.073553
v 0.639370 1.251284 0.018535
v 0.816035 0.996010 0.691179
v 0.567235 0.885035 0.780376
v 0.772900 0.953564 0.727689
v 0.420457 0.613123 0.672119
v 0.475383 0.747189 0.730332
v 0.377295 0.507433 0.590212
v 0.389534 0.539972 0.627447
v 0.378361 0.499695 0.547901
v 0.400344 0.552366 0.014264
v 0.396095 0.440096 -0.266381
v 0.401781 0.511948 -0.136707
v 0.392944 0.329336 -0.369469
v 0.397749 0.375948 -0.338064
v 0.392121 0.285656 -0.413693
v 0.397376 0.297316 -0.379514
v 0.390079 0.290430 -0.673189
v 0.393483 0.283834 -0.518555
v 0.435171 0.318857 -1.035017
v 0.406332 0.303053 -0.856052
v 0.577720 0.349913 -1.270074
v 0.503250 0.336760 -1.170770
v 0.724694 0.353964 -1.351382
v 0.652675 0.354906 -1.320878
v 0.884990 0.354031 -1.361020
v 0.805709 0.354719 -1.360741
v 1.024451 0.350447 -1.281962
v 0.952572 0.354923 -1.331706
v 1.182813 0.322264 -1.074595
v 1.102213 0.339073 -1.191463
v 1.282516 0.290915 -0.769830
v 1.237186 0.305351 -0.923991
v 1.321073 0.285622 -0.532137
v 1.303465 0.283791 -0.629604
v 1.318891 0.342133 -0.490623
v 1.319827 0.299316 -0.499539
v 1.277870 0.532639 -0.391072
v 1.291337 0.432058 -0.459853
v 1.298749 0.639898 -0.114461
v 1.283231 0.604126 -0.265536
v 1.395726 0.607418 0.532259
v 1.273306 0.731934 0.677934
v 1.345455 0.654394 0.606697
v 1.089730 0.895348 0.737524
v 1.177723 0.816429 0.717043
v 1.013778 0.940325 0.732407
v 1.486229 0.157963 0.692272
v 0.388987 -0.019802 0.839097
v 0.331856 -0.008661 0.840428
v 0.332944 0.058466 0.839769
v 0.358333 0.076225 0.835675
v 0.362051 0.425993 0.797001
v 0.401355 0.610668 0.814094
v 0.606566 0.818003 0.834534
v 0.574725 1.148003 0.017319
v 0.684745 1.247343 0.172053
v 0.918591 1.285603 0.159487
v 0.797713 1.382204 0.018313
v 1.014542 1.285263 0.003733
v 1.012530 1.290737 0.015913
v 0.887342 1.343899 0.037669
v 0.716582 1.299076 0.057615
v 0.603010 1.169827 0.039380
v 0.799195 1.311504 0.098129
v 0.627472 1.195456 0.050663
v 0.579879 1.220081 -0.018748
v 0.716945 1.373518 0.001703
v 0.878255 1.394209 -0.021671
v 0.798074 1.384645 -0.024934
v 1.011374 1.322849 -0.048811
v 1.013785 1.279030 -0.015087
v 0.592768 1.172134 -0.010500
v 0.998060 1.278982 0.020402
v 0.579333 1.138197 0.026335
v 0.542781 1.100548 0.006838
v 0.514787 1.056583 -0.003311
v 0.543486 1.081039 -0.019101
v 0.535261 1.051397 -0.025554
v 0.528642 1.039181 -0.010247
v 0.522071 1.065243 0.000197
v 0.517532 1.050550 0.013276
v 0.507848 1.022432 0.009963
v 1.083951 1.253183 -0.045150
v 1.138063 1.201696 -0.048244
v 1.074836 1.230328 -0.075097
v 1.130647 1.180933 -0.054876
v 1.128251 1.202150 -0.067114
v 1.081014 1.217787 -0.024694
v 1.077453 1.207733 -0.007316
v 1.118134 1.168821 -0.013195
v 0.719563 1.357845 0.002616
v 0.881678 1.374645 -0.007465
v 0.637663 1.208794 0.010777
v 0.786979 1.326523 0.014294
v 0.938751 1.328718 0.012864
v 0.946847 1.361223 -0.045415
v 0.947033 1.372200 -0.002983
v 0.963324 1.292072 0.036416
v 0.980016 1.265554 0.148042
v 0.898944 1.291075 0.165506
v 0.909369 1.323580 0.136212
v 1.005507 1.298622 0.098254
v 1.318344 0.641735 0.032355
v 1.368321 0.270805 0.079197
v 0.440091 0.087721 0.199826
v 0.391207 0.098860 0.203609
v 0.392175 0.165844 0.203557
v 0.416917 0.183262 0.203501
v 0.409297 0.501360 0.156176
v 0.409079 0.602858 0.139323
v 0.462426 0.954697 0.085002
v 0.547540 1.142027 0.113787
v 0.816580 1.344032 0.146644
v 0.838844 1.334885 0.147334
v 0.829093 1.309088 0.164018
v 0.621019 1.191071 0.135512
v 0.655956 1.259218 0.006368
v 0.657443 1.329815 -0.028649
v 0.690743 1.209980 0.340565
v 0.929086 1.232229 0.301592
v 1.058745 0.982101 0.647888
v 1.240634 0.880102 0.413435
v 1.142566 0.963018 0.528821
v 1.368482 0.645817 0.384810
v 1.325626 0.724840 0.468890
v 1.402933 0.594692 0.474364
v 1.395420 0.603786 0.427018
v 1.377217 0.543247 0.388980
v 1.389907 0.600433 0.426073
v 1.455034 0.161272 0.544550
v 1.432854 0.353441 0.467725
v 1.439656 0.057903 0.464741
v 1.445097 0.078257 0.509587
v 1.464925 0.039286 0.461253
v 1.461678 0.054895 0.508460
v 1.466023 -0.027851 0.461090
v 1.478655 0.009153 0.506542
v 1.414366 -0.038992 0.469349
v 1.466137 -0.035406 0.508158
v 1.148840 -0.038992 0.508800
v 1.320101 -0.035406 0.533504
v 0.692160 -0.038992 0.550943
v 0.923556 -0.035406 0.584907
v 0.410282 -0.031790 0.655059
v 0.523502 -0.035406 0.610803
v 0.355935 -0.020649 0.652549
v 0.373798 -0.035406 0.608673
v 0.356968 0.046486 0.651862
v 0.361121 0.009153 0.608320
v 0.382056 0.064711 0.648056
v 0.377781 0.054895 0.604929
v 0.400843 0.156166 0.543965
v 0.393986 0.077702 0.601433
v 0.386322 0.450319 0.560407
v 0.392456 0.334476 0.552439
v 0.385542 0.509693 0.459183
v 0.385410 0.507689 0.503440
v 0.378456 0.519218 0.553159
v 0.378815 0.509398 0.503124
v 0.425331 0.640001 0.601382
v 0.394816 0.603477 0.511415
v 0.545177 0.930794 0.687938
v 0.477211 0.831638 0.566735
v 0.816424 1.048653 0.631401
v 0.628824 1.028942 0.588875
v 0.837073 1.047037 0.622480
v 0.838282 1.088156 0.544632
v 0.827122 1.036722 0.623269
v 0.844168 1.079088 0.540921
v 0.680212 0.982813 0.674316
v 0.788039 1.082436 0.552294
v 0.980718 0.987690 0.640438
v 0.824703 1.048828 0.567695
v 0.947222 1.025301 0.634139
v 0.975041 1.073259 0.547434
v 0.912724 1.125122 0.469217
v 0.922106 1.097275 0.551177
v 0.959236 1.037786 0.641869
v 0.928335 1.106537 0.554307
v 0.995341 1.083025 0.558538
v 1.034696 1.124460 0.462986
v 1.213911 0.981939 0.239427
v 1.118128 1.087381 0.347622
v 1.343825 0.668110 0.252605
v 1.300266 0.781807 0.326902
v 1.383663 0.608717 0.379043
v 1.375086 0.614323 0.324622
v 1.352901 0.557262 0.264036
v 1.369440 0.611336 0.324043
v 1.436091 0.158091 0.453499
v 1.411626 0.362564 0.366870
v 1.415112 0.081829 0.335778
v 1.424911 0.079876 0.410074
v 1.440140 0.063282 0.330550
v 1.441383 0.055511 0.408098
v 1.441195 -0.003824 0.330150
v 1.458217 0.009792 0.405033
v 1.390699 -0.014965 0.338122
v 1.445699 -0.034769 0.407033
v 1.133860 -0.014965 0.372681
v 1.303810 -0.034769 0.429588
v 0.690234 -0.014965 0.411249
v 0.917008 -0.034769 0.470827
v 0.424778 -0.038992 0.564124
v 0.530809 -0.034769 0.502175
v 0.372568 -0.027851 0.564673
v 0.389352 -0.034769 0.512310
v 0.373526 0.039286 0.563491
v 0.376664 0.009792 0.511783
v 0.398193 0.057697 0.557083
v 0.393077 0.055511 0.507083
v 0.412480 0.179111 0.421296
v 0.409062 0.078857 0.502434
v 0.394640 0.456314 0.471513
v 0.403545 0.340219 0.455869
v 0.393660 0.516739 0.346066
v 0.393456 0.510189 0.409108
v 0.386178 0.538128 0.457463
v 0.386875 0.511644 0.408673
v 0.435178 0.749853 0.458479
v 0.409192 0.643887 0.391162
v 0.530174 0.964329 0.504146
v 0.485715 0.917822 0.398044
v 0.823614 1.182381 0.469769
v 0.623898 1.156130 0.409222
v 0.845425 1.177691 0.463750
v 0.845139 1.234138 0.388344
v 0.835966 1.167471 0.463196
v 0.851179 1.223358 0.385329
v 0.687378 1.106419 0.489476
v 0.793276 1.212683 0.365767
v 0.950293 1.123098 0.463155
v 0.813141 1.177385 0.396611
v 0.920556 1.119783 0.465601
v 0.947018 1.201771 0.358983
v 0.894731 1.267776 0.312036
v 0.899029 1.217211 0.387360
v 0.934257 1.141182 0.471257
v 0.905075 1.227942 0.388893
v 0.972202 1.211678 0.382475
v 0.902903 1.258068 0.288760
v 0.889336 1.310486 0.147006
v 0.896784 1.290594 0.233583
v 0.915538 1.278662 0.305004
v 0.905161 1.309040 0.229042
v 1.016143 1.242275 0.282956
v 0.958460 1.298239 0.207935
v 1.183812 1.095182 0.019258
v 1.098326 1.191750 0.166126
v 1.304085 0.703434 0.029521
v 1.270490 0.847136 0.146839
v 1.359510 0.619286 0.254409
v 1.344244 0.630184 0.160361
v 1.311262 0.589785 0.038846
v 1.338411 0.627771 0.160129
v 1.411569 0.181112 0.325012
v 1.376753 0.400587 0.195446
v 1.371597 0.183384 0.086588
v 1.392721 0.138306 0.231443
v 1.396224 0.165844 0.078947
v 1.409021 0.114496 0.228399
v 1.397204 0.098860 0.078114
v 1.425646 0.069063 0.223968
v 1.348506 0.087721 0.085520
v 1.413114 0.024504 0.226067
v 1.105593 0.087721 0.118910
v 1.276915 0.024504 0.246516
v 0.682739 0.087721 0.167545
v 0.904485 0.024504 0.286849
v 0.435549 -0.014965 0.437885
v 0.533398 0.024504 0.325438
v 0.385161 -0.003824 0.440707
v 0.398374 0.024504 0.341571
v 0.386083 0.063282 0.439518
v 0.385674 0.069063 0.341098
v 0.410551 0.081570 0.433168
v 0.402110 0.114496 0.338430
v 0.418923 0.269625 0.195561
v 0.418096 0.137440 0.335358
v 0.402196 0.468119 0.357029
v 0.411385 0.370050 0.298760
v 0.400955 0.551420 0.149557
v 0.400896 0.531715 0.262475
v 0.397093 0.552568 0.338934
v 0.394300 0.533140 0.262106
v 0.459814 0.853270 0.303895
v 0.432630 0.708830 0.228019
v 0.529569 1.079756 0.323271
v 0.497465 1.023392 0.212811
v 0.825756 1.275465 0.316337
v 0.621308 1.239943 0.236329
v 0.848262 1.259077 0.313272
v 0.842276 1.312065 0.236950
v 0.836016 1.260281 0.287838
v 0.849376 1.296886 0.234704
v 0.774520 1.226774 0.397367
v 0.771128 1.310991 0.235801
v 0.714370 1.262428 0.319977
v 0.762082 1.351534 0.064325
v 0.708531 1.321045 0.134739
v 0.765652 1.352873 0.039424
v 0.698988 1.330856 0.044146
v 0.772080 1.304003 0.084857
v 0.701071 1.310560 0.049799
v 0.683933 1.173304 0.402618
v 0.715310 1.264635 0.148816
v 0.673729 1.046085 0.577824
v 0.735629 1.136929 0.478967
v 0.778647 0.972334 0.699437
v 0.724254 1.001917 0.652359
v 0.654197 0.919418 0.776286
v 0.716263 0.933577 0.746688
v 0.768470 0.982183 0.711041
v 0.711205 0.937260 0.755915
v 0.771353 1.096838 0.563134
v 0.717044 1.016479 0.660879
v 0.716236 1.149929 0.487754
v 0.731881 1.234430 0.287123
v 0.674694 1.221136 0.242397
v 0.595230 1.213764 0.075134
v 0.657156 1.271587 0.084396
v 0.621113 1.244169 0.102695
v 0.585225 1.218409 0.179923
v 0.595576 1.220995 0.133132
v 0.658000 1.282221 0.182311
v 0.620232 1.250305 0.166450
v 0.645769 1.267355 0.136012
v 0.660016 1.215611 0.356677
v 0.658867 1.250713 0.279791
v 0.643968 1.222746 0.323263
v 0.582914 1.180544 0.280835
v 0.620863 1.212904 0.299935
v 0.583445 1.140799 0.361812
v 0.598051 1.186274 0.323883
v 0.621155 1.193598 0.347211
v 0.664294 1.092213 0.530049
v 0.663976 1.152534 0.451154
v 0.649489 1.115299 0.482128
v 0.587951 1.076267 0.457067
v 0.626885 1.113455 0.460215
v 0.589857 1.018969 0.540170
v 0.604057 1.071198 0.481462
v 0.626661 1.078178 0.503374
v 0.675916 0.986773 0.698134
v 0.669975 1.039568 0.619958
v 0.659220 1.013618 0.653509
v 0.598045 0.992010 0.635289
v 0.637904 1.016533 0.637775
v 0.620454 0.976212 0.695245
v 0.623521 0.995533 0.660114
v 0.645138 0.997665 0.675256
v 1.095850 0.987415 0.593100
v 1.178778 0.902582 0.561511
v 1.116326 0.959419 0.589395
v 1.104627 0.930992 0.672193
v 1.097654 0.954000 0.621502
v 1.192283 0.848759 0.644869
v 1.122805 0.926258 0.637716
v 1.143260 0.919535 0.604068
v 1.071089 1.113350 0.400530
v 1.153088 1.011627 0.378005
v 1.099800 1.071972 0.392763
v 1.079408 1.054922 0.483096
v 1.075450 1.086142 0.428650
v 1.162999 0.966612 0.459183
v 1.100546 1.039820 0.446709
v 1.124897 1.025648 0.410823
v 1.055130 1.227076 0.222258
v 1.131351 1.130356 0.199666
v 1.079647 1.191490 0.218266
v 1.061824 1.184116 0.306341
v 1.058826 1.206560 0.255792
v 1.142070 1.085695 0.285298
v 1.083992 1.166927 0.278097
v 1.104814 1.151848 0.240570
v 1.110198 1.238005 -0.010490
v 1.042120 1.286339 0.034504
v 1.065475 1.270723 0.043962
v 1.046679 1.272078 0.127379
v 1.044207 1.285759 0.085073
v 1.121745 1.185923 0.101031
v 1.068767 1.256163 0.107172
v 1.090034 1.241129 0.066062
v 0.605659 1.228252 0.120559
v 0.633459 1.253122 0.121319
v 0.623984 1.208029 0.116636
v 0.606362 1.233858 0.150352
v 0.606437 1.193842 0.135268
v 0.634048 1.257032 0.151468
v 0.624836 1.215113 0.154930
v 0.642384 1.227142 0.136298
v 0.614002 1.188404 0.123583
v 0.638744 1.211969 0.124118
v 0.628152 1.195856 0.126114
v 0.614751 1.194242 0.148813
v 0.617190 1.187523 0.137015
v 0.639229 1.216089 0.148829
v 0.628750 1.200392 0.147750
v 0.639713 1.208078 0.136849
v 0.634939 1.204641 0.333379
v 0.634883 1.214104 0.304092
v 0.642035 1.174885 0.313080
v 0.606610 1.192566 0.304108
v 0.624096 1.164387 0.294805
v 0.606679 1.181154 0.332753
v 0.606255 1.143858 0.312882
v 0.624194 1.150656 0.331157
v 0.636607 1.155878 0.323192
v 0.636461 1.163225 0.301135
v 0.635320 1.153952 0.311334
v 0.613955 1.144361 0.301353
v 0.625887 1.148703 0.302892
v 0.614029 1.134275 0.323615
v 0.616596 1.137362 0.312072
v 0.626029 1.141666 0.320514
v 0.641645 1.094799 0.493477
v 0.641977 1.117048 0.469900
v 0.651524 1.073765 0.469873
v 0.614163 1.090374 0.466496
v 0.633533 1.069941 0.452199
v 0.613226 1.067535 0.489977
v 0.614681 1.035322 0.465167
v 0.632672 1.042358 0.482840
v 0.645654 1.048555 0.475732
v 0.646001 1.067768 0.454280
v 0.644157 1.049082 0.462450
v 0.620153 1.039997 0.450635
v 0.632068 1.045509 0.450529
v 0.619140 1.020630 0.471856
v 0.619268 1.022120 0.458484
v 0.631358 1.027273 0.470404
v 0.656413 0.997463 0.663089
v 0.651399 1.014290 0.642727
v 0.665289 0.987932 0.645629
v 0.628870 1.001650 0.645129
v 0.641870 0.990301 0.630412
v 0.633589 0.988083 0.666375
v 0.626122 0.968187 0.650675
v 0.649898 0.970623 0.665901
v 0.664195 0.968555 0.658726
v 0.658911 0.986469 0.632130
v 0.662278 0.970682 0.644659
v 0.629546 0.969971 0.636617
v 0.645364 0.971783 0.633928
v 0.635162 0.958286 0.662835
v 0.633175 0.957373 0.649467
v 0.650279 0.958370 0.660204
v 1.106158 0.962219 0.607222
v 1.124655 0.944050 0.596959
v 1.097465 0.932867 0.591052
v 1.107932 0.942091 0.630994
v 1.086400 0.934391 0.616553
v 1.128160 0.928949 0.619567
v 1.101243 0.909069 0.625963
v 1.113302 0.906759 0.601080
v 1.088000 0.933075 0.602450
v 1.105298 0.912083 0.591090
v 1.095963 0.917475 0.596719
v 1.089207 0.915361 0.625867
v 1.089307 0.919483 0.613476
v 1.108870 0.895613 0.615142
v 1.098417 0.901699 0.619826
v 1.105835 0.900826 0.603508
v 1.079167 1.076567 0.408509
v 1.101143 1.048340 0.398554
v 1.079483 1.038591 0.401234
v 1.077003 1.062271 0.435296
v 1.063389 1.047880 0.425729
v 1.098722 1.034758 0.425077
v 1.076427 1.020010 0.436774
v 1.092520 1.010723 0.412279
v 1.064593 1.044283 0.410472
v 1.086570 1.016054 0.400517
v 1.073344 1.027205 0.405025
v 1.062429 1.029984 0.437259
v 1.061274 1.034161 0.423396
v 1.084149 1.002472 0.427039
v 1.071052 1.013268 0.431680
v 1.083122 1.006306 0.413309
v 1.074459 1.194853 0.235129
v 1.091470 1.172939 0.227334
v 1.081197 1.182878 0.224319
v 1.074899 1.183935 0.262774
v 1.068885 1.191046 0.250649
v 1.093620 1.165998 0.256302
v 1.083121 1.169617 0.266379
v 1.095432 1.161455 0.240049
v 1.066500 1.191687 0.235004
v 1.085457 1.167280 0.226317
v 1.065057 1.170746 0.226665
v 1.066990 1.179520 0.265812
v 1.052950 1.178783 0.252556
v 1.087853 1.159548 0.258598
v 1.066948 1.157715 0.268024
v 1.079054 1.149679 0.242133
v 1.054078 1.173769 0.236844
v 1.071771 1.150976 0.228737
v 1.062015 1.158678 0.233532
v 1.054535 1.162403 0.265599
v 1.053808 1.164125 0.251086
v 1.074007 1.143757 0.258867
v 1.063298 1.149837 0.261572
v 1.071506 1.144390 0.244019
v 1.064818 1.260401 0.061198
v 1.047709 1.276554 0.067030
v 1.053053 1.245268 0.056554
v 1.048328 1.274853 0.089192
v 1.039079 1.257504 0.080277
v 1.065137 1.256683 0.084030
v 1.053848 1.240679 0.094684
v 1.067823 1.228436 0.070961
v 1.061590 1.230270 0.058780
v 1.041087 1.249622 0.065769
v 1.050481 1.238094 0.063055
v 1.041829 1.247583 0.092326
v 1.041135 1.246267 0.078921
v 1.061971 1.225826 0.086140
v 1.051012 1.235018 0.088556
v 1.060359 1.226831 0.072690
v 1.072706 1.060776 0.409951
v 1.094683 1.032560 0.399996
v 1.088257 1.059208 0.399598
v 1.092262 1.018965 0.426519
v 1.101294 1.031332 0.410643
v 1.070543 1.046476 0.436739
v 1.085201 1.040617 0.435138
v 1.072163 1.068491 0.424093
v 1.092834 0.948948 0.602417
v 1.112229 0.928551 0.591587
v 1.106643 0.951097 0.594210
v 1.116000 0.912470 0.616078
v 1.121461 0.926804 0.602223
v 1.094898 0.931509 0.627654
v 1.110217 0.929258 0.625625
v 1.095422 0.946749 0.617210
v 1.045231 1.264412 0.064558
v 1.067396 1.243492 0.057003
v 1.059372 1.264023 0.055650
v 1.067808 1.238684 0.086582
v 1.074424 1.246866 0.070332
v 1.046034 1.262201 0.093267
v 1.060182 1.259344 0.094508
v 1.045130 1.276493 0.079826
v 0.655891 1.004978 0.633561
v 0.662283 0.984678 0.659700
v 0.659001 1.003359 0.646596
v 0.632811 0.973234 0.663838
v 0.646599 0.987507 0.663099
v 0.626758 0.987389 0.636630
v 0.627204 0.986750 0.650551
v 0.639800 1.005697 0.634052
v 0.617878 1.063711 0.460146
v 0.645692 1.092129 0.463550
v 0.629705 1.092947 0.463685
v 0.645360 1.070942 0.487126
v 0.648027 1.095366 0.481672
v 0.616941 1.042421 0.483627
v 0.628859 1.064257 0.495056
v 0.610537 1.058413 0.477069
v 0.608475 1.165611 0.298823
v 0.636748 1.188940 0.298807
v 0.621378 1.194040 0.297886
v 0.636804 1.180052 0.328094
v 0.638800 1.202349 0.315888
v 0.608544 1.154953 0.327468
v 0.621454 1.181501 0.333514
v 0.604032 1.174768 0.315513
v 0.608093 1.208406 0.120349
v 0.635893 1.234436 0.121109
v 0.620274 1.233788 0.115873
v 0.636482 1.238836 0.151258
v 0.639200 1.252237 0.136479
v 0.608796 1.214472 0.150141
v 0.621135 1.240372 0.155834
v 0.602209 1.219671 0.135228
v 1.124970 0.437664 2.085481
v 1.355465 0.594007 0.699722
v 0.953697 0.939741 -1.365692
v 0.365410 0.505449 0.800390
v 1.351607 -0.019802 0.724961
v 1.165774 0.753208 0.762043
v 1.134246 0.503357 1.927661
v 1.231491 0.424784 1.915335
v 1.162789 0.184299 1.958729
v 0.608607 0.443661 1.983885
v 1.485234 0.091179 0.696960
v 0.956381 0.373590 -1.343224
v 0.362230 0.091179 0.834998
v 0.594154 0.279139 1.973147
v 1.124510 0.323074 2.088750
v 1.241901 0.280304 1.905716
v 1.230584 0.789263 -0.623270
v 0.408515 0.788578 -0.507277
v 0.383896 0.302280 -0.520279
v 1.180977 -0.036039 -0.630661
v 1.312650 0.302204 -0.633003
v 1.050456 1.235966 0.075823
v 0.446677 0.747265 0.109550
v 0.420696 0.199673 0.202808
v 1.255743 0.087721 0.099136
v 1.367705 0.200159 0.086753
v 1.250491 0.888374 0.020562
v 0.433252 0.707474 -0.177492
v 0.414386 0.281778 -0.163733
v 1.214669 0.177113 -0.282345
v 1.322853 0.286549 -0.288326
v 1.248195 0.859659 -0.286783
v 0.438890 0.817513 -0.862579
v 0.396981 0.320848 -0.859176
v 1.129014 -0.024094 -0.932016
v 1.245757 0.322954 -0.929830
v 1.203893 0.818081 -0.938388
v 0.518175 0.874611 -1.159454
v 0.495495 0.355150 -1.177716
v 1.021708 -0.010178 -1.226106
v 1.109161 0.357298 -1.200295
v 1.085137 0.879572 -1.200076
v 1.396713 0.501810 1.090881
v 1.171703 0.630953 1.107687
v 0.395237 0.496258 1.221325
v 0.377718 0.121189 1.220431
v 1.327570 0.021021 1.112487
v 1.457056 0.127426 1.087963
v 1.171009 0.522661 1.571671
v 0.494124 0.430080 1.647590
v 0.475899 0.182976 1.633954
v 1.243200 0.089687 1.579428
v 1.347801 0.191067 1.559986
v 1.315234 0.433014 1.565818
v 0.697791 0.522636 1.971527
v 0.734422 0.440794 2.119269
v 0.731048 0.327372 2.122790
v 0.680635 0.183868 2.005113
v 0.588866 0.084963 1.640622
v 0.520839 0.016640 1.212792
v 0.506598 -0.019802 0.835512
v 0.532740 0.087721 0.187059
v 0.522555 0.177113 -0.188224
v 0.505668 -0.036039 -0.546763
v 0.506330 -0.025328 -0.875751
v 0.583866 -0.011414 -1.202407
v 0.648012 0.373571 -1.332277
v 0.642762 0.934633 -1.340734
v 0.497063 1.067518 0.093030
v 0.475321 0.742483 0.829851
v 0.545568 0.647934 1.195653
v 0.612866 0.535940 1.627424
v 0.887261 0.566076 1.596215
v 0.910691 0.548979 1.967229
v 0.931576 0.444881 2.139966
v 0.933881 0.326864 2.142996
v 0.925060 0.181347 1.999580
v 0.919858 0.086720 1.607152
v 0.930666 0.018467 1.160483
v 0.934074 -0.019802 0.790564
v 0.894140 0.087721 0.143271
v 0.867444 0.177113 -0.235217
v 0.839060 -0.036039 -0.587762
v 0.814676 -0.024094 -0.898041
v 0.804201 -0.010178 -1.225734
v 0.805186 0.373142 -1.373167
v 0.802486 0.956461 -1.411384
v 0.825357 0.833586 0.815317
v 0.840841 0.691328 1.150277
v 1.519311 0.024759 0.698174
v 1.265679 0.226734 1.941555
v 1.136038 0.276230 2.145739
v 1.326463 0.240236 -0.648983
v 1.400341 0.132280 0.077608
v 1.357968 0.221674 -0.302086
v 1.258050 0.262674 -0.951328
v 0.960040 0.313862 -1.375261
v 1.117595 0.297358 -1.228655
v 1.490562 0.066940 1.099741
v 1.379308 0.136848 1.582278
v 0.572443 0.228760 2.011657
v 0.725108 0.279221 2.180619
v 0.445168 0.129263 1.660490
v 0.344798 0.060900 1.236017
v 0.328693 0.024759 0.840452
v 0.388031 0.132280 0.203526
v 0.381363 0.221674 -0.171819
v 0.368528 0.240236 -0.534012
v 0.382408 0.260204 -0.880894
v 0.484089 0.294886 -1.206451
v 0.641312 0.313862 -1.363867
v 0.937873 0.281408 2.212755
v 0.803744 0.313862 -1.406056
v 1.502039 0.070473 0.697636
v 1.506786 -0.019802 0.698865
v 1.253647 0.275763 1.922761
v 1.256268 0.182178 1.935809
v 1.129833 0.317238 2.112381
v 1.132201 0.229149 2.135230
v 1.310695 0.284435 -0.638547
v 1.313886 -0.036039 -0.647157
v 1.383873 0.177412 0.082963
v 1.387793 0.087721 0.079632
v 1.340794 0.266245 -0.294486
v 1.345377 0.177113 -0.300331
v 1.243641 0.306555 -0.936186
v 1.246400 -0.024094 -0.947438
v 0.954509 0.357338 -1.349858
v 0.954893 0.000017 -1.364345
v 1.106686 0.340963 -1.207414
v 1.108371 -0.010178 -1.220799
v 1.473583 0.112059 1.093381
v 1.478044 0.022457 1.098976
v 1.363375 0.181421 1.570021
v 1.366898 0.092716 1.581148
v 0.583406 0.274708 1.991583
v 0.581149 0.184200 2.005340
v 0.727788 0.324768 2.146827
v 0.727235 0.232140 2.169930
v 0.460722 0.173431 1.645481
v 0.457388 0.085104 1.659044
v 0.361491 0.105791 1.227151
v 0.357303 0.016769 1.236520
v 0.345698 0.070473 0.837721
v 0.341347 -0.019802 0.840356
v 0.404606 0.177412 0.203650
v 0.400737 0.087721 0.203860
v 0.398119 0.264690 -0.167123
v 0.394069 0.177113 -0.171973
v 0.385345 0.284435 -0.526288
v 0.381193 -0.036039 -0.534002
v 0.398512 0.304104 -0.867700
v 0.394497 -0.026566 -0.878398
v 0.496991 0.338512 -1.186319
v 0.493843 -0.012648 -1.199533
v 0.648888 0.357338 -1.338759
v 0.646919 0.000017 -1.353159
v 0.935156 0.324768 2.168899
v 0.936777 0.231808 2.200087
v 0.804833 0.357338 -1.379371
v 0.804066 0.001516 -1.394086
v 1.488277 0.315323 0.678485
v 1.461588 0.279732 1.090966
v 1.351676 0.287512 1.566825
v 1.244726 0.330311 1.919921
v 1.126168 0.363171 2.103387
v 0.934081 0.356859 2.157759
v 0.729784 0.358124 2.137680
v 0.592076 0.330788 1.988972
v 0.472959 0.279432 1.641661
v 0.373740 0.268763 1.222086
v 0.361478 0.312143 0.811531
v 0.414578 0.399530 0.175752
v 0.411855 0.392530 -0.151028
v 0.382545 0.448790 -0.508560
v 0.391925 0.497921 -0.870248
v 0.483633 0.539614 -1.185388
v 0.636611 0.565771 -1.356143
v 0.802375 0.567923 -1.409918
v 0.960200 0.566660 -1.372691
v 1.115385 0.541527 -1.214401
v 1.248865 0.498812 -0.939038
v 1.289097 0.456095 -0.619238
v 1.289213 0.456223 -0.277695
v 1.346235 0.436941 0.059026
v 1.197595 0.173471 -0.496076
v 0.513674 0.173471 -0.406791
v 0.852576 0.173471 -0.451199
v 1.326463 0.177917 -0.648983
v 1.331597 0.173471 -0.513467
v 1.258050 0.199554 -0.951328
v 0.960040 0.248779 -1.375261
v 1.117595 0.232645 -1.228655
v 0.385703 0.173471 -0.391007
v 0.368528 0.177917 -0.534012
v 0.382408 0.197083 -0.880894
v 0.484088 0.230175 -1.206451
v 0.641312 0.248779 -1.363867
v 0.803744 0.249010 -1.406056
v 1.258050 0.138130 -0.951328
v 1.117595 0.165956 -1.228655
v 0.960040 0.180872 -1.375261
v 0.803744 0.181862 -1.406057
v 0.641312 0.180872 -1.363867
v 0.484088 0.163485 -1.206451
v 0.382408 0.135660 -0.880894
v 0.368528 0.119158 -0.534012
v 0.385703 0.114084 -0.391007
v 0.513674 0.114084 -0.406791
v 0.852576 0.114084 -0.451199
v 1.197595 0.114084 -0.496076
v 1.331597 0.114084 -0.513467
v 1.326463 0.119158 -0.648983
v 1.258050 -0.011526 -0.951328
v 1.117595 0.003468 -1.228655
v 0.960040 0.015411 -1.375261
v 0.803744 0.018251 -1.406056
v 0.641312 0.015411 -1.363867
v 0.484088 0.000996 -1.206451
v 0.382408 -0.013996 -0.880894
v 0.368528 -0.024017 -0.534012
v 0.385703 -0.030617 -0.391007
v 0.513778 -0.030617 -0.405589
v 0.852680 -0.030617 -0.449997
v 1.197595 -0.030617 -0.496076
v 1.331597 -0.030617 -0.513467
v 1.326463 -0.024017 -0.648983
v 1.258050 0.048155 -0.951328
v 1.117595 0.068266 -1.228655
v 0.960040 0.081394 -1.375261
v 0.803744 0.083498 -1.406056
v 0.641312 0.081394 -1.363867
v 0.484088 0.065796 -1.206451
v 0.382408 0.045683 -0.880894
v 0.368528 0.033079 -0.534012
v 0.385703 0.027088 -0.391007
v 0.513674 0.027088 -0.406791
v 0.852576 0.027088 -0.451199
v 1.197595 0.027088 -0.496076
v 1.331597 0.027088 -0.513467
v 1.326463 0.033079 -0.648983
v 0.809068 1.220800 0.336883
v 0.936280 1.137482 -1.323458
v 0.950761 0.355593 -1.328053
v 1.188655 0.985012 -0.640375
v 0.448455 0.981113 -0.519288
v 0.401751 0.297417 -0.379658
v 0.397855 0.283955 -0.518559
v 1.315434 0.299433 -0.498967
v 1.299165 0.283934 -0.628852
v 0.886498 1.304907 0.147344
v 1.082755 1.249897 -0.044026
v 0.404718 0.550627 0.149632
v 1.314772 0.640730 0.032394
v 0.405565 0.511395 -0.136841
v 0.457026 0.953070 -0.219993
v 1.279561 0.603621 -0.265349
v 1.196589 1.114172 -0.307510
v 0.502936 0.974644 -0.843531
v 0.410505 0.303249 -0.855274
v 1.233179 0.305614 -0.922507
v 1.143703 0.976473 -0.927273
v 0.575358 1.040688 -1.123236
v 0.506597 0.337172 -1.168462
v 1.098970 0.339544 -1.188799
v 1.037718 1.049469 -1.168666
v 0.654584 0.355583 -1.317237
v 0.667565 1.128643 -1.296274
v 0.841975 1.328918 0.146548
v 0.525948 1.099882 -0.033623
v 0.805816 0.355492 -1.356683
v 0.805684 1.168165 -1.368658
v 0.401839 0.375826 -0.338271
v 1.287319 0.432003 -0.459455
v 1.174209 0.815931 0.712117
v 0.478637 0.744038 0.725246
v 0.393233 0.538734 0.626923
v 1.342052 0.652374 0.605808
v 0.955825 1.313120 0.117723
v 0.951738 1.320101 0.029696
v 0.942048 1.257153 0.221348
v 1.010468 0.939419 0.727160
v 0.657276 1.224695 0.136305
v 0.656605 0.919519 0.768861
v 0.637659 1.220728 0.032655
v 0.629041 1.196388 0.137131
v 1.016984 0.943037 0.735475
v 0.892083 1.319710 0.144634
v 0.951895 1.335150 0.028199
v 1.083690 1.259720 -0.053528
v 1.204614 1.116819 -0.307781
v 1.197204 0.986488 -0.641945
v 1.151868 0.978565 -0.929925
v 1.045093 1.051529 -1.172816
v 0.941000 1.139017 -1.329869
v 0.805302 1.169540 -1.376219
v 0.662312 1.130440 -1.302239
v 0.567704 1.043127 -1.126385
v 0.494537 0.977011 -0.844729
v 0.439780 0.982819 -0.519392
v 0.449440 0.955608 -0.219332
v 0.523093 1.108171 -0.037171
v 0.637901 1.266140 0.012873
v 0.835619 1.343832 0.148142
v 0.651598 0.921572 0.780398
v 0.472257 0.750416 0.733247
v 0.386242 0.541218 0.627941
v 0.398123 0.552174 0.149389
v 0.398928 0.512516 -0.136660
v 0.394060 0.376070 -0.337895
v 0.392870 0.297213 -0.379367
v 0.388982 0.283709 -0.518551
v 0.402036 0.302849 -0.856854
v 0.499804 0.336336 -1.173147
v 0.650709 0.354208 -1.324626
v 0.805598 0.353924 -1.364919
v 0.954436 0.354231 -1.335467
v 1.105551 0.338589 -1.194207
v 1.241312 0.305080 -0.925520
v 1.307894 0.283644 -0.630377
v 1.324296 0.299208 -0.500127
v 1.294867 0.432131 -0.460207
v 1.285732 0.604643 -0.265618
v 1.320742 0.642746 0.032424
v 1.348320 0.656446 0.607666
v 1.181140 0.818283 0.719782
v 0.617382 1.185221 0.101512
v 0.802696 1.282274 0.189289
v 0.979788 1.274937 0.088913
v 0.952679 1.327015 0.028392
v 0.801562 1.337738 0.048488
v 0.653897 1.234610 0.056094
v 0.656665 1.325830 -0.006360
v 0.796740 1.405344 -0.005848
v 0.945095 1.373623 -0.029702
v 1.139176 1.183802 -0.059207
v 0.518803 1.035828 -0.014150
v 0.539084 1.100937 0.015363
v 0.544533 1.092241 -0.015124
v 0.539373 1.072706 0.004723
v 0.515967 1.055874 0.019503
v 1.081569 1.243437 -0.000197
v 1.081897 1.221882 -0.027445
v 1.077641 1.246874 -0.064807
v 1.078435 1.210936 0.004452
v 0.657556 1.288544 -0.015125
v 0.799868 1.379658 -0.000940
v 0.949973 1.348654 -0.013647
v 1.097233 0.908581 0.608331
v 1.338242 0.690441 0.538623
v 1.405067 0.596472 0.474993
v 1.399619 0.592928 0.473861
v 1.446041 0.351341 0.514419
v 1.454568 0.081253 0.554934
v 1.471200 0.058506 0.554225
v 1.488246 0.012772 0.552876
v 1.475726 -0.031790 0.554278
v 1.327683 -0.031790 0.581092
v 0.926488 -0.031790 0.638292
v 0.519465 -0.031790 0.661532
v 0.365440 -0.031790 0.652736
v 0.352767 0.012772 0.652487
v 0.369571 0.058506 0.649987
v 0.385903 0.080975 0.647261
v 0.386591 0.337433 0.597538
v 0.382118 0.498739 0.547975
v 0.375523 0.500582 0.547733
v 0.390748 0.567469 0.569831
v 0.467722 0.788923 0.650702
v 0.648061 0.962223 0.646890
v 0.834126 1.052130 0.624537
v 0.839935 1.042973 0.620481
v 0.667303 0.990276 0.668620
v 0.830894 0.983873 0.659410
v 0.991036 1.006506 0.633931
v 0.934648 1.033249 0.635313
v 0.940924 1.041525 0.638725
v 1.007711 1.015049 0.647792
v 1.071452 1.019241 0.418196
v 1.313127 0.752737 0.399796
v 1.385862 0.610312 0.379482
v 1.380286 0.607113 0.378724
v 1.422551 0.355902 0.421534
v 1.435714 0.075287 0.464655
v 1.452243 0.051319 0.463115
v 1.469153 0.005569 0.460632
v 1.456636 -0.038992 0.462461
v 1.312589 -0.038992 0.486354
v 0.920651 -0.038992 0.532013
v 0.527503 -0.038992 0.560540
v 0.382080 -0.038992 0.565015
v 0.369397 0.005569 0.564559
v 0.385915 0.051319 0.560285
v 0.401994 0.074457 0.556025
v 0.398267 0.334475 0.507755
v 0.389291 0.508942 0.459330
v 0.382710 0.510418 0.458942
v 0.400233 0.631458 0.453573
v 0.472601 0.854353 0.482607
v 0.631372 1.033100 0.459581
v 0.842401 1.183767 0.465460
v 0.848362 1.173374 0.462090
v 0.680078 1.112120 0.487861
v 0.818569 1.117416 0.476822
v 0.959192 1.133654 0.461732
v 0.909678 1.121908 0.467813
v 0.915861 1.131849 0.470663
v 0.983083 1.139606 0.470104
v 0.891823 1.261496 0.311957
v 0.897549 1.276953 0.310095
v 0.963956 1.262751 0.295635
v 1.062343 1.153105 0.247565
v 1.286568 0.812706 0.245768
v 1.361785 0.620644 0.254670
v 1.356058 0.617907 0.254262
v 1.396787 0.377319 0.294767
v 1.411185 0.099545 0.335777
v 1.427583 0.075216 0.333318
v 1.444326 0.029596 0.329627
v 1.431804 -0.014965 0.331718
v 1.292428 -0.014965 0.353154
v 0.911864 -0.014965 0.392570
v 0.532764 -0.014965 0.427142
v 0.394681 -0.014965 0.441109
v 0.381987 0.029596 0.440574
v 0.398371 0.075216 0.436353
v 0.414323 0.098509 0.432056
v 0.407813 0.350742 0.389168
v 0.397423 0.516033 0.346234
v 0.390828 0.517443 0.345803
v 0.420492 0.674551 0.318945
v 0.482579 0.973831 0.310992
v 0.626189 1.144121 0.311496
v 0.845154 1.267162 0.314606
v 0.851280 1.255667 0.311976
v 0.773867 1.276697 0.318822
v 0.766004 1.334400 0.140511
v 0.762927 1.355667 0.039765
v 0.767283 1.348398 0.040106
v 0.784275 1.268475 0.217974
v 0.792991 1.149607 0.469784
v 0.783041 1.014992 0.635569
v 0.775505 0.951559 0.723729
v 0.770113 0.957203 0.730562
v 0.769299 1.027491 0.647818
v 0.773388 1.165047 0.479227
v 0.682859 1.209059 0.325982
v 0.626956 1.240051 0.062873
v 0.579002 1.197889 0.126558
v 0.620849 1.253416 0.198009
v 0.668804 1.288336 0.134324
v 0.672151 1.242155 0.317719
v 0.620751 1.224180 0.267158
v 0.570470 1.155909 0.321838
v 0.621871 1.173700 0.372400
v 0.676672 1.129965 0.489265
v 0.625777 1.129757 0.440611
v 0.576375 1.038898 0.499955
v 0.627271 1.048319 0.548609
v 0.683957 1.016043 0.657670
v 0.632411 1.022690 0.613760
v 0.596150 0.974995 0.678791
v 0.648852 0.979265 0.700086
v 1.132732 0.956152 0.567188
v 1.088144 0.956230 0.635168
v 1.150390 0.880194 0.672364
v 1.199928 0.861357 0.598831
v 1.110569 1.071592 0.375622
v 1.061449 1.100462 0.445683
v 1.122723 0.998777 0.484785
v 1.171843 0.975111 0.414724
v 1.091790 1.186028 0.196818
v 1.045439 1.221865 0.267936
v 1.103398 1.127596 0.309963
v 1.149749 1.091757 0.238845
v 1.074817 1.267710 -0.005026
v 1.032471 1.290415 0.086886
v 1.085554 1.223471 0.131238
v 1.127900 1.200766 0.039325
v 0.619452 1.240435 0.115944
v 0.601386 1.226376 0.135300
v 0.620313 1.246794 0.155905
v 0.638377 1.258589 0.136550
v 0.626270 1.199762 0.119689
v 0.610274 1.187103 0.136152
v 0.627093 1.206312 0.152982
v 0.643089 1.217375 0.136520
v 0.639622 1.213158 0.318786
v 0.620736 1.205109 0.299272
v 0.601933 1.184374 0.318379
v 0.620818 1.190863 0.337893
v 0.640291 1.163933 0.312110
v 0.625190 1.154716 0.297551
v 0.610235 1.137161 0.312537
v 0.625337 1.143234 0.327096
v 0.646498 1.109625 0.482264
v 0.628176 1.108419 0.464277
v 0.609008 1.073515 0.477661
v 0.627330 1.078171 0.495648
v 0.650191 1.062145 0.465633
v 0.633191 1.057741 0.448901
v 0.615284 1.024897 0.460619
v 0.632284 1.031982 0.477350
v 0.657664 1.007687 0.652434
v 0.639369 1.010609 0.640462
v 0.627412 0.992687 0.656225
v 0.645865 0.991730 0.668201
v 0.666366 0.979269 0.644706
v 0.643412 0.981041 0.629970
v 0.627375 0.960520 0.650471
v 0.650667 0.962605 0.665216
v 1.114997 0.957201 0.598574
v 1.103828 0.951626 0.621033
v 1.118497 0.935383 0.629280
v 1.129645 0.933205 0.606575
v 1.095674 0.924938 0.591756
v 1.085946 0.927769 0.615641
v 1.099195 0.902288 0.624688
v 1.110254 0.900591 0.601299
v 1.090537 1.064785 0.399089
v 1.074443 1.074066 0.423584
v 1.087481 1.046183 0.434629
v 1.103574 1.036903 0.410134
v 1.075963 1.032503 0.401052
v 1.059870 1.041777 0.425547
v 1.072907 1.013903 0.436591
v 1.089000 1.004618 0.412097
v 1.082748 1.185383 0.226514
v 1.071701 1.192699 0.250141
v 1.084475 1.173479 0.264255
v 1.095522 1.166151 0.240629
v 1.075737 1.181129 0.225403
v 1.063426 1.189299 0.251733
v 1.077662 1.167873 0.267463
v 1.089973 1.159721 0.241132
v 1.062700 1.163921 0.227884
v 1.051209 1.171532 0.252458
v 1.064496 1.151535 0.267140
v 1.075986 1.143917 0.242565
v 1.056185 1.268925 0.060365
v 1.045192 1.278559 0.079027
v 1.056810 1.265320 0.090360
v 1.067804 1.255688 0.071698
v 1.051245 1.240488 0.057781
v 1.038071 1.252024 0.080145
v 1.051994 1.236155 0.093725
v 1.065167 1.224619 0.071362
v 1.084077 1.048985 0.400531
v 1.097114 1.021111 0.411576
v 1.081020 1.030403 0.436071
v 1.067983 1.058273 0.425026
v 1.101914 0.942459 0.592534
v 1.117538 0.916971 0.601839
v 1.105736 0.919577 0.626242
v 1.090577 0.940914 0.617109
v 1.056213 1.254538 0.055923
v 1.071264 1.237391 0.070605
v 1.057022 1.249855 0.094782
v 1.041971 1.267004 0.080099
v 0.663920 0.996706 0.646026
v 0.648678 0.978468 0.666235
v 0.624793 0.976515 0.650850
v 0.640377 0.999432 0.630650
v 0.631891 1.082335 0.457927
v 0.650213 1.085489 0.475914
v 0.631045 1.053871 0.489298
v 0.612723 1.047377 0.471311
v 0.622601 1.178942 0.293988
v 0.641487 1.188992 0.313501
v 0.622684 1.165398 0.332609
v 0.603798 1.158092 0.313094
v 0.621885 1.220999 0.115734
v 0.640811 1.240225 0.136339
v 0.622747 1.228081 0.155695
v 0.603821 1.206564 0.135088
v 0.705500 1.251270 0.219908
v 1.019514 1.212019 0.054426
v 0.943623 1.079004 0.642357
v 0.837956 1.192036 0.440850
v 0.923117 1.256798 0.238119
v 0.676400 1.315704 0.165541
v 0.651303 1.224163 0.150889
v 0.736054 1.234077 0.253502
v 0.630398 1.183178 0.184597
v 0.687706 1.209129 0.246858
v 0.683117 1.239559 0.209597
v 0.725307 1.222437 0.220144
v 0.693136 1.204721 0.213992
v 0.655609 1.189718 0.218359
v 0.665889 1.233828 0.182012
v 0.666468 1.194887 0.185633
v 0.642718 1.183432 0.152094
v 0.716247 1.263800 0.253267
v 0.677687 1.244261 0.242463
v 0.655031 1.232252 0.214738
v 0.638982 1.227390 0.183392
v 0.633305 1.248838 0.114381
v 0.593899 1.199282 0.139749
v 0.636051 1.222883 0.116682
v 0.604202 1.173672 0.145729
v 0.616014 1.178665 0.114257
v 0.605394 1.217520 0.110963
v 0.624239 1.216951 0.148154
v 0.621810 1.230398 0.143167
v 0.636898 1.293808 0.192976
v 0.651087 1.290842 0.140049
v 0.610062 1.254940 0.165328
v 0.621803 1.281776 0.139325
v 0.648952 1.321293 0.168504
v 0.639346 1.264997 0.166053
v 0.664347 1.288412 0.190012
v 0.799276 1.325142 0.233356
v 0.735065 1.327127 0.206524
v 0.701114 1.321028 0.240116
v 0.704724 1.322901 0.187618
v 0.667769 1.311399 0.218008
v 0.680007 1.338072 0.194424
v 0.713292 1.346209 0.217093
v 0.692487 1.297188 0.211201
v 0.722886 1.302492 0.229546
v 0.771754 1.322788 0.273057
v 0.766869 1.325047 0.221967
v 0.736130 1.321672 0.258738
v 0.747930 1.346125 0.236069
v 0.782801 1.347527 0.250595
v 0.755069 1.300604 0.244635
v 0.788230 1.300407 0.255819
v 0.863099 1.300886 0.242677
v 0.841446 1.299294 0.286892
v 0.831595 1.318628 0.240285
v 0.807142 1.316858 0.282504
v 0.817031 1.341770 0.260141
v 0.849782 1.324354 0.264555
v 0.821707 1.293715 0.262648
v 0.854762 1.275831 0.265014
v 0.906237 1.254448 0.284953
v 0.893579 1.279741 0.241590
v 0.874445 1.277939 0.287322
v 0.880933 1.303122 0.264951
v 0.910670 1.279718 0.262494
v 0.887091 1.254557 0.263962
v 0.918684 1.231524 0.260578
v 1.081341 1.211630 0.244871
v 1.013149 1.184771 0.218926
v 1.001633 1.177792 0.266624
v 0.952228 1.232946 0.232944
v 0.937368 1.229647 0.280507
v 0.939561 1.254946 0.257904
v 0.981531 1.208866 0.226513
v 0.968460 1.204151 0.274409
v 0.968210 1.229378 0.251594
v 0.998559 1.202785 0.243481
v 0.950035 1.207649 0.255547
v 0.981782 1.183630 0.249327
v 1.016224 1.159779 0.242070
v 1.078020 1.165634 0.209964
v 1.067185 1.148331 0.253106
v 1.047864 1.165672 0.211492
v 1.037294 1.154747 0.257928
v 1.030918 1.179096 0.234226
v 1.057526 1.171289 0.228585
v 1.054241 1.141336 0.235194
v 1.087680 1.142673 0.234484
v 1.072214 1.180555 0.275328
v 1.090320 1.185640 0.220799
v 1.079285 1.160925 0.258369
v 1.066935 1.182165 0.233202
v 1.057680 1.200417 0.250135
v 1.102670 1.164387 0.245967
v 1.095875 1.191774 0.270065
v 0.962184 1.253019 0.372894
v 1.023692 1.244984 0.314164
v 1.025333 1.206741 0.329608
v 1.052914 1.233721 0.282145
v 1.049088 1.197918 0.304107
v 1.032424 1.216990 0.279686
v 1.007212 1.225645 0.306101
v 1.069577 1.214645 0.306565
v 1.041814 1.226076 0.337671
v 0.974990 1.212099 0.377172
v 0.993511 1.251217 0.344256
v 1.000710 1.211372 0.353884
v 0.981426 1.230326 0.331307
v 0.954800 1.231270 0.355490
v 1.012795 1.232262 0.366833
v 0.982375 1.233833 0.394576
v 0.897446 1.237432 0.421120
v 0.920698 1.195692 0.416698
v 0.929755 1.249317 0.399428
v 0.948081 1.207758 0.398873
v 0.927312 1.227339 0.377972
v 0.899895 1.215858 0.396292
v 0.950525 1.229746 0.420328
v 0.918249 1.217272 0.441526
v 0.865368 1.150890 0.433423
v 0.866744 1.216896 0.434975
v 0.893320 1.175406 0.428231
v 0.873230 1.196341 0.407895
v 0.846681 1.172668 0.412784
v 0.886835 1.195963 0.455310
v 0.856643 1.170258 0.461489
v 0.892229 1.107157 0.527034
v 0.629395 1.083921 0.452230
v 0.746909 1.133089 0.436484
v 0.761618 1.091047 0.432579
v 0.809425 1.167877 0.441300
v 0.834972 1.126814 0.434407
v 0.818173 1.149416 0.413247
v 0.779145 1.148033 0.439211
v 0.800274 1.106546 0.433564
v 0.785649 1.129883 0.411814
v 0.749306 1.114521 0.410273
v 0.826224 1.145273 0.462460
v 0.793771 1.124695 0.460962
v 0.759220 1.109472 0.458790
v 0.678528 1.093109 0.433144
v 0.676021 1.040846 0.435296
v 0.713433 1.116383 0.434067
v 0.720264 1.071688 0.432578
v 0.710361 1.093458 0.409818
v 0.668659 1.062613 0.412291
v 0.723335 1.094015 0.456827
v 0.685889 1.070745 0.456149
v 0.607968 1.026297 0.470817
v 0.642284 1.072281 0.438189
v 0.628301 1.011465 0.447491
v 0.623699 1.035233 0.424920
v 0.605102 1.054054 0.449759
v 0.646886 1.047384 0.460760
v 0.632261 1.055061 0.473289
v 0.746661 1.151751 0.505695
v 0.671945 1.143747 0.485352
v 0.646498 1.111528 0.519020
v 0.641698 1.116430 0.469882
v 0.616882 1.071398 0.497276
v 0.615656 1.103415 0.478270
v 0.647512 1.144949 0.501968
v 0.642925 1.084084 0.488887
v 0.670931 1.110418 0.502405
v 0.722793 1.131779 0.545551
v 0.708790 1.153997 0.496830
v 0.683961 1.130205 0.534274
v 0.687619 1.162251 0.518798
v 0.729190 1.162561 0.531372
v 0.705131 1.122242 0.512307
v 0.740262 1.120962 0.519874
v 0.821517 1.135574 0.518713
v 0.799299 1.118532 0.561310
v 0.784317 1.145079 0.512846
v 0.761392 1.126633 0.554327
v 0.770565 1.157129 0.541251
v 0.811292 1.148420 0.549185
v 0.775144 1.114584 0.525921
v 0.809524 1.105696 0.530837
v 0.869980 1.093130 0.570809
v 0.857628 1.123016 0.523396
v 0.835655 1.107418 0.566736
v 0.850499 1.136326 0.555412
v 0.887631 1.120714 0.560131
v 0.842784 1.094110 0.534720
v 0.874578 1.079573 0.537712
v 1.082077 0.928732 0.559640
v 0.983774 1.038824 0.534985
v 0.958664 1.029184 0.578614
v 0.925155 1.087889 0.529913
v 0.902196 1.075441 0.573851
v 0.922482 1.101564 0.563665
v 0.955941 1.065096 0.532395
v 0.931965 1.054178 0.576263
v 0.954514 1.078890 0.566414
v 0.982806 1.052868 0.568943
v 0.904868 1.061762 0.540099
v 0.933392 1.040396 0.542244
v 0.959632 1.015146 0.544656
v 1.030222 0.978249 0.542989
v 1.003105 0.969679 0.585743
v 1.008156 1.009228 0.538350
v 0.981999 1.000435 0.581631
v 1.006689 1.023846 0.571933
v 1.026913 0.993488 0.575552
v 0.983466 0.985823 0.548048
v 1.006414 0.954430 0.553180
v 1.052750 0.917555 0.599960
v 1.052973 0.949291 0.549607
v 1.024866 0.940075 0.591488
v 1.045806 0.964661 0.579836
v 1.067819 0.942596 0.584937
v 1.032034 0.924700 0.561259
v 1.067007 0.903692 0.574664
v 1.093542 1.014364 0.623189
v 1.130124 0.943735 0.590727
v 1.101037 0.922215 0.624877
v 1.114412 0.925905 0.574289
v 1.084237 0.910572 0.611934
v 1.090997 0.934849 0.591413
v 1.101746 0.944073 0.599162
v 1.107651 0.901623 0.594810
v 1.129416 0.921864 0.616442
v 1.073644 0.977764 0.649789
v 1.122406 0.976389 0.607671
v 1.096886 0.947189 0.637846
v 1.095370 0.965347 0.608311
v 1.072162 0.992172 0.617682
v 1.123922 0.958220 0.637207
v 1.095024 0.999950 0.655296
v 1.021943 1.058147 0.637922
v 1.012327 1.015156 0.661884
v 1.059151 1.040028 0.632302
v 1.044523 0.999334 0.657123
v 1.043537 1.011791 0.623875
v 1.011743 1.026617 0.628106
v 1.060137 1.027571 0.665550
v 1.022527 1.046690 0.671700
v 0.943032 1.034126 0.665751
v 0.983127 1.070911 0.641136
v 0.978224 1.026646 0.664705
v 0.977871 1.037607 0.630703
v 0.942664 1.044836 0.631664
v 0.983479 1.059946 0.675137
v 0.943990 1.068289 0.676445
v 0.998972 1.117054 0.405509
v 0.821653 1.023483 0.562755
v 0.666241 1.047220 0.644397
v 0.825101 1.080442 0.640177
v 0.835440 1.036613 0.663527
v 0.904105 1.082787 0.642016
v 0.907379 1.037798 0.665319
v 0.906727 1.048351 0.631189
v 0.864544 1.082998 0.640993
v 0.871407 1.038363 0.664280
v 0.870291 1.048796 0.630130
v 0.833782 1.046949 0.629364
v 0.904756 1.072245 0.676146
v 0.865660 1.072563 0.675143
v 0.826759 1.070114 0.674340
v 0.745868 1.069763 0.641546
v 0.763449 1.029028 0.665306
v 0.785567 1.075903 0.640325
v 0.799442 1.033350 0.663815
v 0.797256 1.043535 0.629637
v 0.760799 1.039042 0.631109
v 0.787754 1.065725 0.674502
v 0.748518 1.059738 0.675743
v 0.692081 1.016869 0.669925
v 0.706219 1.061584 0.643199
v 0.727719 1.023684 0.667517
v 0.724696 1.033546 0.633304
v 0.688837 1.025311 0.635713
v 0.709242 1.051714 0.677413
v 0.669485 1.039900 0.678608
v 0.687699 0.951506 0.595525
v 0.616643 0.960878 0.629047
v 0.648894 0.983294 0.666092
v 0.627352 1.012712 0.642051
v 0.658500 1.004826 0.670930
v 0.655429 1.007898 0.636829
v 0.645459 0.986361 0.633132
v 0.630463 1.013090 0.676153
v 0.620208 0.963396 0.662010
v 0.700849 0.969692 0.642893
v 0.649345 0.944237 0.612065
v 0.671102 0.969980 0.656025
v 0.664889 0.978676 0.625256
v 0.691838 0.983332 0.613614
v 0.655550 0.940002 0.642834
v 0.696680 0.940527 0.624804
v 0.758146 0.982019 0.571291
v 0.763503 0.990295 0.621148
v 0.724025 0.966316 0.581292
v 0.732120 0.976761 0.630340
v 0.720857 0.994385 0.602009
v 0.750504 1.008383 0.593452
v 0.735287 0.949493 0.609624
v 0.771144 0.963932 0.598988
v 0.826156 1.031595 0.612920
v 0.790495 1.001198 0.565494
v 0.794789 1.009111 0.615674
v 0.780490 1.026997 0.588417
v 0.810886 1.049242 0.585977
v 0.804794 0.983315 0.592751
v 0.836922 1.005829 0.589697
v 1.019514 1.106508 0.479936
v 0.911648 1.088921 0.552742
v 0.922232 1.099400 0.600549
v 0.851774 1.046412 0.560879
v 0.857432 1.055094 0.610696
v 0.841411 1.072506 0.583990
v 0.881623 1.068727 0.558143
v 0.889287 1.078228 0.607219
v 0.872648 1.095387 0.580699
v 0.905068 1.116316 0.574186
v 0.867795 1.029003 0.587586
v 0.898261 1.051567 0.584663
v 0.928811 1.071993 0.579106
v 0.969372 1.111826 0.525778
v 0.988795 1.124329 0.568737
v 0.941171 1.104021 0.542370
v 0.955685 1.115589 0.588196
v 0.938068 1.132277 0.561969
v 0.970787 1.140799 0.542635
v 0.958788 1.087345 0.568597
v 0.987380 1.095348 0.551880
v 1.050340 1.118448 0.514205
v 0.995699 1.112371 0.504191
v 1.020720 1.125196 0.543308
v 1.002376 1.141499 0.517321
v 1.031708 1.134607 0.488329
v 1.014042 1.096060 0.530178
v 1.038146 1.090347 0.505812
v 1.072618 1.036510 0.404383
v 1.060246 1.079475 0.431725
v 1.101138 1.082567 0.452221
v 1.040907 1.095442 0.455390
v 1.077289 1.104502 0.483633
v 1.058392 1.120539 0.457876
v 1.082296 1.098660 0.426694
v 1.059803 1.079416 0.481148
v 1.079087 1.063374 0.457252
v 1.094566 1.007698 0.400459
v 1.076238 1.055761 0.409105
v 1.116660 1.046278 0.417999
v 1.100269 1.063738 0.393426
v 1.088415 1.030228 0.378878
v 1.092629 1.038305 0.433678
v 1.078769 1.013971 0.425964
v 1.042503 1.055941 0.407933
v 1.025619 1.014341 0.394019
v 1.056782 1.038181 0.409177
v 1.054735 0.997669 0.397849
v 1.061051 1.023430 0.379157
v 1.040335 1.038750 0.376527
v 1.050466 1.012411 0.427869
v 1.027787 1.031534 0.425425
v 0.973046 1.077629 0.391381
v 1.022452 1.085527 0.405710
v 0.998300 1.045540 0.391315
v 1.017609 1.067904 0.374123
v 0.993795 1.099178 0.374119
v 1.003143 1.063177 0.422901
v 0.978222 1.095497 0.422771
v 0.676850 1.242622 0.293786
v 0.778069 1.275364 0.388936
v 0.916782 1.205954 0.408334
v 0.896899 1.163734 0.396647
v 0.973188 1.148438 0.406724
v 0.948101 1.108425 0.393095
v 0.968734 1.130142 0.375645
v 0.945870 1.178202 0.407931
v 0.922951 1.137133 0.395083
v 0.942748 1.159470 0.377382
v 0.915479 1.186895 0.378634
v 0.952555 1.126719 0.424173
v 0.926074 1.155865 0.425632
v 0.898202 1.182787 0.426346
v 0.852089 1.252762 0.404242
v 0.840223 1.208784 0.396462
v 0.885614 1.231121 0.407324
v 0.869449 1.187868 0.397282
v 0.886600 1.211926 0.378898
v 0.855857 1.233694 0.377639
v 0.868463 1.207067 0.425709
v 0.836455 1.227842 0.423065
v 0.776111 1.231771 0.388094
v 0.816201 1.266506 0.398320
v 0.809104 1.222357 0.393570
v 0.823269 1.247978 0.374234
v 0.788965 1.257854 0.368167
v 0.802037 1.240881 0.417656
v 0.765215 1.249285 0.408862
v 0.607113 1.219706 0.313999
v 0.698600 1.268442 0.361366
v 0.707623 1.226904 0.370403
v 0.738647 1.274914 0.376485
v 0.742079 1.232536 0.380284
v 0.753790 1.258810 0.359691
v 0.718329 1.254206 0.349058
v 0.726936 1.248640 0.397079
v 0.687896 1.240664 0.382711
v 0.630351 1.191414 0.337417
v 0.656715 1.262896 0.342795
v 0.671802 1.223186 0.357862
v 0.681565 1.253149 0.335608
v 0.638951 1.221882 0.313570
v 0.646953 1.231380 0.365049
v 0.598512 1.188299 0.337846
v 0.610119 1.182642 0.299616
v 0.631673 1.140995 0.297719
v 0.602201 1.180763 0.294044
v 0.628996 1.160933 0.318341
v 0.637257 1.188663 0.294851
v 0.642985 1.182650 0.295976
v 0.593940 1.153063 0.317534
v 0.598807 1.138508 0.301360
v 0.695773 1.194908 0.275547
v 0.640765 1.206453 0.297995
v 0.660157 1.156681 0.280680
v 0.663781 1.191475 0.303882
v 0.694107 1.217428 0.307107
v 0.637140 1.167891 0.274793
v 0.678515 1.218735 0.262226
v 0.907018 1.342047 0.224652
v 0.784874 1.277689 0.259180
v 0.804534 1.234018 0.240626
v 0.704262 1.266430 0.288811
v 0.722637 1.220196 0.270546
v 0.721174 1.238661 0.303017
v 0.741691 1.275448 0.275859
v 0.760467 1.231344 0.257481
v 0.759297 1.246559 0.289942
v 0.803321 1.248869 0.273090
v 0.705725 1.247152 0.256340
v 0.742861 1.259846 0.243398
v 0.786087 1.262829 0.226715
v 0.852599 1.301762 0.239693
v 0.872476 1.258192 0.221289
v 0.822180 1.284546 0.246382
v 0.842371 1.241127 0.227762
v 0.841343 1.256109 0.260140
v 0.872290 1.273615 0.253341
v 0.823208 1.269571 0.214004
v 0.852785 1.286337 0.207641
v 0.921356 1.297186 0.210534
v 0.878392 1.324144 0.235147
v 0.896503 1.280016 0.217944
v 0.898270 1.296169 0.248860
v 0.926628 1.314157 0.238768
v 0.876625 1.307978 0.204231
v 0.901746 1.325077 0.196418
v 1.040804 1.319601 0.113869
v 0.977252 1.342808 0.176298
v 0.979639 1.297287 0.173802
v 0.940813 1.347382 0.204107
v 0.949632 1.301874 0.195063
v 0.959710 1.319510 0.219007
v 0.995156 1.315155 0.192385
v 0.930735 1.329742 0.180163
v 0.961735 1.324940 0.157715
v 1.030758 1.278753 0.127257
v 1.010737 1.333078 0.146418
v 1.006839 1.288757 0.151180
v 1.027557 1.306129 0.164094
v 1.056426 1.294352 0.133898
v 0.990019 1.315706 0.133504
v 1.015136 1.304001 0.107227
v 1.067059 1.271011 0.049446
v 1.051177 1.258244 0.087770
v 1.062920 1.301052 0.077322
v 1.047417 1.269375 0.102391
v 1.077160 1.279936 0.101486
v 1.080162 1.256666 0.079252
v 1.033177 1.290485 0.078227
v 1.038074 1.272583 0.057964
v 1.008840 1.233580 0.099888
v 1.053661 1.224424 0.055063
v 1.047027 1.236343 0.100324
v 1.063797 1.214630 0.087867
v 1.003948 1.200958 0.086091
v 1.036892 1.246132 0.067520
v 1.024406 1.244635 0.068224
vt 0.100465 0.257464
vt 0.091994 0.254913
vt 0.104121 0.235273
vt 0.113816 0.236888
vt 0.120519 0.217192
vt 0.130936 0.221096
vt 0.141593 0.224361
vt 0.130791 0.236639
vt 0.117812 0.257803
vt 0.511790 0.142879
vt 0.501532 0.172977
vt 0.483494 0.167765
vt 0.486513 0.134063
vt 0.444329 0.164688
vt 0.440226 0.126002
vt 0.432486 0.088436
vt 0.483414 0.093039
vt 0.524276 0.106973
vt 0.895842 0.384022
vt 0.930068 0.395624
vt 0.926241 0.419978
vt 0.892770 0.401535
vt 0.918038 0.437314
vt 0.886400 0.414305
vt 0.865772 0.399434
vt 0.869743 0.388993
vt 0.871059 0.375467
vt 0.443168 0.460860
vt 0.447100 0.481210
vt 0.408500 0.471252
vt 0.411144 0.450988
vt 0.358619 0.451815
vt 0.365858 0.427507
vt 0.371938 0.404521
vt 0.414577 0.423395
vt 0.441705 0.438688
vt 0.399012 0.817040
vt 0.400385 0.846585
vt 0.376544 0.845608
vt 0.375470 0.815144
vt 0.338492 0.831392
vt 0.336075 0.799243
vt 0.332159 0.752140
vt 0.370262 0.767250
vt 0.393178 0.774307
vt 0.499215 0.204477
vt 0.504662 0.239418
vt 0.471164 0.240279
vt 0.482425 0.200638
vt 0.428373 0.246307
vt 0.442883 0.202543
vt 0.145943 0.258444
vt 0.156127 0.234201
vt 0.161780 0.217303
vt 0.196926 0.208031
vt 0.194026 0.228339
vt 0.187156 0.256442
vt 0.143792 0.198587
vt 0.154025 0.207199
vt 0.181520 0.177012
vt 0.190248 0.192563
vt 0.084217 0.622635
vt 0.123186 0.644343
vt 0.120850 0.677375
vt 0.084965 0.651175
vt 0.118099 0.699031
vt 0.085400 0.669997
vt 0.068224 0.651768
vt 0.060917 0.634124
vt 0.056833 0.608599
vt 0.145530 0.387967
vt 0.133117 0.402432
vt 0.098699 0.385936
vt 0.113172 0.376576
vt 0.086108 0.356155
vt 0.098024 0.355499
vt 0.110036 0.354528
vt 0.125891 0.365993
vt 0.160028 0.376734
vt 0.391737 0.898995
vt 0.393920 0.923601
vt 0.363416 0.917211
vt 0.366203 0.893860
vt 0.314811 0.901053
vt 0.323196 0.883197
vt 0.325615 0.878429
vt 0.368415 0.889326
vt 0.394226 0.893901
vt 0.979485 0.598838
vt 0.979140 0.631792
vt 0.954443 0.640731
vt 0.953890 0.610957
vt 0.947568 0.643398
vt 0.946595 0.614557
vt 0.941933 0.590371
vt 0.949464 0.585557
vt 0.976584 0.568923
vt 0.393878 0.548049
vt 0.391392 0.550970
vt 0.364691 0.539156
vt 0.365088 0.535368
vt 0.327731 0.523424
vt 0.326741 0.519660
vt 0.327961 0.506639
vt 0.372281 0.522913
vt 0.403146 0.534688
vt 0.071911 0.419947
vt 0.126171 0.441783
vt 0.129127 0.451056
vt 0.080568 0.434403
vt 0.128278 0.453491
vt 0.081480 0.439126
vt 0.047809 0.467458
vt 0.046641 0.464249
vt 0.041219 0.461144
vt 0.009848 0.627297
vt 0.002945 0.596309
vt 0.006305 0.598173
vt 0.013446 0.628998
vt 0.008209 0.597633
vt 0.014982 0.627966
vt 0.027610 0.657456
vt 0.026352 0.658833
vt 0.021834 0.657402
vt 0.083362 0.729851
vt 0.074507 0.731478
vt 0.042567 0.691498
vt 0.049179 0.692063
vt 0.050540 0.690349
vt 0.085475 0.728223
vt 0.789894 0.211360
vt 0.810168 0.157458
vt 0.850072 0.198811
vt 0.826796 0.237235
vt 0.878811 0.242172
vt 0.850581 0.267644
vt 0.827275 0.285559
vt 0.803636 0.264397
vt 0.768273 0.249293
vt 0.727448 0.479649
vt 0.722691 0.509177
vt 0.682180 0.517236
vt 0.692600 0.478160
vt 0.638026 0.532911
vt 0.657653 0.480831
vt 0.671426 0.447798
vt 0.702090 0.450766
vt 0.731203 0.456718
vt 0.657745 0.573328
vt 0.654521 0.565743
vt 0.677681 0.561535
vt 0.677871 0.569942
vt 0.712162 0.555081
vt 0.709825 0.563908
vt 0.708841 0.566399
vt 0.677383 0.572520
vt 0.663319 0.574676
vt 0.750198 0.753273
vt 0.733516 0.735593
vt 0.751381 0.727407
vt 0.766626 0.743897
vt 0.774838 0.712839
vt 0.787576 0.729631
vt 0.796235 0.741363
vt 0.775148 0.754750
vt 0.760840 0.762908
vt 0.793330 0.850725
vt 0.799124 0.844362
vt 0.819378 0.832827
vt 0.822709 0.835428
vt 0.858261 0.806126
vt 0.862795 0.808124
vt 0.878684 0.815673
vt 0.832295 0.846730
vt 0.795244 0.863156
vt 0.640916 0.259349
vt 0.640997 0.260030
vt 0.640380 0.260622
vt 0.640299 0.260067
vt 0.639678 0.260583
vt 0.639309 0.260192
vt 0.639460 0.259674
vt 0.639825 0.259181
vt 0.640411 0.259046
vt 0.603387 0.464716
vt 0.585880 0.497063
vt 0.558884 0.495482
vt 0.574745 0.466847
vt 0.534525 0.494237
vt 0.548432 0.470344
vt 0.564923 0.435608
vt 0.592454 0.426299
vt 0.624183 0.411560
vt 0.558402 0.577847
vt 0.556372 0.581886
vt 0.517650 0.581151
vt 0.520021 0.577152
vt 0.485344 0.579070
vt 0.488357 0.575425
vt 0.498385 0.560896
vt 0.528433 0.562295
vt 0.565151 0.563691
vt 0.607267 0.818200
vt 0.616248 0.840960
vt 0.559847 0.846175
vt 0.558209 0.820807
vt 0.512160 0.850315
vt 0.514482 0.823630
vt 0.508803 0.784269
vt 0.547566 0.785034
vt 0.588003 0.782728
vt 0.636442 0.893348
vt 0.647072 0.911872
vt 0.587619 0.922221
vt 0.575459 0.901915
vt 0.534985 0.926769
vt 0.523684 0.905083
vt 0.521660 0.898919
vt 0.572892 0.896120
vt 0.633550 0.887820
vt 0.702550 0.201881
vt 0.678307 0.255950
vt 0.659733 0.227330
vt 0.672304 0.183913
vt 0.636485 0.214624
vt 0.643746 0.168495
vt 0.643906 0.132780
vt 0.678218 0.142523
vt 0.714782 0.155823
vt 0.607867 0.513101
vt 0.623733 0.483884
vt 0.643634 0.442241
vt 0.603790 0.571078
vt 0.602117 0.580011
vt 0.633258 0.570025
vt 0.636052 0.576980
vt 0.644509 0.580397
vt 0.601272 0.583661
vt 0.643082 0.776519
vt 0.662566 0.807484
vt 0.680292 0.768200
vt 0.704033 0.794368
vt 0.725002 0.809301
vt 0.678030 0.826651
vt 0.700985 0.872683
vt 0.703422 0.878431
vt 0.769376 0.852422
vt 0.759341 0.863267
vt 0.761794 0.875620
vt 0.710797 0.893738
vt 0.757965 0.158217
vt 0.744452 0.203592
vt 0.727517 0.246245
vt 0.795654 0.476700
vt 0.799976 0.503399
vt 0.762611 0.506241
vt 0.762954 0.479010
vt 0.761567 0.456483
vt 0.790574 0.455602
vt 0.754053 0.550528
vt 0.750669 0.559037
vt 0.796676 0.547653
vt 0.793338 0.556119
vt 0.792098 0.558397
vt 0.749521 0.561348
vt 0.798268 0.697121
vt 0.810413 0.712351
vt 0.817735 0.678212
vt 0.828792 0.691792
vt 0.835305 0.701066
vt 0.817888 0.722931
vt 0.896435 0.768095
vt 0.901785 0.769042
vt 0.925175 0.724091
vt 0.931165 0.723864
vt 0.953075 0.723427
vt 0.921433 0.772819
vt 0.901771 0.282516
vt 0.871069 0.298345
vt 0.919147 0.323056
vt 0.886559 0.329787
vt 0.862074 0.332972
vt 0.847098 0.308695
vt 0.843341 0.462889
vt 0.859156 0.490780
vt 0.832172 0.498312
vt 0.822446 0.471049
vt 0.813146 0.449644
vt 0.829971 0.441888
vt 0.834980 0.545572
vt 0.831466 0.554746
vt 0.868695 0.543443
vt 0.864303 0.554069
vt 0.862226 0.556946
vt 0.829931 0.557230
vt 0.834769 0.659268
vt 0.841368 0.671540
vt 0.846690 0.645097
vt 0.849331 0.656685
vt 0.849594 0.666797
vt 0.845427 0.680196
vt 0.941586 0.681206
vt 0.948082 0.679727
vt 0.971619 0.674771
vt 0.928452 0.362193
vt 0.894435 0.359560
vt 0.869044 0.356673
vt 0.299936 0.142464
vt 0.291313 0.118122
vt 0.360932 0.099779
vt 0.370618 0.129165
vt 0.380136 0.158010
vt 0.307999 0.169151
vt 0.370347 0.228793
vt 0.300698 0.238390
vt 0.305535 0.200717
vt 0.376950 0.189859
vt 0.295565 0.440229
vt 0.308064 0.417535
vt 0.235216 0.428807
vt 0.248712 0.410242
vt 0.260269 0.390699
vt 0.319149 0.394810
vt 0.232496 0.486071
vt 0.230803 0.475810
vt 0.278673 0.491033
vt 0.281530 0.502478
vt 0.280899 0.505325
vt 0.231986 0.488599
vt 0.216874 0.741104
vt 0.218869 0.699108
vt 0.275226 0.727569
vt 0.276035 0.773041
vt 0.276892 0.804553
vt 0.215108 0.769892
vt 0.243285 0.867319
vt 0.175219 0.823205
vt 0.187147 0.814328
vt 0.254848 0.854010
vt 0.190176 0.811830
vt 0.257823 0.850411
vt 0.240441 0.248836
vt 0.245084 0.215585
vt 0.244979 0.189304
vt 0.180465 0.417327
vt 0.191032 0.400610
vt 0.205842 0.386754
vt 0.179821 0.459777
vt 0.181805 0.468953
vt 0.181345 0.471385
vt 0.169060 0.671162
vt 0.165867 0.708823
vt 0.162595 0.734088
vt 0.119667 0.777290
vt 0.130529 0.772299
vt 0.133393 0.770666
vt 0.233587 0.148180
vt 0.240313 0.168325
vt 0.106876 0.339161
vt 0.128652 0.347409
vt 0.106094 0.315605
vt 0.130826 0.322223
vt 0.165756 0.329105
vt 0.164097 0.355800
vt 0.081514 0.332722
vt 0.091717 0.334673
vt 0.081223 0.308667
vt 0.090687 0.311391
vt 0.013333 0.521807
vt 0.009746 0.521020
vt 0.022963 0.489714
vt 0.026890 0.491325
vt 0.028390 0.493780
vt 0.015144 0.523727
vt 0.101612 0.502570
vt 0.138425 0.505067
vt 0.133621 0.525611
vt 0.096524 0.521899
vt 0.126193 0.555418
vt 0.090047 0.550321
vt 0.062702 0.548099
vt 0.071382 0.524311
vt 0.081810 0.510342
vt 0.168473 0.571673
vt 0.177685 0.538467
vt 0.183794 0.515715
vt 0.231062 0.528463
vt 0.222887 0.550753
vt 0.218869 0.589796
vt 0.273827 0.612679
vt 0.273716 0.569608
vt 0.279353 0.543386
vt 0.325436 0.561927
vt 0.325166 0.589895
vt 0.326437 0.633380
vt 0.386607 0.615031
vt 0.385853 0.656855
vt 0.363028 0.647796
vt 0.362502 0.604861
vt 0.362650 0.577298
vt 0.387888 0.588438
vt 0.555486 0.647602
vt 0.564021 0.684734
vt 0.522976 0.683017
vt 0.514131 0.644969
vt 0.487759 0.681028
vt 0.480119 0.641924
vt 0.473296 0.616698
vt 0.506957 0.620198
vt 0.549231 0.623207
vt 0.608369 0.685855
vt 0.601387 0.650340
vt 0.597534 0.626765
vt 0.635334 0.630920
vt 0.635716 0.654436
vt 0.641930 0.688075
vt 0.715394 0.676946
vt 0.697849 0.681469
vt 0.689909 0.661438
vt 0.705637 0.657201
vt 0.686284 0.649120
vt 0.699267 0.644490
vt 0.719039 0.636947
vt 0.726652 0.649023
vt 0.738055 0.667601
vt 0.762441 0.656357
vt 0.751031 0.639889
vt 0.744222 0.628948
vt 0.770321 0.622250
vt 0.776344 0.631459
vt 0.787181 0.644595
vt 0.811047 0.633384
vt 0.800080 0.624676
vt 0.793118 0.618364
vt 0.807489 0.617209
vt 0.817575 0.619695
vt 0.828890 0.625289
vt 0.896773 0.541112
vt 0.926264 0.537479
vt 0.913599 0.555622
vt 0.889914 0.554221
vt 0.908812 0.560127
vt 0.886922 0.557635
vt 0.869893 0.440047
vt 0.896295 0.467362
vt 0.880696 0.480820
vt 0.859097 0.452590
vt 0.842764 0.432826
vt 0.852029 0.422619
vt 0.619388 0.387061
vt 0.600817 0.403371
vt 0.575061 0.413770
vt 0.576167 0.393582
vt 0.599014 0.388904
vt 0.616121 0.366642
vt 0.446064 0.402977
vt 0.425039 0.390048
vt 0.388013 0.383258
vt 0.397195 0.352078
vt 0.436110 0.354591
vt 0.464392 0.355743
vt 0.270732 0.363884
vt 0.334577 0.366504
vt 0.281143 0.329187
vt 0.345345 0.326718
vt 0.212653 0.363207
vt 0.218239 0.330709
vt 0.174779 0.292738
vt 0.231354 0.290355
vt 0.292187 0.284243
vt 0.106782 0.285647
vt 0.133403 0.288883
vt 0.083564 0.280835
vt 0.091312 0.284305
vt 0.002000 0.558696
vt 0.005556 0.559974
vt 0.007753 0.560820
vt 0.123102 0.598986
vt 0.083027 0.585377
vt 0.055936 0.577543
vt 0.169993 0.621087
vt 0.219856 0.644544
vt 0.274668 0.669631
vt 0.328825 0.691961
vt 0.388250 0.714980
vt 0.365749 0.706621
vt 0.572932 0.734275
vt 0.534581 0.734304
vt 0.496768 0.734202
vt 0.622821 0.732212
vt 0.657689 0.729661
vt 0.713493 0.709274
vt 0.731611 0.703027
vt 0.755133 0.691505
vt 0.780067 0.677193
vt 0.804054 0.660113
vt 0.825312 0.644523
vt 0.840325 0.633530
vt 0.971290 0.528021
vt 0.940304 0.559327
vt 0.931198 0.566766
vt 0.904866 0.449793
vt 0.876094 0.424826
vt 0.858428 0.409951
vt 0.478532 0.292960
vt 0.450826 0.295445
vt 0.411603 0.299403
vt 0.358590 0.277676
vt 0.394523 0.873594
vt 0.391433 0.882734
vt 0.366158 0.878162
vt 0.370360 0.869683
vt 0.324726 0.866186
vt 0.330628 0.857673
vt 0.336586 0.849574
vt 0.374482 0.861464
vt 0.397285 0.864237
vt 0.056425 0.679718
vt 0.034737 0.648381
vt 0.045673 0.646689
vt 0.068008 0.678419
vt 0.056930 0.648481
vt 0.078902 0.677083
vt 0.111860 0.710324
vt 0.101684 0.713590
vt 0.090769 0.716820
vt 0.025269 0.621697
vt 0.020923 0.595267
vt 0.030387 0.594378
vt 0.034871 0.618965
vt 0.038668 0.598484
vt 0.044450 0.622680
vt 0.811767 0.819110
vt 0.764542 0.840469
vt 0.756764 0.829814
vt 0.806837 0.809295
vt 0.753122 0.814889
vt 0.800459 0.800471
vt 0.836686 0.780171
vt 0.844895 0.785343
vt 0.851192 0.792179
vt 0.628815 0.865816
vt 0.634784 0.876375
vt 0.571645 0.884755
vt 0.566595 0.874120
vt 0.519405 0.887755
vt 0.515236 0.877278
vt 0.510754 0.867168
vt 0.561404 0.863804
vt 0.623098 0.855867
vt 0.701739 0.860083
vt 0.693751 0.850503
vt 0.689169 0.839586
vt 0.887611 0.755808
vt 0.878867 0.752819
vt 0.869483 0.749598
vt 0.893262 0.713588
vt 0.903427 0.713973
vt 0.912944 0.714426
vt 0.926936 0.618442
vt 0.930096 0.641726
vt 0.920898 0.644085
vt 0.918294 0.621462
vt 0.910633 0.648409
vt 0.909373 0.627454
vt 0.905156 0.611696
vt 0.913037 0.604931
vt 0.921016 0.600187
vt 0.926149 0.674925
vt 0.916501 0.676480
vt 0.906217 0.678489
vt 0.258682 0.837598
vt 0.192731 0.798933
vt 0.201649 0.792179
vt 0.266342 0.829645
vt 0.210149 0.785845
vt 0.273807 0.822191
vt 0.137499 0.758312
vt 0.147418 0.753152
vt 0.156760 0.748174
vt 0.083025 0.460726
vt 0.125513 0.465860
vt 0.131857 0.478950
vt 0.091084 0.475980
vt 0.137972 0.490673
vt 0.098583 0.488610
vt 0.070807 0.503758
vt 0.061548 0.495274
vt 0.052923 0.484977
vt 0.037665 0.508148
vt 0.045277 0.516870
vt 0.053713 0.523041
vt 0.043701 0.546847
vt 0.036169 0.541094
vt 0.027214 0.534545
vt 0.176477 0.480027
vt 0.226649 0.495382
vt 0.229762 0.505119
vt 0.180748 0.491041
vt 0.233193 0.514502
vt 0.185268 0.501461
vt 0.275413 0.511210
vt 0.322015 0.528683
vt 0.323742 0.537467
vt 0.277746 0.520221
vt 0.325107 0.546134
vt 0.280116 0.528933
vt 0.386634 0.564278
vt 0.387338 0.572797
vt 0.361742 0.561489
vt 0.360624 0.552907
vt 0.359126 0.544311
vt 0.385550 0.555924
vt 0.552233 0.599398
vt 0.548071 0.608041
vt 0.505303 0.605025
vt 0.509852 0.596929
vt 0.471462 0.601361
vt 0.475927 0.593616
vt 0.480568 0.586079
vt 0.514237 0.588838
vt 0.556220 0.590549
vt 0.603185 0.592711
vt 0.644938 0.590062
vt 0.643506 0.600831
vt 0.599201 0.601490
vt 0.646329 0.615233
vt 0.597855 0.611716
vt 0.677294 0.582439
vt 0.711447 0.575264
vt 0.713506 0.581813
vt 0.678392 0.591065
vt 0.711296 0.588844
vt 0.678642 0.600056
vt 0.752798 0.569456
vt 0.795178 0.566735
vt 0.793633 0.572406
vt 0.754119 0.575415
vt 0.789133 0.577860
vt 0.750385 0.581505
vt 0.832162 0.566422
vt 0.861376 0.567430
vt 0.857165 0.573273
vt 0.827905 0.571337
vt 0.850129 0.578782
vt 0.822636 0.576940
vt 0.880988 0.570507
vt 0.897009 0.575314
vt 0.891568 0.582554
vt 0.876765 0.577264
vt 0.883915 0.588557
vt 0.869100 0.582716
vt 0.021667 0.565577
vt 0.030933 0.568308
vt 0.037946 0.572807
vt 0.910790 0.584103
vt 0.904365 0.590924
vt 0.897518 0.597656
vt 0.392997 0.888718
vt 0.367375 0.884203
vt 0.325130 0.872792
vt 0.398634 0.859767
vt 0.376379 0.857949
vt 0.339313 0.846089
vt 0.030495 0.653027
vt 0.052821 0.685419
vt 0.087644 0.722982
vt 0.115909 0.708924
vt 0.082478 0.676477
vt 0.060626 0.649392
vt 0.013937 0.596342
vt 0.019425 0.624748
vt 0.048906 0.625058
vt 0.043675 0.601223
vt 0.814640 0.830264
vt 0.766306 0.847274
vt 0.813601 0.825298
vt 0.852853 0.798107
vt 0.853737 0.802955
vt 0.799112 0.747337
vt 0.778134 0.760409
vt 0.800526 0.748489
vt 0.779352 0.761656
vt 0.768873 0.766259
vt 0.764352 0.767191
vt 0.635233 0.882617
vt 0.573408 0.890889
vt 0.520844 0.893785
vt 0.620736 0.851565
vt 0.559366 0.858980
vt 0.508760 0.862545
vt 0.701469 0.866924
vt 0.736484 0.815063
vt 0.685804 0.835583
vt 0.891243 0.765747
vt 0.889856 0.761076
vt 0.916597 0.718739
vt 0.919190 0.722893
vt 0.838131 0.705494
vt 0.820862 0.728210
vt 0.839846 0.705842
vt 0.822494 0.728970
vt 0.938921 0.617494
vt 0.940459 0.644973
vt 0.935653 0.643037
vt 0.933246 0.617526
vt 0.927208 0.597088
vt 0.933257 0.594452
vt 0.851876 0.639463
vt 0.853516 0.650766
vt 0.853623 0.638952
vt 0.855216 0.650053
vt 0.854469 0.663900
vt 0.852681 0.664358
vt 0.934926 0.681293
vt 0.931041 0.678023
vt 0.848424 0.683071
vt 0.850161 0.683152
vt 0.191207 0.805918
vt 0.258127 0.844577
vt 0.277030 0.819005
vt 0.213871 0.783137
vt 0.135117 0.765004
vt 0.160725 0.745956
vt 0.126480 0.458659
vt 0.081954 0.449497
vt 0.049945 0.476296
vt 0.074374 0.506410
vt 0.101281 0.493025
vt 0.140372 0.495348
vt 0.032584 0.500748
vt 0.020612 0.528898
vt 0.049008 0.547404
vt 0.058566 0.524608
vt 0.229407 0.491427
vt 0.178801 0.474966
vt 0.187177 0.505916
vt 0.234864 0.518614
vt 0.325153 0.525729
vt 0.278399 0.507863
vt 0.281165 0.532695
vt 0.325420 0.549953
vt 0.388807 0.553261
vt 0.362256 0.541497
vt 0.387676 0.576811
vt 0.362121 0.565381
vt 0.556400 0.585666
vt 0.516205 0.584588
vt 0.483183 0.582194
vt 0.546027 0.611862
vt 0.503265 0.608781
vt 0.469512 0.605090
vt 0.644121 0.584890
vt 0.602089 0.587712
vt 0.595503 0.615501
vt 0.634522 0.619930
vt 0.675368 0.575210
vt 0.707973 0.569335
vt 0.709621 0.571790
vt 0.676274 0.578158
vt 0.684311 0.643787
vt 0.695673 0.639070
vt 0.687048 0.641375
vt 0.695236 0.637402
vt 0.715069 0.629853
vt 0.715295 0.631585
vt 0.748728 0.564063
vt 0.791234 0.561018
vt 0.793341 0.563430
vt 0.750781 0.566321
vt 0.741179 0.623900
vt 0.741359 0.622220
vt 0.768530 0.616324
vt 0.767965 0.617842
vt 0.828781 0.560012
vt 0.860333 0.560128
vt 0.861223 0.563400
vt 0.830647 0.562798
vt 0.791784 0.614811
vt 0.792558 0.613423
vt 0.812552 0.613726
vt 0.811315 0.614879
vt 0.884155 0.561700
vt 0.903845 0.565190
vt 0.900824 0.570056
vt 0.883083 0.565787
vt 0.825609 0.617526
vt 0.826734 0.616270
vt 0.837972 0.621019
vt 0.836656 0.622257
vt 0.014194 0.563106
vt 0.042876 0.574128
vt 0.921867 0.573413
vt 0.916259 0.578803
vt 0.846512 0.628944
vt 0.848280 0.628361
vt 0.507795 0.051364
vt 0.475278 0.047679
vt 0.423582 0.048802
vt 0.425434 0.015195
vt 0.470664 0.007891
vt 0.497935 0.005187
vt 0.280949 0.091889
vt 0.347750 0.067252
vt 0.281700 0.067284
vt 0.353973 0.037120
vt 0.222357 0.104036
vt 0.226481 0.125245
vt 0.177781 0.157591
vt 0.174848 0.140380
vt 0.140028 0.171958
vt 0.141624 0.184767
vt 0.117271 0.208224
vt 0.115429 0.199222
vt 0.087230 0.250420
vt 0.100497 0.228925
vt 0.083182 0.245852
vt 0.097671 0.222295
vt 0.071086 0.276978
vt 0.077491 0.277906
vt 0.073235 0.308711
vt 0.065627 0.310400
vt 0.064988 0.339224
vt 0.072894 0.335931
vt 0.076315 0.362533
vt 0.067182 0.369219
vt 0.125674 0.423035
vt 0.086188 0.402955
vt 0.178571 0.439751
vt 0.228466 0.453695
vt 0.281760 0.466198
vt 0.339872 0.480969
vt 0.423071 0.503544
vt 0.389306 0.492832
vt 0.569658 0.541767
vt 0.538826 0.536600
vt 0.511944 0.532437
vt 0.522500 0.512365
vt 0.546807 0.516609
vt 0.574695 0.522083
vt 0.602050 0.553733
vt 0.602465 0.535671
vt 0.619319 0.546909
vt 0.627521 0.558612
vt 0.648383 0.554454
vt 0.675875 0.543623
vt 0.716472 0.535713
vt 0.759040 0.531489
vt 0.800099 0.528525
vt 0.836669 0.524848
vt 0.868783 0.519556
vt 0.921010 0.501740
vt 0.895952 0.512431
vt 0.953871 0.463066
vt 0.937234 0.482609
vt 0.987028 0.481893
vt 0.966037 0.402871
vt 0.962349 0.436557
vt 0.998000 0.400024
vt 0.995168 0.442809
vt 0.951927 0.311202
vt 0.978682 0.295462
vt 0.993108 0.348604
vt 0.963436 0.359231
vt 0.905010 0.217154
vt 0.925311 0.196394
vt 0.955159 0.243536
vt 0.931490 0.263104
vt 0.847054 0.143962
vt 0.867413 0.131965
vt 0.893263 0.157002
vt 0.876100 0.173562
vt 0.728192 0.093055
vt 0.729930 0.050567
vt 0.794147 0.079845
vt 0.781148 0.109382
vt 0.842054 0.110846
vt 0.820044 0.122770
vt 0.799113 0.131766
vt 0.769285 0.131281
vt 0.722565 0.125439
vt 0.680028 0.112591
vt 0.677701 0.073884
vt 0.641695 0.103174
vt 0.633595 0.061180
vt 0.619224 0.012036
vt 0.669450 0.026972
vt 0.693320 0.764663
vt 0.717689 0.788726
vt 0.698785 0.762655
vt 0.722208 0.784803
vt 0.742441 0.796504
vt 0.739489 0.801781
vt 0.647033 0.635926
vt 0.646453 0.658605
vt 0.652189 0.637225
vt 0.651207 0.659280
vt 0.658576 0.690610
vt 0.653654 0.689866
vt 0.670187 0.728810
vt 0.675542 0.728158
vt 0.766414 0.804320
vt 0.797552 0.795575
vt 0.764817 0.799921
vt 0.794109 0.791817
vt 0.827540 0.773130
vt 0.831872 0.776483
vt 0.752772 0.806443
vt 0.753715 0.799907
vt 0.863567 0.747446
vt 0.858093 0.745392
vt 0.880487 0.712634
vt 0.886698 0.713140
vt 0.903882 0.650998
vt 0.903073 0.630982
vt 0.897378 0.653330
vt 0.896873 0.634146
vt 0.893663 0.619388
vt 0.899419 0.615740
vt 0.899438 0.679646
vt 0.892933 0.680659
vt 0.658035 0.616784
vt 0.649666 0.623675
vt 0.659759 0.621310
vt 0.655037 0.628304
vt 0.710499 0.593509
vt 0.679765 0.604764
vt 0.710058 0.597871
vt 0.679939 0.609081
vt 0.786108 0.581607
vt 0.748252 0.585663
vt 0.783259 0.585375
vt 0.746498 0.589749
vt 0.845458 0.582519
vt 0.818842 0.580635
vt 0.840937 0.586238
vt 0.815087 0.584305
vt 0.878658 0.592469
vt 0.863986 0.586493
vt 0.873537 0.596296
vt 0.859067 0.590273
vt 0.892254 0.601741
vt 0.887014 0.605543
vt 0.821669 0.768510
vt 0.850575 0.742452
vt 0.815388 0.763073
vt 0.842289 0.738907
vt 0.862491 0.710513
vt 0.871952 0.711782
vt 0.884011 0.681851
vt 0.874093 0.682804
vt 0.878588 0.659052
vt 0.888489 0.656247
vt 0.888314 0.638145
vt 0.878698 0.642134
vt 0.876381 0.628877
vt 0.885592 0.624076
vt 0.879732 0.610672
vt 0.871264 0.616184
vt 0.858724 0.607697
vt 0.866587 0.601705
vt 0.852512 0.595708
vt 0.845254 0.601856
vt 0.828396 0.597849
vt 0.834932 0.591619
vt 0.810056 0.589679
vt 0.804677 0.596076
vt 0.775864 0.597730
vt 0.779578 0.590973
vt 0.744527 0.595747
vt 0.742930 0.602891
vt 0.710657 0.611131
vt 0.709951 0.604023
vt 0.681568 0.614919
vt 0.684764 0.621311
vt 0.669848 0.632079
vt 0.664174 0.626841
vt 0.660766 0.633793
vt 0.667718 0.638033
vt 0.665760 0.644523
vt 0.658659 0.641481
vt 0.658037 0.659685
vt 0.665828 0.660947
vt 0.673032 0.687601
vt 0.664827 0.687886
vt 0.681675 0.723565
vt 0.690292 0.722215
vt 0.712356 0.752971
vt 0.704201 0.756713
vt 0.726794 0.778303
vt 0.732881 0.771951
vt 0.748747 0.782381
vt 0.745071 0.789569
vt 0.755145 0.791860
vt 0.757294 0.783866
vt 0.764647 0.785227
vt 0.764292 0.792998
vt 0.790297 0.786199
vt 0.786923 0.779399
vt 0.827683 0.731693
vt 0.804530 0.752398
vt 0.801840 0.749702
vt 0.824153 0.729811
vt 0.841706 0.706272
vt 0.845732 0.707247
vt 0.856402 0.683343
vt 0.852122 0.683223
vt 0.856493 0.663519
vt 0.860842 0.662821
vt 0.861444 0.648162
vt 0.857208 0.649430
vt 0.855613 0.638443
vt 0.859575 0.636543
vt 0.854788 0.625533
vt 0.850436 0.627694
vt 0.839964 0.620083
vt 0.843910 0.617945
vt 0.831960 0.612703
vt 0.828466 0.615170
vt 0.813938 0.612373
vt 0.816842 0.609475
vt 0.795649 0.608625
vt 0.793521 0.611887
vt 0.769109 0.614679
vt 0.770315 0.611175
vt 0.741615 0.616888
vt 0.741471 0.620509
vt 0.714729 0.628181
vt 0.713828 0.624685
vt 0.692433 0.632919
vt 0.694263 0.635982
vt 0.683163 0.642194
vt 0.680525 0.640241
vt 0.678429 0.644271
vt 0.680845 0.644839
vt 0.681206 0.649161
vt 0.678049 0.649078
vt 0.680299 0.661670
vt 0.683801 0.660967
vt 0.691271 0.681499
vt 0.687722 0.683004
vt 0.703485 0.712797
vt 0.706766 0.710416
vt 0.726904 0.737745
vt 0.723938 0.740686
vt 0.741251 0.758679
vt 0.744177 0.756072
vt 0.755979 0.766023
vt 0.753676 0.768835
vt 0.759807 0.771543
vt 0.759979 0.769208
vt 0.764933 0.768853
vt 0.765100 0.772002
vt 0.781528 0.766392
vt 0.779991 0.763200
vt 0.809363 0.757299
vt 0.834174 0.735051
vt 0.853180 0.708870
vt 0.864287 0.683300
vt 0.868775 0.661341
vt 0.869142 0.645627
vt 0.867076 0.633223
vt 0.862400 0.621445
vt 0.850695 0.613508
vt 0.837997 0.607930
vt 0.822012 0.604217
vt 0.799598 0.602848
vt 0.772630 0.604964
vt 0.741984 0.610451
vt 0.712182 0.618486
vt 0.688843 0.627643
vt 0.675744 0.636754
vt 0.673459 0.642087
vt 0.672630 0.648049
vt 0.673734 0.661792
vt 0.681107 0.685215
vt 0.697445 0.716981
vt 0.718583 0.746105
vt 0.737318 0.764579
vt 0.750976 0.774581
vt 0.758158 0.776723
vt 0.764922 0.777768
vt 0.783974 0.772280
vt 0.583105 0.308208
vt 0.579439 0.327424
vt 0.565114 0.319374
vt 0.573564 0.301128
vt 0.550402 0.317876
vt 0.560546 0.298546
vt 0.573157 0.279393
vt 0.587948 0.286309
vt 0.597477 0.294576
vt 0.860567 0.383968
vt 0.860892 0.372814
vt 0.860918 0.372022
vt 0.860970 0.384684
vt 0.861609 0.372724
vt 0.861398 0.385420
vt 0.858775 0.395041
vt 0.858533 0.394451
vt 0.858271 0.393685
vt 0.934839 0.594002
vt 0.940260 0.617761
vt 0.936707 0.592990
vt 0.941901 0.616876
vt 0.943100 0.645058
vt 0.941472 0.645654
vt 0.791640 0.278363
vt 0.759097 0.265013
vt 0.758425 0.263196
vt 0.791913 0.277276
vt 0.758783 0.262253
vt 0.792622 0.276384
vt 0.818233 0.291926
vt 0.817199 0.291892
vt 0.816448 0.294020
vt 0.704135 0.437887
vt 0.729080 0.443864
vt 0.731061 0.446229
vt 0.704352 0.438825
vt 0.730788 0.446972
vt 0.704240 0.439717
vt 0.676350 0.437463
vt 0.676121 0.436507
vt 0.676074 0.432919
vt 0.644517 0.568396
vt 0.647863 0.575101
vt 0.645200 0.567647
vt 0.648805 0.574250
vt 0.655937 0.576353
vt 0.655080 0.576916
vt 0.675225 0.574982
vt 0.675891 0.574184
vt 0.707951 0.568255
vt 0.707519 0.569053
vt 0.786508 0.848448
vt 0.778389 0.856774
vt 0.788109 0.848544
vt 0.780540 0.856575
vt 0.781146 0.868472
vt 0.779609 0.869003
vt 0.853607 0.803903
vt 0.814677 0.830966
vt 0.854976 0.804590
vt 0.816131 0.831640
vt 0.625495 0.276989
vt 0.621895 0.278702
vt 0.611665 0.276271
vt 0.614860 0.274189
vt 0.603138 0.273758
vt 0.603319 0.271945
vt 0.604299 0.270603
vt 0.615535 0.273434
vt 0.625846 0.276240
vt 0.657513 0.279865
vt 0.644629 0.293668
vt 0.644786 0.287987
vt 0.657320 0.278041
vt 0.644465 0.284533
vt 0.657542 0.275755
vt 0.682930 0.266508
vt 0.682728 0.267294
vt 0.676393 0.271707
vt 0.577655 0.512718
vt 0.551468 0.507033
vt 0.527812 0.503113
vt 0.528193 0.502343
vt 0.551566 0.506114
vt 0.577738 0.511726
vt 0.720658 0.135890
vt 0.720036 0.136733
vt 0.679154 0.126384
vt 0.680067 0.125734
vt 0.642830 0.118517
vt 0.643707 0.117809
vt 0.603495 0.527281
vt 0.603825 0.526383
vt 0.625556 0.543485
vt 0.625063 0.544286
vt 0.652345 0.423035
vt 0.651726 0.423696
vt 0.651309 0.424623
vt 0.634542 0.397946
vt 0.635278 0.397458
vt 0.633438 0.391765
vt 0.803946 0.137926
vt 0.764466 0.139611
vt 0.804381 0.138986
vt 0.764197 0.140627
vt 0.718955 0.262815
vt 0.719007 0.261932
vt 0.719395 0.261082
vt 0.760532 0.445971
vt 0.788543 0.444909
vt 0.787459 0.446957
vt 0.760825 0.446736
vt 0.788244 0.447512
vt 0.761127 0.447529
vt 0.748163 0.563757
vt 0.748589 0.563047
vt 0.791087 0.559996
vt 0.790623 0.560641
vt 0.919514 0.723924
vt 0.891261 0.766777
vt 0.921092 0.724024
vt 0.892724 0.767207
vt 0.835489 0.312082
vt 0.836222 0.311561
vt 0.837315 0.311878
vt 0.852566 0.333004
vt 0.851654 0.332348
vt 0.849649 0.333228
vt 0.807741 0.439865
vt 0.823368 0.432821
vt 0.824448 0.433107
vt 0.808560 0.440518
vt 0.825307 0.433491
vt 0.809429 0.441043
vt 0.828210 0.559516
vt 0.828735 0.558882
vt 0.860634 0.558816
vt 0.859937 0.559494
vt 0.935620 0.682212
vt 0.937256 0.681983
vt 0.857375 0.354318
vt 0.858254 0.354648
vt 0.859117 0.355378
vt 0.884239 0.560850
vt 0.884946 0.559916
vt 0.905513 0.563023
vt 0.904410 0.564109
vt 0.835812 0.424622
vt 0.844955 0.416010
vt 0.846152 0.416125
vt 0.836752 0.424765
vt 0.846758 0.416255
vt 0.837541 0.425004
vt 0.582085 0.355710
vt 0.581101 0.356435
vt 0.573026 0.353395
vt 0.573361 0.352644
vt 0.564025 0.350897
vt 0.564142 0.349965
vt 0.565258 0.348634
vt 0.572767 0.349645
vt 0.580600 0.352695
vt 0.629463 0.379524
vt 0.628114 0.380518
vt 0.626825 0.381126
vt 0.620729 0.363214
vt 0.624405 0.360385
vt 0.628505 0.357893
vt 0.923276 0.572146
vt 0.925272 0.570771
vt 0.852215 0.404757
vt 0.852731 0.405168
vt 0.853073 0.405450
vt 0.637877 0.558443
vt 0.638452 0.557619
vt 0.856144 0.122135
vt 0.834161 0.131034
vt 0.857246 0.123107
vt 0.835294 0.132184
vt 0.508020 0.173599
vt 0.504807 0.203998
vt 0.509539 0.173302
vt 0.506472 0.202983
vt 0.509648 0.226843
vt 0.508180 0.228836
vt 0.464604 0.372804
vt 0.451895 0.409760
vt 0.465514 0.375190
vt 0.453965 0.410150
vt 0.452161 0.444990
vt 0.450847 0.445072
vt 0.454590 0.465854
vt 0.455663 0.465566
vt 0.460722 0.476459
vt 0.459928 0.476993
vt 0.536908 0.123514
vt 0.520774 0.144868
vt 0.537714 0.124512
vt 0.522084 0.144882
vt 0.632882 0.274519
vt 0.626389 0.273415
vt 0.619199 0.270599
vt 0.625596 0.266672
vt 0.608218 0.266689
vt 0.612699 0.260526
vt 0.621312 0.252580
vt 0.633618 0.264855
vt 0.644186 0.278290
vt 0.634167 0.279098
vt 0.634250 0.280601
vt 0.626173 0.284913
vt 0.614215 0.292365
vt 0.602345 0.283065
vt 0.578681 0.277520
vt 0.579197 0.267678
vt 0.593869 0.272341
vt 0.523819 0.246617
vt 0.524228 0.250493
vt 0.516152 0.248485
vt 0.514824 0.241248
vt 0.515521 0.239607
vt 0.524019 0.245486
vt 0.609399 0.357050
vt 0.597292 0.355000
vt 0.587265 0.344386
vt 0.596557 0.343677
vt 0.579154 0.335312
vt 0.580632 0.330327
vt 0.603738 0.343144
vt 0.475803 0.363141
vt 0.476426 0.361118
vt 0.477594 0.349945
vt 0.487509 0.349486
vt 0.484000 0.355800
vt 0.483337 0.357275
vt 0.604869 0.363235
vt 0.593960 0.360549
vt 0.595563 0.359061
vt 0.609071 0.359625
vt 0.588743 0.377320
vt 0.589121 0.377403
vt 0.589065 0.377897
vt 0.588227 0.377945
vt 0.589080 0.378390
vt 0.588500 0.378458
vt 0.587825 0.378247
vt 0.587662 0.377602
vt 0.588259 0.377303
vt 0.522540 0.237490
vt 0.528357 0.243078
vt 0.524682 0.244504
vt 0.516245 0.238335
vt 0.510649 0.225593
vt 0.517070 0.225414
vt 0.626522 0.275592
vt 0.616735 0.272378
vt 0.606001 0.268935
vt 0.644695 0.282239
vt 0.634441 0.278249
vt 0.658109 0.273832
vt 0.656847 0.272711
vt 0.683118 0.265627
vt 0.719747 0.260135
vt 0.759134 0.261171
vt 0.793496 0.275402
vt 0.819401 0.292008
vt 0.838505 0.312268
vt 0.853574 0.333732
vt 0.860046 0.356181
vt 0.862338 0.373550
vt 0.861856 0.386208
vt 0.859009 0.395695
vt 0.853430 0.405738
vt 0.847416 0.416391
vt 0.838371 0.425285
vt 0.826212 0.433935
vt 0.810332 0.441637
vt 0.789050 0.448157
vt 0.761436 0.448400
vt 0.730506 0.447810
vt 0.704088 0.440637
vt 0.676578 0.438529
vt 0.650827 0.425657
vt 0.633638 0.398384
vt 0.625890 0.381651
vt 0.618558 0.364878
vt 0.601673 0.367233
vt 0.592486 0.363519
vt 0.593009 0.361686
vt 0.602297 0.364648
vt 0.581505 0.357215
vt 0.579380 0.358363
vt 0.573031 0.357031
vt 0.573233 0.354650
vt 0.564807 0.355481
vt 0.564152 0.352477
vt 0.478495 0.366739
vt 0.471501 0.377366
vt 0.466197 0.376402
vt 0.475646 0.364487
vt 0.482934 0.358496
vt 0.486235 0.362682
vt 0.455397 0.410339
vt 0.460028 0.413724
vt 0.456665 0.447666
vt 0.453297 0.444877
vt 0.456540 0.465293
vt 0.460033 0.465750
vt 0.462748 0.473681
vt 0.461319 0.476087
vt 0.578101 0.511031
vt 0.551919 0.505515
vt 0.528545 0.501762
vt 0.604104 0.525695
vt 0.625892 0.542802
vt 0.638899 0.556797
vt 0.646119 0.567240
vt 0.649977 0.573977
vt 0.656974 0.575958
vt 0.676555 0.573439
vt 0.708342 0.567451
vt 0.748984 0.562315
vt 0.791516 0.559320
vt 0.829221 0.558206
vt 0.861278 0.558069
vt 0.885556 0.558909
vt 0.906698 0.561788
vt 0.927548 0.569213
vt 0.938803 0.591931
vt 0.943764 0.615971
vt 0.944903 0.644447
vt 0.939031 0.681753
vt 0.922783 0.724140
vt 0.894269 0.767665
vt 0.856367 0.805303
vt 0.817565 0.832223
vt 0.789816 0.848436
vt 0.782451 0.856108
vt 0.782701 0.867956
vt 0.858347 0.124078
vt 0.836250 0.133248
vt 0.804661 0.139757
vt 0.763995 0.141363
vt 0.719540 0.137410
vt 0.678510 0.126852
vt 0.642211 0.119026
vt 0.537991 0.125440
vt 0.522875 0.145504
vt 0.537358 0.131538
vt 0.527054 0.147418
vt 0.515764 0.177448
vt 0.510752 0.173365
vt 0.507713 0.202274
vt 0.512173 0.204771
vt 0.630107 0.355073
vt 0.611947 0.346002
vt 0.597076 0.330882
vt 0.610609 0.334966
vt 0.620801 0.346159
vt 0.631625 0.352280
vt 0.610086 0.301008
vt 0.598555 0.314385
vt 0.620357 0.309823
vt 0.611374 0.320092
vt 0.642637 0.301459
vt 0.641361 0.307906
vt 0.631735 0.305471
vt 0.625412 0.298215
vt 0.637739 0.308821
vt 0.634437 0.314641
vt 0.629225 0.317777
vt 0.628793 0.310270
vt 0.627582 0.322832
vt 0.622964 0.316377
vt 0.624688 0.327307
vt 0.618099 0.323342
vt 0.624031 0.332457
vt 0.616048 0.332549
vt 0.624926 0.337833
vt 0.619022 0.342543
vt 0.628878 0.344277
vt 0.628581 0.348291
vt 0.634165 0.339613
vt 0.632179 0.336734
vt 0.630234 0.334020
vt 0.633983 0.335208
vt 0.636314 0.338396
vt 0.636992 0.341056
vt 0.630885 0.324264
vt 0.629206 0.329406
vt 0.632835 0.324994
vt 0.633078 0.330133
vt 0.634883 0.318869
vt 0.635841 0.320697
vt 0.633717 0.322293
vt 0.631863 0.320348
vt 0.639811 0.315486
vt 0.639673 0.315046
vt 0.643029 0.314882
vt 0.642898 0.315828
vt 0.638053 0.316631
vt 0.637975 0.315258
vt 0.637957 0.314280
vt 0.641187 0.314022
vt 0.633436 0.349209
vt 0.633705 0.347069
vt 0.634986 0.346376
vt 0.635313 0.347904
vt 0.635931 0.345932
vt 0.636075 0.347284
vt 0.642143 0.314127
vt 0.634662 0.349840
vt 0.632815 0.350356
vt 0.635279 0.349040
vt 0.633459 0.347158
vt 0.633277 0.349096
vt 0.636099 0.345912
vt 0.635302 0.345987
vt 0.636675 0.348521
vt 0.635732 0.350273
vt 0.639949 0.345579
vt 0.632761 0.350440
vt 0.636791 0.350596
vt 0.635485 0.351106
vt 0.634816 0.350846
vt 0.639809 0.311272
vt 0.643000 0.314129
vt 0.635082 0.313523
vt 0.642771 0.317884
vt 0.635497 0.318855
vt 0.641667 0.316413
vt 0.635052 0.316740
vt 0.643108 0.314401
vt 0.643186 0.316079
vt 0.643038 0.315877
vt 0.643113 0.315452
vt 0.642586 0.342365
vt 0.638654 0.339372
vt 0.636384 0.327996
vt 0.635567 0.333222
vt 0.653186 0.347007
vt 0.643353 0.337473
vt 0.639786 0.332430
vt 0.638128 0.323810
vt 0.641196 0.326349
vt 0.644341 0.347612
vt 0.538234 0.209713
vt 0.538732 0.210788
vt 0.537968 0.211653
vt 0.537441 0.210613
vt 0.537003 0.211999
vt 0.536328 0.211505
vt 0.536261 0.210660
vt 0.536484 0.209839
vt 0.537316 0.209335
vt 0.560737 0.143572
vt 0.556411 0.178343
vt 0.536012 0.170391
vt 0.541352 0.144217
vt 0.548811 0.125101
vt 0.564361 0.121298
vt 0.552093 0.116733
vt 0.565452 0.113415
vt 0.565050 0.114071
vt 0.551909 0.117574
vt 0.565960 0.112397
vt 0.552295 0.115522
vt 0.545190 0.100719
vt 0.559843 0.098472
vt 0.516548 0.003689
vt 0.530592 0.002666
vt 0.544901 0.053177
vt 0.529668 0.053256
vt 0.426339 0.902021
vt 0.430744 0.927215
vt 0.414718 0.926161
vt 0.410904 0.901131
vt 0.413015 0.895710
vt 0.428083 0.896391
vt 0.426487 0.891332
vt 0.411546 0.890603
vt 0.409764 0.884726
vt 0.424592 0.885465
vt 0.426180 0.875697
vt 0.411997 0.875264
vt 0.413808 0.865745
vt 0.427088 0.866257
vt 0.427951 0.862142
vt 0.414995 0.861363
vt 0.416947 0.849945
vt 0.429260 0.851881
vt 0.428270 0.826013
vt 0.414793 0.822052
vt 0.410280 0.779072
vt 0.424186 0.782991
vt 0.418817 0.724824
vt 0.405013 0.720650
vt 0.402228 0.662840
vt 0.415360 0.667197
vt 0.403063 0.595500
vt 0.413105 0.600534
vt 0.413914 0.626127
vt 0.402334 0.621501
vt 0.402525 0.579993
vt 0.412030 0.585177
vt 0.412234 0.589342
vt 0.402785 0.584113
vt 0.402080 0.563382
vt 0.413315 0.568580
vt 0.412837 0.576804
vt 0.402474 0.571552
vt 0.408541 0.558686
vt 0.420234 0.563705
vt 0.417028 0.565926
vt 0.405559 0.560827
vt 0.423469 0.560740
vt 0.411557 0.555801
vt 0.421564 0.541836
vt 0.433477 0.546486
vt 0.459797 0.490870
vt 0.468834 0.495860
vt 0.453074 0.514962
vt 0.442274 0.509914
vt 0.476589 0.487548
vt 0.467374 0.483529
vt 0.467784 0.482767
vt 0.476666 0.486577
vt 0.468545 0.478589
vt 0.478881 0.481577
vt 0.476833 0.485930
vt 0.468199 0.482394
vt 0.468560 0.450994
vt 0.486853 0.450076
vt 0.482269 0.468792
vt 0.468695 0.468898
vt 0.483467 0.392903
vt 0.500493 0.397777
vt 0.494233 0.422962
vt 0.474117 0.420911
vt 0.495136 0.379411
vt 0.495800 0.379044
vt 0.496344 0.379422
vt 0.495679 0.379471
vt 0.496192 0.380086
vt 0.495836 0.380443
vt 0.495418 0.380432
vt 0.495062 0.380280
vt 0.494798 0.379976
vt 0.511529 0.352102
vt 0.522412 0.350761
vt 0.522719 0.351935
vt 0.511655 0.353132
vt 0.521346 0.355367
vt 0.510189 0.355994
vt 0.502798 0.356493
vt 0.500433 0.354043
vt 0.500552 0.353033
vt 0.511547 0.349193
vt 0.522352 0.347631
vt 0.522611 0.349926
vt 0.511759 0.351205
vt 0.500804 0.352168
vt 0.503738 0.350017
vt 0.488773 0.331951
vt 0.510238 0.321829
vt 0.511298 0.323606
vt 0.490983 0.333742
vt 0.517315 0.331217
vt 0.499226 0.338159
vt 0.517652 0.263225
vt 0.537099 0.268863
vt 0.521904 0.294886
vt 0.500350 0.297812
vt 0.532591 0.254413
vt 0.548463 0.258597
vt 0.541285 0.265951
vt 0.523383 0.260624
vt 0.550818 0.256111
vt 0.535004 0.251762
vt 0.535625 0.250725
vt 0.551417 0.255068
vt 0.537580 0.246135
vt 0.553147 0.249873
vt 0.552307 0.253801
vt 0.536686 0.249691
vt 0.535320 0.224675
vt 0.554328 0.224092
vt 0.554155 0.239488
vt 0.536600 0.236245
vt 0.580219 0.214009
vt 0.580704 0.215338
vt 0.579909 0.216277
vt 0.579504 0.214984
vt 0.578908 0.216451
vt 0.578248 0.215884
vt 0.578055 0.215025
vt 0.578230 0.214102
vt 0.579029 0.213555
vt 0.598420 0.151922
vt 0.598102 0.190688
vt 0.578642 0.177448
vt 0.579174 0.147402
vt 0.579664 0.122212
vt 0.596645 0.123832
vt 0.579230 0.112626
vt 0.595166 0.112777
vt 0.594622 0.113395
vt 0.578708 0.113275
vt 0.595874 0.111891
vt 0.579851 0.111671
vt 0.574235 0.097250
vt 0.591065 0.097085
vt 0.544413 0.002000
vt 0.561243 0.002415
vt 0.577363 0.052927
vt 0.559715 0.052682
vt 0.460991 0.904204
vt 0.467549 0.928316
vt 0.446997 0.927792
vt 0.442198 0.902253
vt 0.442538 0.896255
vt 0.459758 0.897899
vt 0.459116 0.892858
vt 0.441272 0.891444
vt 0.439940 0.885156
vt 0.458144 0.886930
vt 0.456477 0.876607
vt 0.440212 0.874411
vt 0.439997 0.865235
vt 0.454996 0.866765
vt 0.454194 0.862338
vt 0.439980 0.861327
vt 0.441651 0.851091
vt 0.457157 0.851800
vt 0.458744 0.828713
vt 0.442548 0.826828
vt 0.438220 0.786161
vt 0.455378 0.789300
vt 0.448224 0.731513
vt 0.432471 0.728362
vt 0.428324 0.671015
vt 0.443057 0.674652
vt 0.422949 0.605044
vt 0.434545 0.609021
vt 0.438587 0.634257
vt 0.425364 0.630277
vt 0.420731 0.590210
vt 0.432100 0.593779
vt 0.431773 0.597876
vt 0.421332 0.594090
vt 0.424768 0.574067
vt 0.438714 0.578248
vt 0.435046 0.585755
vt 0.422452 0.582496
vt 0.431675 0.568253
vt 0.444856 0.572187
vt 0.441905 0.574787
vt 0.428459 0.570696
vt 0.448251 0.569046
vt 0.435012 0.565193
vt 0.445038 0.550850
vt 0.458393 0.554841
vt 0.478528 0.499834
vt 0.489810 0.503781
vt 0.475807 0.523701
vt 0.463583 0.519510
vt 0.496436 0.495580
vt 0.485731 0.491564
vt 0.485717 0.490596
vt 0.496354 0.494597
vt 0.489106 0.485407
vt 0.500928 0.489201
vt 0.496804 0.494088
vt 0.485943 0.489968
vt 0.504261 0.448634
vt 0.522451 0.445928
vt 0.510096 0.471971
vt 0.495901 0.469585
vt 0.516376 0.408660
vt 0.538966 0.402138
vt 0.530601 0.425734
vt 0.510426 0.429412
vt 0.525226 0.387855
vt 0.526012 0.387639
vt 0.526552 0.388311
vt 0.525836 0.388707
vt 0.526891 0.388994
vt 0.526580 0.389478
vt 0.526179 0.390041
vt 0.525570 0.389666
vt 0.525018 0.388797
vt 0.536549 0.350257
vt 0.546552 0.349911
vt 0.546825 0.351165
vt 0.536813 0.351481
vt 0.546266 0.354467
vt 0.535173 0.354788
vt 0.536385 0.346778
vt 0.547441 0.346547
vt 0.546475 0.349008
vt 0.536468 0.349251
vt 0.531435 0.317932
vt 0.551005 0.319362
vt 0.531990 0.319578
vt 0.551922 0.328747
vt 0.535001 0.328914
vt 0.556121 0.272832
vt 0.542929 0.295606
vt 0.561699 0.261798
vt 0.558828 0.270443
vt 0.580134 0.264660
vt 0.563217 0.259903
vt 0.563670 0.258996
vt 0.580942 0.263742
vt 0.567014 0.253839
vt 0.584136 0.259861
vt 0.581987 0.262738
vt 0.564617 0.257671
vt 0.573474 0.232132
vt 0.590279 0.235728
vt 0.586356 0.250009
vt 0.570060 0.243651
vt 0.591910 0.268440
vt 0.592872 0.267604
vt 0.596736 0.264281
vt 0.594339 0.266579
vt 0.605552 0.246511
vt 0.600011 0.256005
vt 0.614543 0.232563
vt 0.614946 0.233397
vt 0.614371 0.233967
vt 0.613926 0.233101
vt 0.613618 0.234113
vt 0.613063 0.233647
vt 0.612799 0.233099
vt 0.613073 0.232531
vt 0.613787 0.232190
vt 0.618555 0.194784
vt 0.619425 0.158806
vt 0.617346 0.127099
vt 0.615575 0.114454
vt 0.614999 0.115020
vt 0.616374 0.113655
vt 0.612664 0.098536
vt 0.584763 0.005156
vt 0.601010 0.055268
vt 0.495890 0.928334
vt 0.486674 0.905455
vt 0.484958 0.899154
vt 0.484233 0.894050
vt 0.483111 0.888083
vt 0.480121 0.877735
vt 0.477034 0.867759
vt 0.475679 0.863175
vt 0.479342 0.851824
vt 0.481225 0.826473
vt 0.478958 0.787583
vt 0.468706 0.733694
vt 0.461942 0.678125
vt 0.450286 0.612735
vt 0.455921 0.638181
vt 0.448267 0.597309
vt 0.446649 0.601086
vt 0.456368 0.582244
vt 0.452049 0.589572
vt 0.461935 0.575790
vt 0.459321 0.578633
vt 0.465252 0.572434
vt 0.475575 0.558203
vt 0.503925 0.507985
vt 0.491353 0.528053
vt 0.509866 0.499610
vt 0.509996 0.498710
vt 0.515495 0.492205
vt 0.510408 0.498160
vt 0.542131 0.441587
vt 0.527346 0.471755
vt 0.557260 0.403817
vt 0.551728 0.421274
vt 0.556562 0.384868
vt 0.557125 0.384610
vt 0.557809 0.384898
vt 0.557323 0.385285
vt 0.558288 0.385406
vt 0.558174 0.385841
vt 0.557747 0.386043
vt 0.557137 0.386020
vt 0.556577 0.385564
vt 0.554964 0.349977
vt 0.555223 0.351382
vt 0.556014 0.354727
vt 0.558581 0.346842
vt 0.554869 0.349203
vt 0.564667 0.363257
vt 0.554285 0.361953
vt 0.567566 0.372401
vt 0.554424 0.371121
vt 0.541643 0.374992
vt 0.543749 0.362875
vt 0.585327 0.360996
vt 0.580149 0.368349
vt 0.576703 0.362266
vt 0.587713 0.359234
vt 0.587654 0.358800
vt 0.588152 0.358491
vt 0.586805 0.351696
vt 0.568195 0.331575
vt 0.571196 0.341351
vt 0.551490 0.338527
vt 0.535972 0.338754
vt 0.521360 0.339991
vt 0.506572 0.343694
vt 0.496792 0.349706
vt 0.491603 0.354402
vt 0.492268 0.353559
vt 0.495387 0.358227
vt 0.491164 0.355349
vt 0.518093 0.363606
vt 0.504427 0.362661
vt 0.511832 0.374775
vt 0.498319 0.369146
vt 0.531285 0.363551
vt 0.527444 0.372992
vt 0.566492 0.322179
vt 0.601127 0.374608
vt 0.599687 0.371594
vt 0.594017 0.376666
vt 0.593194 0.374197
vt 0.589576 0.373216
vt 0.592788 0.370341
vt 0.584478 0.382734
vt 0.593772 0.382054
vt 0.588132 0.379944
vt 0.591344 0.379492
vt 0.572247 0.381149
vt 0.578420 0.375268
vt 0.579532 0.379459
vt 0.583539 0.376620
vt 0.585360 0.378863
vt 0.584276 0.372162
vt 0.585894 0.374645
vt 0.562348 0.377877
vt 0.555983 0.377118
vt 0.558866 0.380977
vt 0.555795 0.380800
vt 0.553633 0.382562
vt 0.550784 0.379826
vt 0.566192 0.388347
vt 0.566088 0.382267
vt 0.561357 0.386059
vt 0.561103 0.383086
vt 0.551579 0.392640
vt 0.559956 0.392581
vt 0.555941 0.388388
vt 0.559213 0.388253
vt 0.541977 0.386768
vt 0.549242 0.386563
vt 0.553559 0.385941
vt 0.533140 0.381239
vt 0.526340 0.379805
vt 0.530022 0.384315
vt 0.526971 0.383898
vt 0.523959 0.385709
vt 0.519801 0.381523
vt 0.531558 0.393924
vt 0.534980 0.387141
vt 0.530601 0.389944
vt 0.531378 0.386870
vt 0.515437 0.394203
vt 0.523779 0.396785
vt 0.524109 0.391619
vt 0.527051 0.391896
vt 0.507334 0.385055
vt 0.515180 0.387390
vt 0.523070 0.388918
vt 0.502692 0.377323
vt 0.496706 0.373986
vt 0.498598 0.378418
vt 0.496350 0.377228
vt 0.493824 0.377255
vt 0.490878 0.372103
vt 0.498500 0.386145
vt 0.502741 0.382465
vt 0.497403 0.381679
vt 0.498962 0.380325
vt 0.487900 0.380375
vt 0.490687 0.384811
vt 0.492671 0.380678
vt 0.494910 0.382074
vt 0.488847 0.375512
vt 0.492520 0.378403
vt 0.555299 0.203974
vt 0.544670 0.214620
vt 0.547052 0.205834
vt 0.542250 0.213102
vt 0.543500 0.209105
vt 0.541545 0.205505
vt 0.545806 0.196300
vt 0.527750 0.218262
vt 0.536031 0.217367
vt 0.533996 0.215006
vt 0.538076 0.214839
vt 0.526130 0.195760
vt 0.523171 0.208722
vt 0.532870 0.206263
vt 0.532025 0.211471
vt 0.536619 0.192149
vt 0.537311 0.204662
vt 0.594767 0.216281
vt 0.584501 0.222918
vt 0.588120 0.213725
vt 0.583488 0.219052
vt 0.585146 0.214491
vt 0.583438 0.210463
vt 0.586934 0.204454
vt 0.568672 0.221180
vt 0.576713 0.224822
vt 0.575386 0.219840
vt 0.579712 0.220911
vt 0.569812 0.199290
vt 0.565373 0.209915
vt 0.574912 0.209597
vt 0.573365 0.214961
vt 0.579490 0.198850
vt 0.579353 0.208922
vt 0.627646 0.238142
vt 0.617048 0.240748
vt 0.621637 0.234468
vt 0.615814 0.237441
vt 0.617653 0.234172
vt 0.617107 0.231076
vt 0.622677 0.225898
vt 0.603461 0.236616
vt 0.609732 0.240903
vt 0.609174 0.236613
vt 0.612446 0.238369
vt 0.607500 0.215664
vt 0.602218 0.225594
vt 0.610114 0.228383
vt 0.608430 0.232684
vt 0.616549 0.217918
vt 0.614134 0.228831
vt 0.643625 0.268604
vt 0.650538 0.267808
vt 0.641797 0.263171
vt 0.644246 0.262367
vt 0.645755 0.259157
vt 0.654856 0.261375
vt 0.632253 0.257587
vt 0.637630 0.263013
vt 0.635986 0.259726
vt 0.638688 0.261878
vt 0.639770 0.242096
vt 0.632619 0.248126
vt 0.638348 0.252978
vt 0.635718 0.255907
vt 0.650108 0.249111
vt 0.642868 0.254479
vt 0.591882 0.377328
vt 0.591466 0.375170
vt 0.590637 0.377837
vt 0.590942 0.375635
vt 0.588990 0.374580
vt 0.589186 0.374206
vt 0.589628 0.379148
vt 0.590437 0.378745
vt 0.589837 0.379040
vt 0.590451 0.378556
vt 0.585318 0.377177
vt 0.587870 0.378917
vt 0.585861 0.377462
vt 0.588321 0.378968
vt 0.586579 0.375152
vt 0.586652 0.375452
vt 0.589626 0.376935
vt 0.590143 0.377410
vt 0.589622 0.377307
vt 0.589198 0.376990
vt 0.588473 0.377052
vt 0.588698 0.376820
vt 0.590054 0.378154
vt 0.589690 0.378973
vt 0.589451 0.378650
vt 0.589525 0.377951
vt 0.588736 0.378941
vt 0.587683 0.378244
vt 0.587765 0.378275
vt 0.588662 0.378776
vt 0.587018 0.376688
vt 0.587295 0.377158
vt 0.558776 0.381822
vt 0.556299 0.381710
vt 0.558413 0.382438
vt 0.556254 0.382484
vt 0.554940 0.384653
vt 0.554387 0.383576
vt 0.560761 0.385924
vt 0.560525 0.383414
vt 0.559566 0.386314
vt 0.559860 0.383943
vt 0.557843 0.388098
vt 0.559002 0.387596
vt 0.558135 0.387939
vt 0.559036 0.387415
vt 0.554971 0.386606
vt 0.556498 0.387343
vt 0.555908 0.383897
vt 0.557442 0.383986
vt 0.557229 0.384289
vt 0.556080 0.384419
vt 0.556154 0.385701
vt 0.555672 0.385732
vt 0.558605 0.384721
vt 0.559235 0.385835
vt 0.558782 0.385558
vt 0.558202 0.384744
vt 0.558950 0.386794
vt 0.557894 0.387091
vt 0.557877 0.386477
vt 0.558656 0.386222
vt 0.556570 0.386984
vt 0.556924 0.386554
vt 0.529060 0.384752
vt 0.526436 0.384596
vt 0.528008 0.385440
vt 0.525565 0.385676
vt 0.524117 0.388118
vt 0.524067 0.386818
vt 0.530223 0.389496
vt 0.530571 0.386814
vt 0.528787 0.389701
vt 0.529416 0.387279
vt 0.525791 0.391313
vt 0.527215 0.390935
vt 0.525688 0.391150
vt 0.526801 0.391042
vt 0.524148 0.389844
vt 0.524737 0.390359
vt 0.525214 0.386616
vt 0.526901 0.386458
vt 0.526343 0.387022
vt 0.525077 0.387225
vt 0.524617 0.388708
vt 0.524285 0.388442
vt 0.527150 0.388492
vt 0.527449 0.389596
vt 0.527249 0.389208
vt 0.526898 0.388418
vt 0.527038 0.390546
vt 0.525865 0.391023
vt 0.526067 0.390514
vt 0.526892 0.389831
vt 0.524798 0.390135
vt 0.525175 0.389999
vt 0.497483 0.378446
vt 0.495649 0.377871
vt 0.496768 0.378889
vt 0.495518 0.378799
vt 0.494496 0.379378
vt 0.494080 0.378402
vt 0.496559 0.380905
vt 0.498195 0.380008
vt 0.496854 0.380631
vt 0.497894 0.379788
vt 0.494356 0.381125
vt 0.495346 0.381354
vt 0.494717 0.381190
vt 0.495665 0.381232
vt 0.493357 0.379608
vt 0.494083 0.380299
vt 0.494993 0.379180
vt 0.496091 0.378932
vt 0.495877 0.378999
vt 0.494964 0.379249
vt 0.494510 0.379971
vt 0.494370 0.379827
vt 0.497264 0.379500
vt 0.496266 0.380607
vt 0.496334 0.380370
vt 0.496638 0.379488
vt 0.495683 0.381119
vt 0.495065 0.381149
vt 0.495374 0.380776
vt 0.495879 0.380883
vt 0.494374 0.380600
vt 0.494736 0.380653
vt 0.541246 0.212466
vt 0.542258 0.209746
vt 0.540766 0.211894
vt 0.541384 0.209645
vt 0.539728 0.207668
vt 0.540672 0.207076
vt 0.534943 0.214322
vt 0.538102 0.214355
vt 0.536187 0.214026
vt 0.538532 0.213468
vt 0.534410 0.208552
vt 0.533621 0.212104
vt 0.534392 0.209315
vt 0.534361 0.212550
vt 0.537326 0.206843
vt 0.536856 0.207480
vt 0.539571 0.209251
vt 0.539850 0.211267
vt 0.539369 0.210991
vt 0.538873 0.209337
vt 0.537396 0.208819
vt 0.537779 0.208285
vt 0.538413 0.212687
vt 0.536749 0.213099
vt 0.536845 0.212575
vt 0.538264 0.212280
vt 0.535380 0.212135
vt 0.535271 0.210445
vt 0.535872 0.210649
vt 0.535924 0.211868
vt 0.535945 0.208882
vt 0.536152 0.209456
vt 0.582535 0.217726
vt 0.583455 0.214702
vt 0.582236 0.217274
vt 0.582820 0.214276
vt 0.580481 0.212102
vt 0.581392 0.212155
vt 0.577564 0.219050
vt 0.580132 0.219222
vt 0.577778 0.218522
vt 0.580000 0.218766
vt 0.576168 0.213214
vt 0.575870 0.216486
vt 0.576208 0.213681
vt 0.576376 0.215992
vt 0.578285 0.211948
vt 0.577732 0.212290
vt 0.581090 0.213552
vt 0.581451 0.216027
vt 0.581151 0.215676
vt 0.580623 0.213652
vt 0.578854 0.213019
vt 0.578972 0.212568
vt 0.579991 0.217346
vt 0.578453 0.217359
vt 0.578705 0.216960
vt 0.579989 0.216882
vt 0.577196 0.216299
vt 0.576964 0.214760
vt 0.577584 0.214923
vt 0.577775 0.216183
vt 0.577466 0.213268
vt 0.577754 0.213744
vt 0.615578 0.234744
vt 0.615610 0.232586
vt 0.615572 0.234486
vt 0.615420 0.232333
vt 0.614606 0.231480
vt 0.614836 0.231537
vt 0.611651 0.235193
vt 0.613652 0.236076
vt 0.612225 0.234909
vt 0.613819 0.235848
vt 0.612143 0.231733
vt 0.610923 0.233471
vt 0.612143 0.232055
vt 0.611503 0.233592
vt 0.613847 0.231265
vt 0.613530 0.231370
vt 0.615481 0.234544
vt 0.615436 0.232638
vt 0.615431 0.234236
vt 0.615336 0.232564
vt 0.614232 0.231590
vt 0.614513 0.231480
vt 0.612625 0.235022
vt 0.614051 0.235474
vt 0.613228 0.234880
vt 0.614466 0.234945
vt 0.611969 0.232519
vt 0.611743 0.234020
vt 0.611909 0.233038
vt 0.612448 0.234063
vt 0.613220 0.231544
vt 0.612784 0.231902
vt 0.615303 0.233735
vt 0.614939 0.232379
vt 0.613893 0.231852
vt 0.613474 0.234535
vt 0.614493 0.234496
vt 0.612409 0.233130
vt 0.612734 0.233890
vt 0.612811 0.232278
vt 0.641661 0.260978
vt 0.642141 0.260127
vt 0.641831 0.260644
vt 0.642145 0.259391
vt 0.641737 0.258584
vt 0.642154 0.258879
vt 0.638474 0.260523
vt 0.639926 0.261538
vt 0.638375 0.260350
vt 0.639845 0.261465
vt 0.638455 0.258077
vt 0.637952 0.259629
vt 0.639119 0.258064
vt 0.638042 0.259378
vt 0.641006 0.257956
vt 0.640683 0.257977
vt 0.641580 0.259138
vt 0.641336 0.260311
vt 0.641226 0.260099
vt 0.641237 0.259070
vt 0.640505 0.258633
vt 0.640786 0.258381
vt 0.640063 0.260964
vt 0.639000 0.260561
vt 0.639276 0.260575
vt 0.640272 0.260856
vt 0.638601 0.259932
vt 0.638929 0.259177
vt 0.639132 0.259491
vt 0.638892 0.260160
vt 0.639704 0.258424
vt 0.639684 0.258785
vt 0.581803 0.216637
vt 0.581882 0.213785
vt 0.579555 0.212184
vt 0.577426 0.212645
vt 0.576336 0.214265
vt 0.576624 0.216186
vt 0.578162 0.217677
vt 0.579937 0.218049
vt 0.540322 0.211551
vt 0.540480 0.209344
vt 0.538568 0.207805
vt 0.535995 0.208125
vt 0.534600 0.209971
vt 0.534667 0.212312
vt 0.536473 0.213641
vt 0.538450 0.213144
vt 0.641388 0.260541
vt 0.641966 0.259327
vt 0.641310 0.258344
vt 0.640161 0.258031
vt 0.638890 0.258527
vt 0.638344 0.259553
vt 0.638679 0.260476
vt 0.639801 0.261057
vt 0.496420 0.378870
vt 0.495181 0.379001
vt 0.494386 0.379658
vt 0.494243 0.380478
vt 0.494832 0.381165
vt 0.495592 0.381219
vt 0.496312 0.380681
vt 0.497607 0.379623
vt 0.527581 0.389897
vt 0.528390 0.387554
vt 0.527485 0.385890
vt 0.525436 0.386098
vt 0.524240 0.388429
vt 0.524731 0.390272
vt 0.525933 0.391103
vt 0.526957 0.390779
vt 0.559455 0.386175
vt 0.558967 0.384925
vt 0.557943 0.383158
vt 0.556035 0.383154
vt 0.555379 0.385406
vt 0.556906 0.387464
vt 0.557945 0.387832
vt 0.559025 0.387414
vt 0.590447 0.377634
vt 0.589920 0.376924
vt 0.588824 0.375482
vt 0.586858 0.375964
vt 0.586631 0.377863
vt 0.588716 0.378973
vt 0.589847 0.378992
vt 0.590443 0.378396
vt 0.007628 0.664091
vt 0.007955 0.669614
vt 0.002000 0.658701
vt 0.005663 0.661684
vt 0.007386 0.661954
vt 0.007386 0.661954
vt 0.007386 0.661954
vt 0.007386 0.661954
vt 0.007386 0.661954
vt 0.007386 0.661954
vt 0.007386 0.661954
vt 0.007386 0.661954
vt 0.007386 0.661954
vt 0.007386 0.661954
vt 0.007386 0.661954
vt 0.007386 0.661954
vt 0.007386 0.661954
vt 0.007386 0.661954
vt 0.007386 0.661954
vt 0.007386 0.661954
vt 0.007386 0.661954
vt 0.007386 0.661954
vt 0.007386 0.661954
vt 0.007386 0.661954
vt 0.007386 0.661954
vt 0.007386 0.661954
vt 0.007386 0.661954
vt 0.007386 0.661954
vt 0.007386 0.661954
vt 0.007386 0.661954
vt 0.007386 0.661954
vt 0.007386 0.661954
vt 0.007386 0.661954
vt 0.007386 0.661954
vt 0.007386 0.661954
vt 0.007386 0.661954
vt 0.007386 0.661954
vt 0.007386 0.661954
vt 0.007386 0.661954
vt 0.007386 0.661954
vt 0.007386 0.661954
vt 0.007386 0.661954
vt 0.007386 0.661954
vt 0.007386 0.661954
vt 0.007386 0.661954
vt 0.007386 0.661954
vt 0.007386 0.661954
vt 0.007386 0.661954
vt 0.007386 0.661954
vt 0.007386 0.661954
vt 0.007386 0.661954
vt 0.007386 0.661954
vt 0.007386 0.661954
vt 0.007386 0.661954
vt 0.007386 0.661954
vt 0.007386 0.661954
vt 0.007386 0.661954
vt 0.007386 0.661954
vt 0.007386 0.661954
vt 0.007386 0.661954
vt 0.007386 0.661954
vt 0.007386 0.661954
vt 0.007386 0.661954
vt 0.007386 0.661954
vt 0.007386 0.661954
vt 0.007386 0.661954
vt 0.007386 0.661954
vt 0.007386 0.661954
vt 0.007386 0.661954
vt 0.007386 0.661954
vt 0.007386 0.661954
vt 0.007386 0.661954
vt 0.007386 0.661954
vt 0.007386 0.661954
vt 0.007386 0.661954
vt 0.007386 0.661954
vt 0.007386 0.661954
vt 0.007386 0.661954
vt 0.007386 0.661954
vt 0.007386 0.661954
vt 0.007386 0.661954
vt 0.007386 0.661954
vt 0.007386 0.661954
vt 0.007386 0.661954
vt 0.007386 0.661954
vt 0.007386 0.661954
vt 0.007386 0.661954
vt 0.007386 0.661954
vt 0.007386 0.661954
vt 0.007386 0.661954
vt 0.007386 0.661954
vt 0.007386 0.661954
vt 0.007386 0.661954
vt 0.007386 0.661954
vt 0.007386 0.661954
vt 0.007386 0.661954
vt 0.007386 0.661954
vt 0.007386 0.661954
vt 0.007386 0.661954
vt 0.007386 0.661954
vt 0.007386 0.661954
vt 0.007386 0.661954
vt 0.007386 0.661954
vt 0.007386 0.661954
vt 0.007386 0.661954
vt 0.007386 0.661954
vt 0.007386 0.661954
vt 0.007386 0.661954
vt 0.007386 0.661954
vt 0.007386 0.661954
vt 0.007386 0.661954
vt 0.007386 0.661954
vt 0.007386 0.661954
vt 0.007386 0.661954
vt 0.007386 0.661954
vt 0.007386 0.661954
vt 0.007386 0.661954
vt 0.007386 0.661954
vt 0.007386 0.661954
vt 0.007386 0.661954
vt 0.007386 0.661954
vt 0.007386 0.661954
vt 0.007386 0.661954
vt 0.007386 0.661954
vt 0.007386 0.661954
vt 0.007386 0.661954
vt 0.007386 0.661954
vt 0.007386 0.661954
vt 0.007386 0.661954
vt 0.007386 0.661954
vt 0.007386 0.661954
vt 0.007386 0.661954
vt 0.007386 0.661954
vt 0.007386 0.661954
vt 0.007386 0.661954
vt 0.007386 0.661954
vt 0.007386 0.661954
vt 0.007386 0.661954
vt 0.007386 0.661954
vt 0.007386 0.661954
vt 0.007386 0.661954
vt 0.007386 0.661954
vt 0.007386 0.661954
vt 0.007386 0.661954
vt 0.007386 0.661954
vt 0.007386 0.661954
vt 0.007386 0.661954
vt 0.007386 0.661954
vt 0.007386 0.661954
vt 0.007386 0.661954
vt 0.007386 0.661954
vt 0.007386 0.661954
vt 0.007386 0.661954
vt 0.007386 0.661954
vt 0.007386 0.661954
vt 0.007386 0.661954
vt 0.007386 0.661954
vt 0.007386 0.661954
vt 0.007386 0.661954
vt 0.007386 0.661954
vt 0.007386 0.661954
vt 0.007386 0.661954
vt 0.007386 0.661954
vt 0.007386 0.661954
vt 0.007386 0.661954
vt 0.007386 0.661954
vt 0.007386 0.661954
vt 0.007386 0.661954
vt 0.007386 0.661954
vt 0.007386 0.661954
vt 0.007386 0.661954
vt 0.007386 0.661954
vt 0.007386 0.661954
vt 0.007386 0.661954
vt 0.007386 0.661954
vt 0.007386 0.661954
vt 0.007386 0.661954
vt 0.007386 0.661954
vt 0.007386 0.661954
vt 0.007386 0.661954
vt 0.007386 0.661954
vt 0.007386 0.661954
vt 0.007386 0.661954
vt 0.007386 0.661954
vt 0.007386 0.661954
vt 0.007386 0.661954
vt 0.007386 0.661954
vt 0.007386 0.661954
vt 0.007386 0.661954
vt 0.007386 0.661954
vt 0.007386 0.661954
vt 0.007386 0.661954
vt 0.007386 0.661954
vt 0.007386 0.661954
vt 0.007386 0.661954
vt 0.007386 0.661954
vt 0.007386 0.661954
vt 0.007386 0.661954
vt 0.007386 0.661954
vt 0.007386 0.661954
vt 0.007386 0.661954
vt 0.007386 0.661954
vt 0.007386 0.661954
vt 0.007386 0.661954
vt 0.007386 0.661954
vt 0.007386 0.661954
vt 0.007386 0.661954
vt 0.007386 0.661954
vt 0.007386 0.661954
vt 0.007386 0.661954
vt 0.007386 0.661954
vt 0.007386 0.661954
vt 0.007386 0.661954
vt 0.007386 0.661954
vt 0.007386 0.661954
vt 0.007386 0.661954
vt 0.007386 0.661954
vt 0.007386 0.661954
vt 0.007386 0.661954
vt 0.007386 0.661954
vt 0.007386 0.661954
vt 0.007386 0.661954
vt 0.007386 0.661954
vt 0.007386 0.661954
vt 0.007386 0.661954
vt 0.007386 0.661954
vt 0.007386 0.661954
vt 0.007386 0.661954
vt 0.007386 0.661954
vt 0.007386 0.661954
vt 0.007386 0.661954
vt 0.007386 0.661954
vt 0.007386 0.661954
vt 0.007386 0.661954
vt 0.007386 0.661954
vt 0.007386 0.661954
vt 0.007386 0.661954
vt 0.007386 0.661954
vt 0.007386 0.661954
vt 0.007386 0.661954
vt 0.007386 0.661954
vt 0.007386 0.661954
vt 0.007386 0.661954
vt 0.007386 0.661954
vt 0.007386 0.661954
vt 0.007386 0.661954
vt 0.007386 0.661954
vt 0.007386 0.661954
vt 0.007386 0.661954
vt 0.007386 0.661954
vt 0.007386 0.661954
vt 0.007386 0.661954
vt 0.007386 0.661954
vt 0.007386 0.661954
vt 0.007386 0.661954
vt 0.007386 0.661954
vt 0.007386 0.661954
vt 0.007386 0.661954
vt 0.007386 0.661954
vt 0.007386 0.661954
vt 0.007386 0.661954
vt 0.007386 0.661954
vt 0.007386 0.661954
vt 0.007386 0.661954
vt 0.007386 0.661954
vt 0.007386 0.661954
vt 0.007386 0.661954
vt 0.007386 0.661954
vt 0.007386 0.661954
vt 0.007386 0.661954
vt 0.007386 0.661954
vt 0.007386 0.661954
vt 0.007386 0.661954
vt 0.007386 0.661954
vt 0.007386 0.661954
vt 0.007386 0.661954
vt 0.007386 0.661954
vt 0.007386 0.661954
vt 0.007386 0.661954
vt 0.007386 0.661954
vt 0.007386 0.661954
vt 0.007386 0.661954
vt 0.007386 0.661954
vt 0.007386 0.661954
vt 0.007386 0.661954
vt 0.007386 0.661954
vt 0.007386 0.661954
vt 0.007386 0.661954
vt 0.007386 0.661954
vt 0.007386 0.661954
vt 0.007386 0.661954
vt 0.007386 0.661954
vt 0.007386 0.661954
vt 0.007386 0.661954
vt 0.007386 0.661954
vt 0.007386 0.661954
vt 0.007386 0.661954
vt 0.007386 0.661954
vt 0.007386 0.661954
vt 0.007386 0.661954
vt 0.007386 0.661954
vt 0.007386 0.661954
vt 0.007386 0.661954
vt 0.007386 0.661954
vt 0.007386 0.661954
vt 0.007386 0.661954
vt 0.007386 0.661954
vt 0.007386 0.661954
vt 0.007386 0.661954
vt 0.007386 0.661954
vt 0.007386 0.661954
vt 0.007386 0.661954
vt 0.007386 0.661954
vt 0.007386 0.661954
vt 0.007386 0.661954
vt 0.007386 0.661954
vt 0.007386 0.661954
vt 0.007386 0.661954
vt 0.007386 0.661954
vt 0.007386 0.661954
vt 0.007386 0.661954
vt 0.007386 0.661954
vt 0.007386 0.661954
vt 0.007386 0.661954
vt 0.007386 0.661954
vt 0.007386 0.661954
vt 0.007386 0.661954
vt 0.007386 0.661954
vt 0.007386 0.661954
vt 0.007386 0.661954
vt 0.007386 0.661954
vt 0.007386 0.661954
vt 0.007386 0.661954
vt 0.007386 0.661954
vt 0.007386 0.661954
vt 0.007386 0.661954
vt 0.007386 0.661954
vt 0.007386 0.661954
vt 0.007386 0.661954
vt 0.007386 0.661954
vt 0.007386 0.661954
vt 0.007386 0.661954
vt 0.007386 0.661954
vt 0.007386 0.661954
vt 0.007386 0.661954
vt 0.007386 0.661954
vt 0.007386 0.661954
vt 0.007386 0.661954
vt 0.007386 0.661954
vt 0.007386 0.661954
vt 0.007386 0.661954
vt 0.007386 0.661954
vt 0.007386 0.661954
vt 0.007386 0.661954
vt 0.007386 0.661954
vt 0.007386 0.661954
vt 0.007386 0.661954
vt 0.007386 0.661954
vt 0.007386 0.661954
vt 0.007386 0.661954
vt 0.007386 0.661954
vt 0.007386 0.661954
vt 0.007386 0.661954
vt 0.007386 0.661954
vt 0.007386 0.661954
vt 0.007386 0.661954
vt 0.007386 0.661954
vt 0.007386 0.661954
vt 0.007386 0.661954
vt 0.007386 0.661954
vt 0.007386 0.661954
vt 0.007386 0.661954
vt 0.007386 0.661954
vt 0.007386 0.661954
vt 0.007386 0.661954
vt 0.007386 0.661954
vt 0.007386 0.661954
vt 0.007386 0.661954
vt 0.007386 0.661954
vt 0.007386 0.661954
vt 0.007386 0.661954
vt 0.007386 0.661954
vt 0.007386 0.661954
vt 0.007386 0.661954
vt 0.007386 0.661954
vt 0.007386 0.661954
vt 0.007386 0.661954
vt 0.007386 0.661954
vt 0.007386 0.661954
vt 0.007386 0.661954
vt 0.007386 0.661954
vt 0.007386 0.661954
vt 0.007386 0.661954
vt 0.007386 0.661954
vt 0.007386 0.661954
vt 0.007386 0.661954
vt 0.007386 0.661954
vt 0.007386 0.661954
vt 0.007386 0.661954
vt 0.007386 0.661954
vt 0.007386 0.661954
vt 0.007386 0.661954
vt 0.007386 0.661954
vt 0.007386 0.661954
vt 0.007386 0.661954
vt 0.007386 0.661954
vt 0.007386 0.661954
vt 0.007386 0.661954
vt 0.007386 0.661954
vt 0.007386 0.661954
vt 0.007386 0.661954
vt 0.007386 0.661954
vt 0.007386 0.661954
vt 0.007386 0.661954
vt 0.007386 0.661954
vt 0.007386 0.661954
vt 0.007386 0.661954
vt 0.007386 0.661954
vt 0.007386 0.661954
vt 0.007386 0.661954
vt 0.007386 0.661954
vt 0.007386 0.661954
vt 0.007386 0.661954
vt 0.007386 0.661954
vt 0.007386 0.661954
vt 0.007386 0.661954
vt 0.007386 0.661954
vt 0.007386 0.661954
vt 0.007386 0.661954
vt 0.007386 0.661954
vt 0.007386 0.661954
vt 0.007386 0.661954
vt 0.007386 0.661954
vt 0.007386 0.661954
vt 0.007386 0.661954
vt 0.007386 0.661954
vt 0.007386 0.661954
vt 0.007386 0.661954
vt 0.007386 0.661954
vt 0.007386 0.661954
vt 0.007386 0.661954
vt 0.007386 0.661954
vt 0.007386 0.661954
vt 0.007386 0.661954
vt 0.007386 0.661954
vt 0.007386 0.661954
vt 0.007386 0.661954
vt 0.007386 0.661954
vt 0.007386 0.661954
vt 0.007386 0.661954
vt 0.007386 0.661954
vt 0.007386 0.661954
vt 0.007386 0.661954
vt 0.007386 0.661954
vt 0.007386 0.661954
vt 0.007386 0.661954
vt 0.007384 0.661958
vt 0.007298 0.662228
vt 0.007102 0.661815
vt 0.007382 0.661951
vt 0.007386 0.661954
vt 0.007386 0.661955
vt 0.007385 0.661954
vt 0.007386 0.661954
vt 0.007387 0.661953
vt 0.007387 0.661954
vt 0.007386 0.661954
vt 0.007386 0.661954
vt 0.007464 0.661734
vt 0.007642 0.661918
vt 0.007394 0.661954
vt 0.007388 0.661947
vt 0.007260 0.662303
vt 0.006964 0.662530
vt 0.006657 0.661901
vt 0.007000 0.661837
vt 0.007476 0.661431
vt 0.008122 0.662281
vt 0.007775 0.661990
vt 0.007482 0.661580
vt 0.013219 0.652794
vt 0.019024 0.663534
vt 0.009853 0.663517
vt 0.008939 0.660397
vn 0.243673 0.571696 0.783446
vn 0.256678 0.206845 0.944104
vn 0.569367 0.197103 0.798105
vn 0.503083 0.563237 0.655493
vn 0.736368 0.170481 0.654750
vn 0.676823 0.523676 0.517372
vn 0.625932 0.656238 0.421380
vn 0.488241 0.691870 0.531917
vn 0.246790 0.693374 0.676998
vn 0.809767 0.561019 0.171857
vn 0.754553 0.588524 0.290326
vn 0.694025 0.681400 0.232430
vn 0.771635 0.620687 0.139022
vn 0.624147 0.767989 0.143642
vn 0.739482 0.666051 0.097687
vn 0.929579 0.364972 0.051757
vn 0.916530 0.399374 -0.021747
vn 0.927668 0.368203 -0.062118
vn 0.732192 0.133197 -0.667947
vn 0.682362 0.033143 -0.730263
vn 0.573194 0.028886 -0.818910
vn 0.624112 0.128819 -0.770643
vn 0.259047 0.006904 -0.965840
vn 0.291909 0.115131 -0.949491
vn 0.297469 0.156327 -0.941846
vn 0.640759 0.164937 -0.749816
vn 0.771208 0.174306 -0.612255
vn -0.967798 0.219796 -0.122709
vn -0.993626 0.021569 -0.110640
vn -0.997443 0.038560 -0.060173
vn -0.972408 0.229496 -0.041895
vn -0.996253 0.070982 0.049407
vn -0.948758 0.303345 0.088544
vn -0.891039 0.442305 0.102058
vn -0.921515 0.387496 -0.025621
vn -0.916028 0.382476 -0.120850
vn 0.013867 -0.996658 0.080508
vn 0.014232 -0.996674 0.080238
vn 0.015213 -0.995526 0.093254
vn 0.015678 -0.995428 0.094224
vn 0.016861 -0.994239 0.105850
vn 0.017980 -0.994250 0.105559
vn 0.017195 -0.994388 0.104384
vn 0.014800 -0.995416 0.094485
vn 0.012137 -0.996734 0.079833
vn 0.441840 0.527396 0.725693
vn 0.174483 0.631869 0.755180
vn 0.254433 0.720820 0.644735
vn 0.466924 0.702775 0.536739
vn 0.242329 0.900115 0.362036
vn 0.404903 0.865192 0.295798
vn 0.496895 0.835173 0.235759
vn 0.578909 0.702409 0.414110
vn 0.618923 0.566348 0.544228
vn 0.205423 0.970929 0.122877
vn 0.220508 0.940653 0.257970
vn 0.374528 0.891468 0.254977
vn 0.353938 0.925952 0.131689
vn 0.556202 0.782682 0.279372
vn 0.475590 0.868268 0.141158
vn 0.419903 0.901537 0.104465
vn 0.313019 0.946010 0.084173
vn 0.175527 0.982869 0.056204
vn 0.844905 0.393570 0.362269
vn 0.904701 0.130955 0.405422
vn 0.931374 0.153930 0.329921
vn 0.844651 0.465036 0.265153
vn 0.944107 0.202442 0.260153
vn 0.824330 0.526826 0.207208
vn 0.718728 0.673654 0.172105
vn 0.741651 0.632343 0.223823
vn 0.712679 0.625793 0.316973
vn 0.053501 -0.965284 0.255664
vn 0.036089 -0.970755 0.237343
vn 0.045493 -0.967932 0.247057
vn 0.078882 -0.958609 0.273582
vn 0.023968 -0.968515 0.247798
vn 0.042393 -0.958911 0.280523
vn 0.059749 -0.960519 0.271722
vn 0.098135 -0.961549 0.256502
vn 0.061318 -0.967660 0.244693
vn -0.859583 0.430644 0.275069
vn -0.940023 0.135155 0.313193
vn -0.902031 0.157390 0.401956
vn -0.828303 0.449707 0.334183
vn -0.842438 0.172576 0.510408
vn -0.772639 0.413435 0.481769
vn -0.656196 0.608273 0.446555
vn -0.742796 0.607147 0.282182
vn -0.764369 0.599844 0.236492
vn 0.977238 0.015843 -0.211555
vn 0.974132 -0.024548 -0.224641
vn 0.994585 -0.023138 -0.101316
vn 0.994189 0.029803 -0.103442
vn 0.997863 -0.023292 0.061048
vn 0.997512 0.041220 0.057184
vn 0.956177 0.291014 0.032185
vn 0.959134 0.257172 -0.118003
vn 0.946177 0.235582 -0.221925
vn 0.505535 -0.138722 -0.851581
vn 0.613462 -0.122084 -0.780231
vn 0.598483 -0.149979 -0.786972
vn 0.490360 -0.162669 -0.856204
vn 0.583850 -0.223465 -0.780502
vn 0.482291 -0.237967 -0.843070
vn 0.191843 -0.261185 -0.946033
vn 0.196404 -0.192026 -0.961536
vn 0.209328 -0.170735 -0.962825
vn -0.991658 0.026505 -0.126142
vn -0.963106 0.232690 -0.135214
vn -0.964662 0.251791 -0.077638
vn -0.997052 0.036762 -0.067343
vn -0.958421 0.285170 0.010355
vn -0.998593 0.045065 0.027939
vn -0.999427 -0.017083 0.029204
vn -0.997670 -0.013542 -0.066872
vn -0.992453 -0.016874 -0.121461
vn -0.893357 -0.150411 0.423427
vn -0.937289 -0.086722 0.337593
vn -0.950553 0.079806 0.300134
vn -0.929972 0.077195 0.359434
vn -0.822624 0.554237 0.126925
vn -0.763135 0.631549 0.137009
vn -0.712384 0.679516 0.175405
vn -0.865275 0.044298 0.499336
vn -0.804440 -0.219754 0.551892
vn 0.576962 -0.306460 0.757098
vn 0.266677 -0.401490 0.876179
vn 0.310188 0.094431 0.945974
vn 0.645753 0.061088 0.761099
vn 0.154876 0.885457 0.438154
vn 0.440850 0.767425 0.465521
vn 0.605339 0.690909 0.395234
vn 0.748884 0.077309 0.658176
vn 0.693847 -0.253212 0.674137
vn 0.960550 0.074621 0.267911
vn 0.949577 -0.085243 0.301725
vn 0.919511 -0.135843 0.368845
vn 0.944468 0.074429 0.320062
vn 0.873236 -0.180247 0.452736
vn 0.908976 0.071152 0.410731
vn 0.714014 0.677551 0.176376
vn 0.763661 0.633026 0.126888
vn 0.828586 0.549088 0.109304
vn 0.990950 0.109000 -0.078336
vn 0.987584 0.133516 -0.082774
vn 0.987575 0.152473 -0.038052
vn 0.988577 0.131122 -0.074309
vn 0.987102 0.152816 -0.047711
vn 0.977229 0.203216 -0.061042
vn 0.966304 0.239966 -0.093131
vn 0.982141 0.149577 -0.114132
vn 0.990751 0.123007 -0.057284
vn -0.978666 0.196103 -0.061287
vn -0.993066 0.113689 -0.029911
vn -0.996155 0.079636 0.036510
vn -0.991750 0.127766 0.010339
vn -0.994119 0.083987 0.068372
vn -0.990763 0.105747 0.084892
vn -0.988991 0.120712 0.085589
vn -0.986923 0.158905 -0.027076
vn -0.966915 0.235566 -0.097896
vn -0.998940 -0.016779 0.042874
vn -0.998885 -0.009628 0.046214
vn -0.999764 -0.014543 0.016126
vn -0.999243 -0.037393 0.010750
vn -0.999101 -0.024085 -0.034898
vn -0.998158 -0.046150 -0.039382
vn -0.992096 -0.118418 -0.041507
vn -0.993213 -0.116052 0.007726
vn -0.991821 -0.120929 0.040837
vn -0.002477 -0.999806 -0.019545
vn -0.002503 -0.999810 -0.019335
vn -0.004078 -0.999439 -0.033255
vn -0.004075 -0.999430 -0.033527
vn -0.004496 -0.999245 -0.038590
vn -0.004565 -0.999232 -0.038925
vn -0.004894 -0.999226 -0.039036
vn -0.004173 -0.999427 -0.033580
vn -0.002481 -0.999804 -0.019653
vn 0.994152 0.042195 -0.099403
vn 0.986379 -0.113682 -0.118882
vn 0.980537 -0.115334 -0.158886
vn 0.988965 -0.011118 -0.147735
vn 0.967294 -0.124132 -0.221211
vn 0.974813 -0.041990 -0.219034
vn 0.983178 0.046668 -0.176589
vn 0.986990 0.127306 -0.098206
vn 0.980570 0.182757 -0.071290
vn 0.715367 0.687385 0.125505
vn 0.752072 0.650152 0.108120
vn 0.753593 0.655620 0.047545
vn 0.719808 0.690819 0.068156
vn 0.752730 0.658322 -0.003038
vn 0.723108 0.690657 0.010366
vn 0.684182 0.728812 0.026992
vn 0.684002 0.724042 0.088905
vn 0.681837 0.717934 0.140248
vn -0.991098 0.131636 0.019907
vn -0.970715 0.240229 -0.001630
vn -0.970081 0.242367 -0.014205
vn -0.987469 0.157811 -0.001019
vn -0.976594 0.213270 -0.027928
vn -0.980911 0.194027 -0.012950
vn -0.988147 0.153000 0.012499
vn -0.996202 0.086877 -0.005914
vn -0.996669 0.076222 0.029017
vn -0.999382 0.029284 0.019420
vn -0.967301 0.242681 0.073718
vn -0.970048 0.227217 0.085900
vn -0.999717 0.023777 -0.001220
vn -0.972597 0.222854 0.066271
vn -0.999544 0.023653 -0.018752
vn -0.998486 -0.034774 -0.042617
vn -0.999200 -0.033148 -0.022388
vn -0.999522 -0.030027 0.007346
vn -0.042573 -0.975213 -0.217132
vn -0.032415 -0.973901 -0.224647
vn -0.051207 -0.936415 -0.347138
vn -0.058460 -0.933147 -0.354710
vn -0.055169 -0.928408 -0.367443
vn -0.049719 -0.928388 -0.368271
vn -0.041464 -0.927306 -0.372002
vn -0.050449 -0.927483 -0.370445
vn -0.037493 -0.972039 -0.231806
vn 0.990650 0.065050 -0.119922
vn 0.982317 0.131327 -0.133442
vn 0.985456 0.070033 -0.154827
vn 0.988640 0.024493 -0.148294
vn 0.984097 0.036418 -0.173856
vn 0.986442 0.024487 -0.162272
vn 0.972106 0.219397 -0.082913
vn 0.971853 0.225950 -0.066692
vn 0.964495 0.258216 -0.055444
vn 0.971509 0.236998 -0.001511
vn 0.966775 0.253720 0.031175
vn 0.953104 0.302629 -0.002857
vn 0.955930 0.291337 -0.036349
vn 0.919239 0.389520 0.057216
vn 0.941595 0.335385 -0.030262
vn 0.944749 0.317687 -0.080771
vn 0.958880 0.269762 -0.088186
vn 0.974911 0.213433 -0.063201
vn -0.985670 0.160197 0.052828
vn -0.988279 0.133087 0.074780
vn -0.989754 0.096982 0.104794
vn -0.999105 -0.027108 0.032477
vn -0.998340 0.042872 0.038467
vn -0.998697 -0.026893 0.043367
vn -0.994372 0.094968 0.046956
vn -0.972656 0.226833 0.049870
vn -0.967784 0.245484 0.055958
vn -0.014896 -0.995680 -0.091647
vn -0.017377 -0.995413 -0.094083
vn -0.005120 -0.999253 -0.038313
vn -0.005165 -0.999247 -0.038467
vn -0.005194 -0.999242 -0.038581
vn -0.013420 -0.995290 -0.096013
vn 0.955052 0.292161 -0.050178
vn 0.984103 0.156141 -0.084623
vn 0.954693 0.293616 -0.048490
vn 0.971906 0.229511 -0.052182
vn 0.972942 0.219637 -0.071716
vn 0.976222 0.186602 -0.110317
vn 0.989088 0.140490 -0.044358
vn 0.986210 0.165479 0.002589
vn 0.979286 0.194999 0.054529
vn -0.939759 0.273922 -0.204500
vn -0.958754 0.141682 -0.246407
vn -0.983819 0.139009 -0.113035
vn -0.959095 0.257744 -0.117066
vn -0.942963 0.307414 -0.127739
vn -0.927450 0.326435 -0.182417
vn -0.991745 -0.035771 -0.123136
vn -0.990470 -0.056402 -0.125652
vn -0.955341 -0.051739 -0.290943
vn -0.952473 -0.071397 -0.296137
vn -0.944656 -0.140696 -0.296360
vn -0.983608 -0.127646 -0.127365
vn -0.003695 -0.999365 -0.035451
vn -0.003702 -0.999348 -0.035922
vn -0.003004 -0.999065 -0.043129
vn -0.001864 -0.998970 -0.045339
vn -0.003741 -0.998945 -0.045778
vn -0.004449 -0.999343 -0.035975
vn 0.939244 -0.141596 -0.312683
vn 0.947904 -0.059244 -0.313000
vn 0.878359 -0.164466 -0.448816
vn 0.888527 -0.076465 -0.452407
vn 0.893269 -0.047278 -0.447030
vn 0.954152 -0.018126 -0.298774
vn 0.960880 0.136726 -0.240863
vn 0.944223 0.239217 -0.226315
vn 0.906895 0.120202 -0.403848
vn 0.902437 0.233906 -0.361794
vn 0.898832 0.280244 -0.336993
vn 0.929967 0.286282 -0.230662
vn -0.879155 0.232099 -0.416193
vn -0.850741 0.110625 -0.513812
vn -0.897452 0.120653 -0.424291
vn -0.905485 0.249728 -0.343122
vn -0.908218 0.296338 -0.295506
vn -0.892543 0.273814 -0.358319
vn -0.859853 -0.076253 -0.504815
vn -0.850741 -0.097643 -0.516435
vn -0.787997 -0.091280 -0.608875
vn -0.773644 -0.112722 -0.623514
vn -0.753564 -0.192727 -0.628488
vn -0.840071 -0.168653 -0.515594
vn -0.000444 -0.998409 -0.056391
vn 0.003353 -0.998130 -0.061037
vn 0.003413 -0.997450 -0.071281
vn 0.012814 -0.997020 -0.076073
vn 0.011195 -0.996795 -0.079216
vn 0.001315 -0.997946 -0.064050
vn 0.774355 -0.189463 -0.603720
vn 0.788347 -0.101702 -0.606766
vn 0.705483 -0.202230 -0.679261
vn 0.725404 -0.114620 -0.678714
vn 0.740558 -0.089853 -0.665958
vn 0.799459 -0.072661 -0.596310
vn 0.844743 0.095073 -0.526660
vn 0.865016 0.203640 -0.458561
vn 0.806915 0.085080 -0.584508
vn 0.842375 0.186573 -0.505563
vn 0.859569 0.222032 -0.460264
vn 0.874803 0.242936 -0.419168
vn 0.764519 0.606424 0.218542
vn 0.941114 0.255517 0.221395
vn 0.941464 0.303968 0.145769
vn 0.745678 0.649372 0.149266
vn 0.604075 0.782299 0.151993
vn 0.625324 0.751517 0.210220
vn 0.212713 0.938384 0.272376
vn 0.187894 0.952005 0.241624
vn 0.320551 0.921052 0.221158
vn 0.351131 0.907669 0.229879
vn 0.393594 0.894422 0.212353
vn 0.426777 0.880757 0.205254
vn -0.985113 0.090516 0.146151
vn -0.917591 0.346032 0.195677
vn -0.966754 0.105045 0.233135
vn -0.888342 0.377479 0.261454
vn -0.783237 0.557095 0.276017
vn -0.831296 0.511829 0.216746
vn -0.974938 0.069316 0.211404
vn -0.973243 -0.035380 0.227040
vn -0.990766 -0.025704 0.133123
vn -0.990592 0.054098 0.125698
vn -0.936267 0.339116 0.091681
vn -0.898338 0.414841 0.144553
vn 0.025471 -0.988740 0.147460
vn 0.023288 -0.988750 0.147752
vn 0.019655 -0.993340 0.113532
vn 0.021349 -0.993111 0.115220
vn 0.019766 -0.993027 0.116220
vn 0.022560 -0.988981 0.146314
vn 0.986398 -0.030488 0.161520
vn 0.973618 -0.040527 0.224555
vn 0.975686 0.055933 0.211915
vn 0.986947 0.046216 0.154273
vn 0.901123 0.407205 0.148866
vn 0.933906 0.338157 0.116062
vn 0.172957 0.974808 0.140835
vn 0.309332 0.940060 0.143530
vn 0.396166 0.906085 0.148533
vn -0.950272 0.120215 0.287282
vn -0.863861 0.416001 0.284055
vn -0.760584 0.589227 0.272623
vn -0.953515 -0.053229 0.296609
vn -0.958978 0.079436 0.272123
vn -0.857518 0.490915 0.153835
vn 0.027610 -0.979171 0.201152
vn 0.029471 -0.979076 0.201349
vn 0.021805 -0.979703 0.199266
vn 0.961453 -0.056644 0.269070
vn 0.966339 0.066145 0.248625
vn 0.864623 0.481787 0.142509
vn 0.941086 0.234753 0.243409
vn 0.791816 0.573805 0.209224
vn 0.669317 0.720122 0.182864
vn -0.513641 0.842471 0.162529
vn -0.464723 0.790263 0.399395
vn -0.306541 0.880889 0.360649
vn -0.363905 0.916445 0.166438
vn -0.087422 0.945689 0.313098
vn -0.124911 0.981831 0.142849
vn -0.131086 0.988440 0.076181
vn -0.382848 0.914391 0.131596
vn -0.517026 0.838914 0.170022
vn -0.478600 0.523500 0.704904
vn -0.520211 0.214974 0.826539
vn -0.344113 0.203950 0.916510
vn -0.314502 0.520247 0.793997
vn -0.097748 0.197290 0.975460
vn -0.095810 0.532139 0.841218
vn -0.107781 0.644806 0.756709
vn -0.320872 0.643343 0.695090
vn -0.457730 0.638802 0.618397
vn -0.100989 0.107938 0.989015
vn -0.091032 -0.443252 0.891763
vn -0.336009 -0.403444 0.851077
vn -0.398798 0.073522 0.914087
vn -0.475874 -0.362614 0.801283
vn -0.549350 0.097717 0.829859
vn -0.357839 0.860673 0.362206
vn -0.184964 0.912075 0.365935
vn -0.032371 0.935739 0.351204
vn 0.006837 -0.955038 0.296405
vn 0.024390 -0.965295 0.260019
vn 0.013217 -0.966799 0.255197
vn -0.014832 -0.957838 0.286927
vn 0.018076 -0.969868 0.242961
vn -0.001133 -0.964269 0.264924
vn -0.020960 -0.964978 0.261492
vn -0.044167 -0.957864 0.283806
vn -0.018506 -0.953020 0.302341
vn 0.024804 -0.978219 0.206090
vn 0.024423 -0.977637 0.208875
vn 0.027121 -0.977365 0.209817
vn 0.020684 -0.988136 0.152180
vn 0.021840 -0.988176 0.151764
vn 0.022228 -0.988216 0.151446
vn 0.017971 -0.993497 0.112432
vn 0.016954 -0.993614 0.111549
vn 0.014623 -0.993683 0.111264
vn 0.009877 -0.995570 0.093507
vn 0.012287 -0.995269 0.096382
vn 0.014570 -0.994867 0.100141
vn 0.000559 -0.997586 0.069443
vn 0.005690 -0.997237 0.074066
vn 0.010103 -0.995982 0.088979
vn 0.005987 -0.996558 0.082677
vn 0.003602 -0.996985 0.077509
vn -0.001906 -0.997828 0.065841
vn -0.031660 -0.971997 -0.232853
vn -0.022665 -0.973313 -0.228360
vn -0.039103 -0.928211 -0.369993
vn -0.048204 -0.928657 -0.367795
vn -0.041099 -0.921912 -0.385212
vn -0.047565 -0.919224 -0.390852
vn -0.046394 -0.917961 -0.393949
vn -0.046472 -0.927750 -0.370298
vn -0.030039 -0.971625 -0.234611
vn -0.010344 -0.995347 -0.095797
vn -0.013331 -0.995146 -0.097502
vn -0.012505 -0.995101 -0.098073
vn -0.004756 -0.999274 -0.037801
vn -0.005087 -0.999270 -0.037867
vn -0.005102 -0.999265 -0.038000
vn -0.003468 -0.999486 -0.031866
vn -0.002376 -0.999819 -0.018871
vn -0.002199 -0.999822 -0.018755
vn -0.002700 -0.999525 -0.030691
vn -0.001947 -0.999823 -0.018716
vn -0.001997 -0.999560 -0.029580
vn 0.002049 -0.999544 -0.030137
vn 0.000517 -0.999451 -0.033117
vn -0.002229 -0.999341 -0.036224
vn 0.001414 -0.999467 -0.032614
vn 0.007641 -0.999566 -0.028438
vn 0.010513 -0.999646 -0.024429
vn 0.016690 -0.999181 -0.036865
vn 0.011751 -0.999179 -0.038775
vn 0.002926 -0.999167 -0.040711
vn -0.000840 -0.998478 -0.055145
vn 0.006908 -0.998353 -0.056960
vn 0.014358 -0.998157 -0.058966
vn 0.002199 -0.997009 -0.077261
vn -0.006860 -0.997207 -0.074377
vn -0.007679 -0.997487 -0.070440
vn -0.507033 -0.135715 -0.851175
vn -0.275583 -0.166167 -0.946807
vn -0.253724 -0.189010 -0.948630
vn -0.482715 -0.163586 -0.860364
vn -0.244759 -0.260913 -0.933819
vn -0.470624 -0.247468 -0.846920
vn -0.574447 -0.235565 -0.783913
vn -0.593422 -0.151401 -0.790524
vn -0.614664 -0.119315 -0.779713
vn -0.408150 0.123002 -0.904591
vn -0.359212 0.014073 -0.933150
vn -0.608752 0.047182 -0.791956
vn -0.675983 0.155067 -0.720418
vn -0.705768 0.058264 -0.706043
vn -0.766110 0.170582 -0.619659
vn -0.809865 0.215428 -0.545627
vn -0.704795 0.191285 -0.683135
vn -0.420486 0.163418 -0.892461
vn -0.893812 0.447650 0.026639
vn -0.932414 0.359908 0.032734
vn -0.951852 0.292536 0.091651
vn -0.917141 0.393352 0.064244
vn -0.974394 0.221041 0.041189
vn -0.943892 0.321206 0.076775
vn -0.907580 0.413458 0.073146
vn -0.867729 0.494569 0.049473
vn -0.820291 0.571693 0.017019
vn -0.802328 0.586713 0.109719
vn -0.887974 0.449765 -0.095985
vn -0.855872 0.515742 0.038656
vn -0.703802 0.680723 0.203172
vn -0.709915 0.670077 0.216835
vn -0.553206 0.786013 0.275948
vn -0.145810 0.920860 0.361603
vn -0.222455 0.834298 0.504441
vn -0.091689 0.724299 0.683362
vn -0.542226 0.785421 0.298504
vn -0.484887 0.826026 0.287342
vn -0.364284 0.884484 0.291523
vn -0.410850 0.854225 0.318595
vn -0.088866 0.955426 0.281538
vn -0.095873 0.941464 0.323192
vn -0.498758 0.834331 0.234801
vn -0.364915 0.905851 0.215107
vn -0.102844 0.979612 0.172578
vn 0.055267 0.997151 0.051328
vn 0.065363 0.986761 0.148426
vn 0.079076 0.961965 0.261479
vn 0.085559 0.956763 0.278000
vn 0.066499 0.990196 0.122838
vn 0.050708 0.198352 0.978818
vn 0.063155 0.545227 0.835906
vn 0.065676 0.661346 0.747200
vn 0.052052 -0.439779 0.896596
vn 0.054088 0.121490 0.991118
vn 0.015335 0.932808 0.360047
vn 0.025632 -0.971498 0.235657
vn 0.022210 -0.967778 0.250822
vn 0.016296 -0.968967 0.246653
vn 0.025545 -0.978813 0.203156
vn 0.021782 -0.988468 0.149859
vn 0.018026 -0.993449 0.112846
vn 0.015946 -0.994579 0.102749
vn 0.009762 -0.996934 0.077636
vn 0.013202 -0.995580 0.092988
vn -0.021662 -0.972404 -0.232294
vn -0.036831 -0.926071 -0.375549
vn -0.037804 -0.924897 -0.378333
vn -0.009862 -0.995651 -0.092640
vn -0.005092 -0.999259 -0.038154
vn -0.002481 -0.999815 -0.019082
vn -0.003947 -0.999456 -0.032733
vn -0.003999 -0.999274 -0.037901
vn -0.002672 -0.999394 -0.034710
vn -0.002498 -0.999120 -0.041879
vn -0.003165 -0.998537 -0.053978
vn -0.004184 -0.997578 -0.069429
vn -0.062713 -0.180777 -0.981523
vn -0.059434 -0.199810 -0.978031
vn -0.057501 -0.264976 -0.962539
vn -0.071636 0.001495 -0.997430
vn -0.072636 0.113294 -0.990903
vn -0.071187 0.155650 -0.985244
vn 0.078333 0.683722 0.725527
vn 0.097191 0.772986 0.626935
vn 0.092411 0.921445 0.377358
vn 0.090664 0.949512 0.300344
vn 0.977493 0.015310 -0.210412
vn 0.968181 0.123839 -0.217463
vn 0.987004 0.126083 -0.099634
vn 0.995548 0.014771 -0.093092
vn 0.989761 0.128893 0.061310
vn 0.997421 0.016484 0.069860
vn 0.992730 -0.093068 0.076330
vn 0.991651 -0.093469 -0.088837
vn 0.975206 -0.092941 -0.200837
vn 0.929421 0.125750 0.346935
vn 0.906074 0.127853 0.403341
vn 0.904657 0.046753 0.423568
vn 0.929857 0.031488 0.366570
vn 0.892782 -0.062783 0.446092
vn 0.922063 -0.072757 0.380140
vn 0.945120 -0.081472 0.316402
vn 0.954990 0.026870 0.295419
vn 0.954066 0.129760 0.270039
vn 0.626090 0.310768 0.715147
vn 0.288152 0.448337 0.846146
vn 0.308815 0.279495 0.909129
vn 0.632933 0.171573 0.754956
vn 0.331641 0.100239 0.938065
vn 0.655299 0.019444 0.755119
vn 0.766979 -0.018617 0.641402
vn 0.764073 0.094506 0.638170
vn 0.747746 0.228119 0.623569
vn 0.982681 0.126708 -0.135216
vn 0.988520 0.126637 -0.082412
vn 0.995610 0.039056 -0.085065
vn 0.988590 0.056292 -0.139715
vn 0.995337 -0.034193 -0.090195
vn 0.989807 -0.004898 -0.142333
vn 0.975398 -0.000000 -0.220452
vn 0.974317 0.060701 -0.216846
vn 0.969005 0.130793 -0.209576
vn 0.994294 0.022162 -0.104345
vn 0.988725 0.127045 -0.079260
vn 0.986792 0.125091 -0.102922
vn 0.989233 0.016752 -0.145388
vn 0.984857 0.125593 -0.119511
vn 0.985648 0.010484 -0.168490
vn 0.973507 -0.094514 -0.208212
vn 0.976891 -0.094605 -0.191660
vn 0.985990 -0.094674 -0.137331
vn 0.989449 0.128299 -0.067313
vn 0.996685 0.027114 -0.076702
vn 0.993200 -0.077369 -0.086989
vn 0.945142 0.136095 -0.296960
vn 0.949643 0.063471 -0.306839
vn 0.950215 0.000000 -0.311595
vn 0.892445 0.000000 -0.451156
vn 0.931024 0.068283 -0.358512
vn 0.926887 0.139178 -0.348582
vn 0.488040 0.184351 -0.853131
vn 0.681043 0.170346 -0.712153
vn 0.682042 0.081141 -0.726798
vn 0.487404 0.086855 -0.868846
vn 0.681658 0.000000 -0.731671
vn 0.489850 0.000000 -0.871807
vn 0.342039 0.000000 -0.939686
vn 0.340875 0.087333 -0.936043
vn 0.336123 0.189969 -0.922461
vn 0.793661 0.159150 -0.587174
vn 0.839407 0.152962 -0.521535
vn 0.842122 0.067899 -0.534995
vn 0.795636 0.074902 -0.601126
vn 0.794848 0.000000 -0.606808
vn 0.979736 0.132685 0.150039
vn 0.969044 0.137951 0.204754
vn 0.974839 0.024414 0.221570
vn 0.986533 0.020706 0.162246
vn 0.968291 -0.088013 0.233810
vn 0.980945 -0.091274 0.171514
vn 0.960604 0.138707 0.240834
vn 0.964249 0.027298 0.263589
vn 0.955849 -0.084601 0.281418
vn -0.902680 0.136347 0.408141
vn -0.942767 0.139740 0.302760
vn -0.942480 0.031818 0.332744
vn -0.902288 0.036268 0.429606
vn -0.930783 -0.081762 0.356311
vn -0.894651 -0.074720 0.440474
vn -0.838829 -0.064401 0.540572
vn -0.856021 0.054155 0.514097
vn -0.860435 0.139689 0.490040
vn -0.406446 0.319511 0.855987
vn -0.572192 0.238009 0.784823
vn -0.583439 0.106603 0.805130
vn -0.414439 0.183886 0.891306
vn -0.584620 -0.015724 0.811155
vn -0.435347 0.026973 0.899859
vn -0.156712 0.103064 0.982252
vn -0.141701 0.280887 0.949223
vn -0.128547 0.439327 0.889082
vn -0.952715 0.150263 0.264112
vn -0.967298 0.147438 0.206391
vn -0.973606 0.031988 0.225981
vn -0.955943 0.034667 0.291500
vn -0.967604 -0.081022 0.239119
vn -0.946811 -0.080539 0.311547
vn -0.982935 0.136346 0.123487
vn -0.991323 0.127898 0.030355
vn -0.999071 0.017120 0.039556
vn -0.990365 0.024304 0.136331
vn -0.994646 -0.092608 0.045853
vn -0.985522 -0.087177 0.145419
vn -0.991717 0.013899 -0.127685
vn -0.988185 -0.093684 -0.121303
vn -0.994018 -0.094044 -0.055532
vn -0.998052 0.013754 -0.060845
vn -0.990039 0.123360 -0.067859
vn -0.983643 0.121150 -0.133299
vn -0.999513 0.019849 0.024097
vn -0.995478 -0.094659 -0.007987
vn -0.994429 -0.094634 -0.046421
vn -0.999891 0.014575 0.002285
vn -0.993183 -0.094583 -0.068131
vn -0.999702 0.007143 -0.023345
vn -0.992061 0.121901 0.030895
vn -0.991477 0.122389 0.044666
vn -0.991291 0.123126 0.046705
vn -0.991314 0.123520 0.045166
vn -0.991511 0.123215 0.041531
vn -0.998729 0.031237 0.039549
vn -0.999113 0.021260 0.036359
vn -0.998137 -0.047452 0.038343
vn -0.996262 -0.082451 0.025775
vn -0.992127 0.123838 0.018663
vn -0.991511 0.126019 -0.032010
vn -0.997581 0.058750 -0.037154
vn -0.998529 0.051636 0.016547
vn -0.999206 0.000000 -0.039854
vn -0.999757 -0.014679 0.016464
vn -0.984843 0.130274 -0.114515
vn -0.948705 0.142366 -0.282295
vn -0.953304 0.066046 -0.294703
vn -0.990571 0.060722 -0.122811
vn -0.954766 0.000001 -0.297359
vn -0.992040 0.000000 -0.125928
vn -0.851020 0.159098 -0.500452
vn -0.779135 0.166611 -0.604310
vn -0.781576 0.081793 -0.618425
vn -0.854171 0.074538 -0.514623
vn -0.778493 0.000001 -0.627654
vn -0.854445 0.000002 -0.519541
vn -0.481211 0.189785 -0.855814
vn -0.247522 0.196208 -0.948807
vn -0.249946 0.091374 -0.963939
vn -0.482946 0.089575 -0.871057
vn -0.251476 0.000000 -0.967864
vn -0.484907 0.000000 -0.874565
vn -0.598646 0.000000 -0.801014
vn -0.599899 0.083665 -0.795690
vn -0.595904 0.182288 -0.782093
vn 0.046145 0.481964 0.874975
vn 0.050400 0.315910 0.947450
vn 0.052951 0.130952 0.989974
vn -0.057309 0.197470 -0.978632
vn 0.049563 0.196036 -0.979343
vn 0.050473 0.091609 -0.994515
vn -0.057749 0.091872 -0.994095
vn 0.050806 0.000000 -0.998709
vn -0.057962 0.000000 -0.998319
vn 0.561564 0.805981 -0.187191
vn 0.418971 0.893196 -0.163291
vn 0.404218 0.906069 -0.125088
vn 0.568841 0.812181 -0.129548
vn 0.372509 0.925293 -0.071210
vn 0.557922 0.828581 -0.046657
vn 0.677043 0.735386 -0.028651
vn 0.676282 0.725178 -0.129458
vn 0.665737 0.718148 -0.202625
vn 0.205741 -0.977900 0.037180
vn 0.756244 -0.645174 -0.108841
vn 0.763765 -0.645472 -0.005317
vn 0.223136 -0.972306 0.069502
vn 0.757059 -0.641574 0.123465
vn 0.228489 -0.966438 0.117432
vn 0.297637 0.939771 -0.168058
vn 0.176377 0.976744 -0.121911
vn 0.430383 0.900280 0.065318
vn 0.554514 0.831870 -0.022495
vn 0.509226 0.833355 0.214962
vn 0.692119 0.717924 0.074545
vn 0.713305 0.699844 0.037594
vn 0.567011 0.822585 -0.043040
vn 0.304768 0.940641 -0.149367
vn 0.196316 -0.935784 0.292863
vn 0.171514 -0.928636 0.328966
vn 0.658120 -0.655403 0.370573
vn 0.582504 -0.693133 0.424564
vn 0.482300 -0.729933 0.484339
vn 0.215476 -0.918926 0.330372
vn 0.113255 0.993048 -0.032075
vn 0.048769 0.998605 0.020228
vn 0.117735 0.960276 0.252998
vn 0.265613 0.942234 0.204069
vn 0.143906 0.907346 0.394986
vn 0.323708 0.876937 0.355239
vn 0.183708 -0.931271 0.314619
vn 0.347507 -0.748810 0.564378
vn 0.171814 -0.763728 0.622253
vn 0.094427 -0.937021 0.336268
vn 0.105334 0.994069 0.027065
vn 0.263046 0.964530 0.022116
vn 0.509143 0.860681 0.000796
vn 0.442300 0.896693 -0.017666
vn 0.658033 0.752686 -0.021363
vn 0.651115 0.756557 -0.060588
vn 0.642074 0.761234 -0.090908
vn 0.415693 0.909232 -0.022262
vn 0.016291 0.997784 0.064520
vn 0.059539 -0.996791 -0.053508
vn 0.056041 -0.997493 -0.043218
vn 0.293523 -0.950264 -0.104124
vn 0.311443 -0.946622 -0.083126
vn 0.350108 -0.934825 -0.059387
vn 0.009232 -0.999736 -0.021052
vn 0.583733 0.803052 0.119843
vn 0.451334 0.878004 0.159394
vn 0.480100 0.842499 0.244333
vn 0.606421 0.770161 0.197751
vn 0.489093 0.833701 0.256380
vn 0.613557 0.762686 0.204590
vn 0.700612 0.695639 0.158838
vn 0.701680 0.694986 0.156970
vn 0.689927 0.718407 0.088838
vn 0.184222 -0.951609 -0.245973
vn 0.729754 -0.646304 -0.223046
vn 0.695047 -0.633322 -0.340312
vn 0.150271 -0.915711 -0.372681
vn 0.681112 -0.627459 -0.377335
vn 0.136611 -0.909407 -0.392831
vn 0.393508 0.916901 0.066658
vn 0.548499 0.835210 0.039657
vn 0.668192 0.743737 0.019360
vn 0.338779 -0.939133 -0.057083
vn 0.213525 -0.970675 -0.110439
vn 0.733909 -0.675561 -0.070678
vn 0.739590 -0.663003 -0.115906
vn 0.040665 0.995311 0.087757
vn 0.419803 0.906844 -0.037404
vn 0.624030 0.770311 -0.131175
vn 0.573031 0.793564 -0.204677
vn 0.402924 0.911726 -0.080055
vn 0.060367 0.993682 0.094612
vn 0.069458 -0.994101 -0.083302
vn 0.064492 -0.996201 -0.058525
vn 0.280716 -0.940489 -0.191517
vn 0.296129 -0.945808 -0.133245
vn 0.001303 0.998479 0.055125
vn 0.047966 0.996174 0.073054
vn 0.278753 0.942677 -0.183459
vn 0.167857 0.957587 -0.234202
vn 0.398930 0.846851 -0.351707
vn 0.244054 0.874506 -0.419137
vn 0.084709 0.886799 -0.454326
vn 0.053408 0.965013 -0.256705
vn -0.010809 0.998602 0.051741
vn 0.022567 -0.982971 -0.182369
vn 0.069285 -0.980816 -0.182206
vn 0.083297 -0.862097 -0.499850
vn 0.188554 -0.892669 -0.409377
vn 0.227809 -0.920183 -0.318381
vn 0.103270 -0.978218 -0.180069
vn 0.067877 0.993719 0.088971
vn 0.350305 0.927218 -0.132486
vn 0.497757 0.820154 -0.282108
vn 0.073576 -0.989679 -0.122972
vn 0.248289 -0.933744 -0.257827
vn 0.331304 0.942069 -0.052387
vn 0.294930 0.953130 -0.067522
vn 0.521122 0.853470 -0.004476
vn 0.534605 0.845070 -0.007304
vn 0.665638 0.744878 0.045639
vn 0.669101 0.742652 0.027800
vn 0.222097 -0.963899 0.146871
vn 0.742091 -0.640374 0.198044
vn 0.721447 -0.641251 0.261365
vn 0.221604 -0.957082 0.186779
vn 0.285841 0.952057 -0.109010
vn 0.527722 0.849016 -0.026123
vn 0.677998 0.734010 0.039360
vn 0.216538 -0.945169 0.244472
vn 0.695678 -0.642105 0.322075
vn -0.360856 0.919776 -0.154256
vn -0.326655 0.933097 -0.150425
vn -0.571595 0.819701 -0.037020
vn -0.603507 0.797247 0.013322
vn -0.708790 0.703763 0.048321
vn -0.713259 0.689350 0.126721
vn -0.535740 0.785017 0.311017
vn -0.475911 0.864410 0.162186
vn -0.296894 0.951878 -0.076040
vn -0.214615 -0.880974 0.421694
vn -0.178721 -0.909636 0.374995
vn -0.441793 -0.654798 0.613237
vn -0.598841 -0.626550 0.498824
vn -0.657369 -0.627645 0.417047
vn -0.167459 -0.931996 0.321468
vn -0.078477 0.996915 0.001390
vn -0.177678 0.948593 0.261921
vn -0.206014 0.885547 0.416371
vn -0.044985 0.913897 0.403445
vn -0.029682 0.969486 0.243341
vn 0.000749 0.999999 -0.000914
vn -0.048757 -0.932225 0.358578
vn -0.126630 -0.913830 0.385849
vn -0.087724 -0.748160 0.657694
vn -0.235687 -0.710806 0.662727
vn -0.306722 0.944636 -0.116553
vn -0.313973 0.946435 -0.075380
vn -0.534846 0.844875 -0.011176
vn -0.537259 0.842974 -0.027343
vn -0.671859 0.739562 0.040665
vn -0.679585 0.732328 0.043129
vn -0.172194 -0.948571 0.265635
vn -0.685860 -0.632529 0.359866
vn -0.717949 -0.639341 0.275304
vn -0.178859 -0.964303 0.195265
vn -0.348739 0.935529 -0.056280
vn -0.390342 0.918089 -0.068895
vn -0.568186 0.821257 -0.051986
vn -0.548628 0.835880 -0.017703
vn -0.686746 0.726025 -0.035599
vn -0.677972 0.734937 0.014893
vn -0.183839 -0.973489 0.136099
vn -0.743731 -0.644343 0.178007
vn -0.756587 -0.647339 0.092347
vn -0.189119 -0.977070 0.097815
vn -0.584141 0.801953 -0.125102
vn -0.690888 0.710751 -0.132314
vn -0.690741 0.717141 -0.092658
vn -0.580628 0.808633 -0.094784
vn -0.421601 0.902066 -0.092353
vn -0.441036 0.890353 -0.112952
vn -0.195125 -0.980054 0.037697
vn -0.193660 -0.979170 0.061010
vn -0.761162 -0.648547 0.004387
vn -0.759677 -0.647934 -0.055425
vn -0.550114 0.811146 0.198537
vn -0.664897 0.724090 0.183317
vn -0.652647 0.702720 0.283263
vn -0.546274 0.778357 0.309429
vn -0.639636 0.713020 0.287172
vn -0.532638 0.779679 0.329238
vn -0.375517 0.849255 0.371150
vn -0.399992 0.852344 0.336923
vn -0.404971 0.887864 0.218395
vn -0.240462 -0.943658 -0.227350
vn -0.232586 -0.901806 -0.364211
vn -0.220510 -0.894212 -0.389565
vn -0.722661 -0.626516 -0.291958
vn -0.733850 -0.632871 -0.246858
vn -0.752685 -0.645301 -0.130580
vn -0.357400 0.927843 0.106646
vn -0.231529 0.971286 0.054749
vn -0.483816 0.872887 0.063171
vn -0.521164 0.847519 0.100502
vn -0.650418 0.757015 0.062330
vn -0.651108 0.753034 0.094861
vn -0.235722 -0.967904 -0.087156
vn -0.738350 -0.673602 -0.033153
vn -0.716609 -0.697444 0.006597
vn -0.327491 -0.944626 -0.020781
vn -0.091302 0.994992 0.040674
vn 0.000587 0.998582 0.053232
vn -0.417498 0.907833 0.039173
vn -0.434995 0.899256 0.046015
vn -0.660074 0.751051 0.014978
vn -0.659222 0.750932 0.039088
vn -0.013821 -0.999740 -0.018130
vn -0.065572 -0.997448 -0.028235
vn -0.355912 -0.934519 -0.000946
vn -0.320565 -0.946898 -0.024953
vn -0.307874 -0.950648 -0.038495
vn -0.067837 -0.997213 -0.031072
vn -0.016075 0.997154 0.073659
vn -0.041740 0.995058 0.090092
vn -0.428363 0.903287 -0.024030
vn -0.431039 0.902011 0.024119
vn -0.606114 0.785796 -0.123084
vn -0.650566 0.758860 -0.029918
vn -0.068683 -0.997123 -0.032060
vn -0.316663 -0.946398 -0.063687
vn -0.306700 -0.941472 -0.139876
vn -0.071247 -0.995488 -0.062678
vn -0.064842 0.993222 0.096461
vn -0.051065 0.995450 0.080450
vn -0.289049 0.943049 -0.164651
vn -0.375036 0.922193 -0.094386
vn -0.407716 0.853098 -0.325563
vn -0.526857 0.818728 -0.228269
vn -0.071178 -0.990944 -0.113859
vn -0.270183 -0.932953 -0.237905
vn -0.234169 -0.918337 -0.319097
vn -0.094542 -0.980015 -0.175020
vn -0.003042 0.998385 0.056734
vn 0.013607 0.998608 0.050963
vn -0.064585 0.967834 -0.243157
vn -0.160018 0.961052 -0.225329
vn -0.113829 0.887670 -0.446190
vn -0.241356 0.880373 -0.408278
vn -0.063050 -0.982257 -0.176624
vn -0.185515 -0.892407 -0.411332
vn -0.114511 -0.862855 -0.492310
vn -0.034272 -0.984083 -0.174374
vn -0.001067 0.999987 0.004990
vn 0.012203 0.970511 0.240748
vn 0.020790 0.919848 0.391724
vn 0.016232 -0.936740 0.349649
vn 0.030851 -0.763500 0.645071
vn 0.003269 0.998618 0.052463
vn -0.015299 0.967506 -0.252384
vn -0.026749 0.888849 -0.457418
vn -0.010857 -0.983694 -0.179523
vn -0.030342 -0.850511 -0.525081
vn 0.971375 0.149999 -0.184204
vn 0.986874 0.134247 -0.089759
vn 0.993968 0.096396 0.052310
vn 0.974520 0.034350 0.221653
vn 0.986263 0.059628 0.154046
vn 0.965375 0.019735 0.260120
vn 0.957670 -0.006216 0.287800
vn 0.932044 -0.054072 0.358288
vn 0.895782 -0.076953 0.437781
vn 0.270126 -0.210077 0.939627
vn 0.583539 -0.172129 0.793633
vn 0.716152 -0.168157 0.677385
vn 0.053217 -0.220702 0.973889
vn -0.096258 -0.222565 0.970154
vn -0.354497 -0.195225 0.914450
vn -0.516671 -0.190362 0.834753
vn -0.944168 -0.030040 0.328091
vn -0.905343 -0.059526 0.420489
vn -0.844621 -0.061625 0.531806
vn -0.956665 -0.013379 0.290884
vn -0.974006 -0.002980 0.226501
vn -0.991050 0.002650 0.133467
vn -0.999493 0.003599 0.031639
vn -0.993008 -0.012236 -0.117415
vn -0.997800 -0.002528 -0.066248
vn -0.999227 -0.038797 0.006398
vn -0.998686 -0.045341 -0.023885
vn -0.997940 -0.047304 -0.043349
vn -0.997131 -0.061272 -0.044461
vn -0.998262 -0.054218 -0.023116
vn -0.998980 -0.044846 0.005326
vn -0.998914 -0.034228 0.031622
vn -0.998820 -0.039855 0.027770
vn -0.997990 -0.041754 0.047676
vn -0.998566 -0.030451 0.044031
vn -0.998222 0.021201 0.055716
vn -0.999334 0.020972 0.029881
vn -0.999439 0.019157 -0.027480
vn -0.992782 0.015119 -0.118979
vn -0.960327 0.004425 -0.278842
vn -0.876553 -0.017680 -0.480981
vn -0.813917 -0.029412 -0.580237
vn -0.310956 -0.109959 -0.944042
vn -0.547332 -0.077243 -0.833344
vn -0.649750 -0.063067 -0.757527
vn 0.229603 -0.115437 -0.966414
vn -0.067414 -0.125067 -0.989855
vn 0.639000 -0.073646 -0.765673
vn 0.530807 -0.085320 -0.843187
vn 0.900488 0.003558 -0.434866
vn 0.817961 -0.020833 -0.574897
vn 0.767484 -0.033999 -0.640166
vn 0.989048 0.108100 -0.100495
vn 0.961827 0.033552 -0.271595
vn 0.970600 0.230813 -0.068274
vn 0.980071 0.194244 -0.041588
vn 0.974167 0.178348 -0.138533
vn 0.974140 0.189888 -0.122449
vn 0.971273 0.220368 -0.089814
vn 0.981885 0.151139 -0.114273
vn 0.978988 0.158791 -0.127939
vn 0.974090 0.177122 -0.140631
vn 0.968483 0.198026 -0.151086
vn 0.975516 0.162905 -0.147749
vn 0.966158 0.208346 -0.152088
vn 0.977474 0.137104 -0.160457
vn 0.023538 -0.983411 0.179860
vn 0.023430 -0.983542 0.179155
vn 0.068712 -0.846823 0.527418
vn 0.069094 -0.844946 0.530370
vn 0.128984 -0.000000 0.991647
vn 0.128946 -0.000000 0.991652
vn 0.128708 0.000000 0.991683
vn 0.069480 -0.842495 0.534204
vn 0.023586 -0.983313 0.180385
vn 0.023293 -0.983916 0.177110
vn 0.021798 -0.984000 0.176832
vn 0.063576 -0.855173 0.514429
vn 0.067941 -0.852582 0.518159
vn 0.122410 0.000000 0.992480
vn 0.129794 -0.000001 0.991541
vn 0.129924 -0.000001 0.991524
vn 0.068325 -0.851008 0.520688
vn 0.023409 -0.983806 0.177703
vn 0.023360 -0.983678 0.178414
vn 0.068398 -0.848804 0.524265
vn 0.129186 -0.000000 0.991620
vn 0.994860 -0.003547 -0.101195
vn 0.989331 -0.001269 -0.145679
vn 0.994965 0.000000 -0.100227
vn 0.989129 0.000000 -0.147052
vn 0.975174 -0.000000 -0.221441
vn 0.975274 0.000000 -0.221001
vn 0.130612 -0.975602 0.176468
vn 0.618902 -0.689946 0.375413
vn 0.664990 -0.000000 0.746853
vn 0.989672 0.000000 0.143352
vn 0.983916 -0.128513 0.124068
vn 0.884906 -0.461637 0.061903
vn 0.949809 -0.000000 -0.312830
vn 0.949517 0.000000 -0.313716
vn 0.890622 0.000001 -0.454744
vn 0.891382 0.000001 -0.453252
vn 0.680954 0.000000 -0.732326
vn 0.489626 0.000000 -0.871933
vn 0.680380 0.000000 -0.732860
vn 0.489300 0.000000 -0.872116
vn 0.342038 0.000000 -0.939686
vn 0.342039 0.000000 -0.939686
vn 0.793814 0.000001 -0.608160
vn 0.793046 0.000001 -0.609162
vn -0.102507 -0.977093 0.186497
vn -0.842076 -0.512343 0.168560
vn -0.954021 -0.145414 0.262103
vn -0.528426 -0.729315 0.434586
vn -0.957916 0.000000 0.287047
vn -0.539869 0.000000 0.841749
vn -0.999191 0.000000 -0.040219
vn -0.999779 -0.009613 0.018705
vn -0.999180 -0.000000 -0.040499
vn -0.999804 -0.000000 0.019781
vn -0.998159 -0.000000 0.060656
vn -0.998187 -0.027466 0.053555
vn -0.953914 0.000002 -0.300079
vn -0.991888 0.000000 -0.127119
vn -0.953312 0.000001 -0.301987
vn -0.991783 0.000000 -0.127934
vn -0.778492 0.000004 -0.627654
vn -0.853180 0.000003 -0.521617
vn -0.778492 0.000001 -0.627655
vn -0.852226 0.000001 -0.523174
vn -0.251593 0.000001 -0.967833
vn -0.484647 0.000000 -0.874710
vn -0.251610 0.000003 -0.967829
vn -0.484289 0.000001 -0.874908
vn -0.598645 0.000001 -0.801015
vn -0.598645 0.000000 -0.801014
vn 0.050806 0.000002 -0.998709
vn -0.057962 0.000002 -0.998319
vn 0.050809 0.000002 -0.998708
vn -0.057961 0.000003 -0.998319
vn 0.975216 0.000001 -0.221255
vn 0.949636 0.000001 -0.313356
vn 0.975239 -0.000000 -0.221156
vn 0.949697 0.000001 -0.313171
vn 0.891133 0.000000 -0.453741
vn 0.890960 0.000000 -0.454083
vn 0.793426 0.000000 -0.608666
vn 0.793629 0.000000 -0.608403
vn 0.680870 0.000000 -0.732405
vn 0.680694 0.000000 -0.732568
vn 0.489513 0.000000 -0.871996
vn 0.489657 0.000000 -0.871915
vn 0.342040 0.000000 -0.939686
vn 0.342039 0.000000 -0.939686
vn 0.050808 -0.000001 -0.998708
vn -0.057961 -0.000001 -0.998319
vn 0.050807 -0.000001 -0.998709
vn -0.057961 -0.000002 -0.998319
vn -0.251633 -0.000002 -0.967823
vn -0.251616 -0.000001 -0.967827
vn -0.484522 0.000000 -0.874779
vn -0.484675 -0.000001 -0.874694
vn -0.598646 -0.000000 -0.801014
vn -0.598645 -0.000000 -0.801014
vn -0.778491 -0.000000 -0.627655
vn -0.852701 -0.000000 -0.522400
vn -0.778491 -0.000000 -0.627655
vn -0.852956 -0.000000 -0.521983
vn -0.953709 0.000000 -0.300730
vn -0.953574 -0.000000 -0.301159
vn -0.991823 -0.000000 -0.127624
vn -0.991843 0.000000 -0.127468
vn -0.999187 -0.000000 -0.040328
vn -0.999184 0.000000 -0.040387
vn -0.999803 0.000000 0.019867
vn -0.999802 -0.000000 0.019920
vn -0.998159 0.000000 0.060656
vn -0.998159 0.000000 0.060656
vn -0.957916 0.000000 0.287047
vn -0.539147 0.000000 0.842211
vn -0.957916 0.000000 0.287047
vn -0.538671 0.000000 0.842516
vn 0.122410 0.000000 0.992480
vn 0.122410 0.000000 0.992480
vn 0.129794 0.000000 0.991541
vn 0.129794 0.000000 0.991541
vn 0.129924 0.000000 0.991524
vn 0.129924 0.000000 0.991524
vn 0.129186 0.000000 0.991620
vn 0.129186 -0.000000 0.991620
vn 0.128984 0.000000 0.991647
vn 0.128984 0.000000 0.991647
vn 0.128946 -0.000000 0.991652
vn 0.128946 0.000000 0.991652
vn 0.128708 0.000000 0.991683
vn 0.128708 0.000000 0.991683
vn 0.664376 0.000000 0.747398
vn 0.663971 -0.000000 0.747758
vn 0.989672 0.000000 0.143352
vn 0.989672 -0.000000 0.143352
vn 0.994965 -0.000002 -0.100228
vn 0.989146 -0.000000 -0.146939
vn 0.994964 -0.000002 -0.100228
vn 0.989156 -0.000002 -0.146870
vn 0.949862 -0.000001 -0.312671
vn 0.975315 0.000000 -0.220817
vn 0.969172 -0.103862 -0.223425
vn 0.944102 -0.098793 -0.314503
vn 0.920032 -0.323643 -0.220898
vn 0.899928 -0.309339 -0.307310
vn 0.846738 -0.295044 -0.442700
vn 0.885795 -0.093566 -0.454547
vn 0.891637 -0.000001 -0.452751
vn 0.794299 -0.000001 -0.607527
vn 0.788006 -0.089586 -0.609115
vn 0.753038 -0.284402 -0.593337
vn 0.645649 -0.277020 -0.711616
vn 0.675440 -0.086625 -0.732309
vn 0.681579 0.000000 -0.731745
vn 0.490586 0.000000 -0.871393
vn 0.485591 -0.085323 -0.870012
vn 0.465201 -0.270615 -0.842826
vn 0.323708 -0.263744 -0.908654
vn 0.338900 -0.083056 -0.937149
vn 0.342039 0.000000 -0.939686
vn -0.057959 0.000000 -0.998319
vn 0.050806 0.000000 -0.998709
vn 0.049845 -0.085015 -0.995132
vn -0.057669 -0.085205 -0.994693
vn 0.046695 -0.259571 -0.964594
vn -0.056685 -0.262119 -0.963369
vn -0.238605 -0.264931 -0.934280
vn -0.249548 -0.085817 -0.964552
vn -0.251900 0.000000 -0.967753
vn -0.485634 0.000000 -0.874162
vn -0.480722 -0.085266 -0.872718
vn -0.458693 -0.270589 -0.846394
vn -0.565265 -0.269764 -0.779553
vn -0.592477 -0.090216 -0.800520
vn -0.598645 0.000000 -0.801014
vn -0.853846 -0.000002 -0.520525
vn -0.778492 -0.000002 -0.627655
vn -0.772360 -0.080395 -0.630077
vn -0.847521 -0.088654 -0.523306
vn -0.736034 -0.274906 -0.618611
vn -0.811643 -0.282497 -0.511303
vn -0.909013 -0.295429 -0.293969
vn -0.948645 -0.093751 -0.302133
vn -0.954101 -0.000001 -0.299484
vn -0.991892 -0.000000 -0.127088
vn -0.986707 -0.098797 -0.129028
vn -0.942482 -0.309279 -0.126787
vn -0.945327 -0.322787 -0.046529
vn -0.993715 -0.103438 -0.042790
vn -0.999194 -0.000000 -0.040136
vn -0.999796 -0.000000 0.020188
vn -0.994334 -0.105213 0.015179
vn -0.936867 -0.349675 0.002731
vn -0.920740 -0.387744 0.043498
vn -0.997946 -0.022680 0.059914
vn -0.998159 0.000000 0.060656
vn -0.536738 0.001739 0.843747
vn -0.957916 0.000000 0.287048
vn -0.895848 -0.377376 0.234615
vn -0.333266 -0.688484 0.644145
vn -0.681811 -0.718019 0.139938
vn -0.230948 -0.953232 0.194968
vn 0.022687 -0.978395 0.205496
vn 0.072721 -0.773088 0.630116
vn 0.119596 0.009931 0.992773
vn 0.127835 0.021064 0.991572
vn 0.079908 -0.766548 0.637196
vn 0.025388 -0.977723 0.208359
vn 0.027426 -0.977162 0.210717
vn 0.083998 -0.761677 0.642489
vn 0.129881 0.026095 0.991186
vn 0.130297 0.019541 0.991283
vn 0.085012 -0.764548 0.638936
vn 0.028362 -0.976968 0.211495
vn 0.028247 -0.976933 0.211668
vn 0.083942 -0.769536 0.633062
vn 0.130019 0.008602 0.991474
vn 0.129318 0.001591 0.991602
vn 0.082523 -0.771351 0.631037
vn 0.027727 -0.976823 0.212247
vn 0.027497 -0.976660 0.213022
vn 0.081928 -0.770494 0.632160
vn 0.128708 0.000000 0.991683
vn 0.661428 -0.000000 0.750009
vn 0.433901 -0.684544 0.585772
vn 0.264541 -0.950222 0.164608
vn 0.694826 -0.718334 0.034824
vn 0.921664 -0.375112 0.099130
vn 0.989672 0.000000 0.143351
vn 0.989208 0.000003 -0.146518
vn 0.994965 0.000003 -0.100228
vn 0.994593 -0.024096 -0.101017
vn 0.982827 -0.105662 -0.151285
vn 0.915293 -0.388715 -0.105546
vn 0.923282 -0.351047 -0.155938
vn 0.975270 -0.000001 -0.221018
vn 0.949770 -0.000001 -0.312948
vn 0.891353 -0.000001 -0.453311
vn 0.793905 -0.000001 -0.608042
vn 0.681141 0.000000 -0.732152
vn 0.489967 0.000000 -0.871741
vn 0.342039 0.000000 -0.939686
vn 0.050806 0.000000 -0.998709
vn -0.057961 0.000000 -0.998319
vn -0.251710 0.000000 -0.967803
vn -0.484997 0.000000 -0.874516
vn -0.598645 0.000000 -0.801014
vn -0.778492 -0.000001 -0.627655
vn -0.853316 -0.000001 -0.521394
vn -0.953879 -0.000000 -0.300190
vn -0.991866 -0.000000 -0.127289
vn -0.999190 -0.000000 -0.040248
vn -0.999800 -0.000000 0.020015
vn -0.998159 0.000000 0.060656
vn -0.957916 0.000000 0.287048
vn -0.537864 0.000307 0.843032
vn 0.121882 0.001753 0.992543
vn 0.129430 0.003717 0.991582
vn 0.129923 0.004607 0.991513
vn 0.129399 0.003451 0.991587
vn 0.129180 0.001519 0.991620
vn 0.129016 0.000281 0.991642
vn 0.128708 0.000000 0.991683
vn 0.663116 0.000000 0.748516
vn 0.989672 -0.000000 0.143351
vn 0.994965 0.000002 -0.100228
vn 0.989174 0.000000 -0.146745
vn -0.053015 0.932924 0.356149
vn -0.154556 0.937708 0.311152
vn -0.100501 0.894945 0.434710
vn -0.023431 0.884288 0.466354
vn -0.021367 0.811208 0.584368
vn 0.008844 0.815348 0.578904
vn 0.039257 0.818714 0.572858
vn 0.051623 0.881919 0.468566
vn 0.051620 0.916081 0.397656
vn -0.403214 0.425650 0.810087
vn 0.007199 0.860614 0.509207
vn 0.036584 0.883978 0.466095
vn 0.036786 0.861346 0.506685
vn 0.099898 0.895426 0.433858
vn 0.168831 0.918413 0.357790
vn 0.129827 0.961279 0.243079
vn -0.017657 0.744213 0.667710
vn -0.228954 0.232551 0.945251
vn -0.083279 0.975114 0.205467
vn -0.037343 0.975531 0.216669
vn -0.186221 -0.324124 0.927505
vn -0.423326 -0.556569 0.714861
vn -0.032053 -0.984230 0.173963
vn -0.096869 -0.987264 0.126199
vn -0.148309 -0.987750 0.048516
vn -0.457449 -0.786619 0.414693
vn -0.078736 0.978566 0.190288
vn -0.903989 0.421407 0.072248
vn -0.961468 0.274677 -0.011491
vn -0.694601 0.663379 -0.278312
vn -0.683632 0.729263 -0.028673
vn -0.233902 0.907428 -0.349092
vn -0.207983 0.965051 -0.159437
vn -0.208421 0.978027 0.004899
vn -0.657384 0.750519 0.067589
vn -0.852944 0.503675 0.137107
vn 0.994820 0.089231 0.048691
vn 0.900928 0.415881 0.123986
vn 0.714606 0.689208 0.119713
vn 0.870022 0.490226 0.052344
vn 0.228150 0.973418 0.020130
vn 0.205087 0.977877 0.041192
vn 0.195287 0.971475 0.134532
vn 0.976504 0.205137 0.066020
vn 0.984107 -0.176818 0.016376
vn -0.995161 -0.038688 0.090317
vn -0.994826 -0.047121 0.090010
vn -0.980174 -0.089934 0.176550
vn -0.982001 -0.116856 0.148391
vn 0.033009 -0.462225 0.886148
vn 0.038976 -0.714154 0.698903
vn 0.031686 -0.947420 0.318420
vn -0.755387 -0.608585 0.242928
vn -0.995281 -0.065716 0.071393
vn -0.191048 0.979991 0.055840
vn -0.999246 -0.003551 0.038675
vn -0.773391 -0.632559 0.041671
vn -0.395882 -0.918301 0.000587
vn 0.026528 -0.999492 0.017653
vn 0.029750 -0.999383 -0.018654
vn 0.040683 -0.997661 -0.054934
vn 0.083339 -0.994936 -0.056185
vn 0.093489 0.993083 0.071029
vn 0.989290 0.120615 0.082200
vn 0.997993 -0.063302 0.001832
vn 0.834069 -0.515308 0.196943
vn 0.991675 0.004959 0.128668
vn 0.028715 -0.921086 0.388300
vn 0.089111 -0.590162 0.802352
vn 0.111261 -0.261343 0.958812
vn 0.965601 0.150230 0.212238
vn 0.973162 0.191549 0.127531
vn 0.182365 0.982081 0.047535
vn -0.067547 0.992286 0.103949
vn -0.116059 -0.991935 -0.050940
vn 0.275216 -0.960284 -0.045935
vn -0.062841 -0.996322 -0.058259
vn -0.039131 -0.999106 -0.016013
vn -0.026735 -0.999366 0.023499
vn 0.547580 -0.835158 -0.051659
vn 0.879407 -0.465333 -0.100539
vn -0.909548 -0.315083 -0.271007
vn -0.575264 -0.746458 -0.334473
vn -0.730486 -0.667329 -0.145131
vn -0.831700 -0.504368 -0.232136
vn -0.813517 -0.569801 -0.116263
vn -0.991105 -0.132155 -0.015667
vn -0.909281 0.398082 0.121404
vn -0.915729 0.390616 0.094126
vn -0.938265 0.335361 -0.084810
vn -0.300796 -0.952837 0.040292
vn -0.669669 -0.492111 -0.556211
vn -0.679104 -0.418027 -0.603383
vn -0.631991 -0.703873 -0.324268
vn -0.680907 -0.284938 -0.674667
vn -0.772450 -0.184346 -0.607732
vn -0.685415 0.423558 -0.592288
vn -0.685632 -0.727496 -0.025651
vn -0.009738 -0.933252 0.359090
vn -0.982930 -0.182994 0.019023
vn -0.995357 -0.095896 0.008295
vn -0.994578 -0.098197 -0.034229
vn -0.984111 -0.173997 -0.035359
vn -0.992964 -0.104992 -0.054765
vn -0.982639 -0.173849 -0.064788
vn -0.203046 -0.962946 -0.177502
vn -0.216726 -0.972829 -0.081449
vn -0.203146 -0.970215 0.131965
vn 0.979065 -0.177492 -0.099645
vn 0.243513 -0.965477 0.092495
vn 0.314357 -0.945240 -0.087758
vn 0.972978 -0.158091 -0.168286
vn 0.376174 -0.912246 -0.162173
vn 0.969881 -0.144199 -0.196308
vn 0.977590 -0.085823 -0.192229
vn 0.980943 -0.089650 -0.172380
vn 0.989286 -0.096483 -0.109564
vn -0.993702 -0.097991 0.054344
vn -0.976583 -0.198146 0.083803
vn -0.141548 -0.918708 0.368700
vn -0.095045 -0.869215 0.485213
vn -0.944903 -0.277191 0.174135
vn -0.992145 -0.099113 0.076322
vn 0.979051 -0.065675 -0.192735
vn 0.977427 -0.184045 -0.103753
vn 0.979614 0.182748 -0.083429
vn 0.871105 0.396855 -0.289278
vn 0.257131 0.965975 0.027860
vn 0.336153 0.888162 -0.313320
vn 0.506684 0.541879 -0.670550
vn 0.524950 0.543738 -0.654811
vn 0.492130 -0.810679 0.317187
vn 0.993327 -0.110676 -0.032447
vn 0.992785 -0.119870 0.003168
vn 0.949762 -0.294532 0.105849
vn 0.978535 -0.205885 -0.009010
vn 0.131501 -0.864041 0.485944
vn 0.171136 -0.922535 0.345893
vn -0.921868 -0.365872 0.127658
vn -0.723430 0.560214 -0.403496
vn -0.340781 0.796786 -0.498999
vn 0.908043 0.360907 0.212614
vn 0.947581 0.085419 0.307887
vn 0.781921 0.546125 0.300577
vn 0.722901 0.659307 0.206708
vn 0.213208 0.937505 0.275004
vn 0.242537 0.959417 0.143857
vn 0.065972 0.992843 0.099549
vn 0.119958 -0.990576 -0.066104
vn 0.063976 -0.995500 -0.069909
vn 0.102822 -0.992151 -0.071163
vn 0.199174 -0.978894 -0.045777
vn 0.028116 0.990464 0.134875
vn -0.050060 0.990034 0.131632
vn -0.035229 0.987205 0.155515
vn -0.245390 -0.969424 0.000416
vn -0.164769 -0.985008 -0.051085
vn -0.129068 -0.989985 -0.057195
vn -0.094526 -0.992982 -0.071069
vn -0.866470 0.401810 0.296274
vn -0.659161 0.699363 0.276401
vn -0.185671 0.967756 0.170222
vn -0.111864 0.937072 0.330731
vn -0.664024 0.591165 0.457817
vn -0.842016 0.270164 0.466926
vn 0.906567 0.161756 0.389836
vn 0.621059 0.535601 0.572203
vn 0.319231 0.762093 0.563299
vn 0.625086 0.615262 0.480333
vn -0.011309 0.898272 0.439295
vn 0.116857 0.909562 0.398799
vn 0.029175 0.986298 0.162371
vn 0.352483 -0.931084 0.094014
vn 0.145807 -0.988499 -0.040135
vn 0.150389 -0.988015 0.034770
vn 0.506603 -0.741301 0.440257
vn 0.062535 0.981359 0.181726
vn -0.042250 0.983741 0.174553
vn -0.356280 -0.922522 0.148384
vn -0.153899 -0.987953 -0.016263
vn -0.745235 0.363481 0.559023
vn -0.394302 0.734490 0.552314
vn -0.003949 0.903626 0.428305
vn 0.076419 0.976762 0.200240
vn 0.430341 -0.469475 0.770973
vn 0.095924 -0.987406 0.125813
vn 0.043442 -0.983875 0.173499
vn 0.240618 -0.308576 0.920263
vn 0.053815 0.975133 0.214989
vn 0.685418 0.231215 0.690465
vn 0.527175 -0.180514 0.830363
vn 0.278318 0.488764 0.826830
vn 0.386922 0.597261 0.702546
vn -0.113838 0.954613 0.275236
vn -0.113877 0.915061 0.386906
vn 0.714645 -0.575217 -0.398005
vn 0.653943 0.753040 -0.072725
vn 0.853764 0.518820 0.043744
vn 0.814857 -0.479181 -0.326180
vn 0.907235 0.399431 0.131829
vn 0.893629 -0.393048 -0.216658
vn 0.632588 -0.697561 -0.336512
vn 0.680395 -0.649297 -0.339818
vn 0.676603 -0.626933 -0.386217
vn 0.703908 -0.707999 0.057023
vn 0.849991 -0.424874 -0.311443
vn 0.720541 0.061802 -0.690653
vn 0.693245 0.001367 -0.720700
vn 0.815323 -0.252089 -0.521249
vn 0.834327 -0.501922 -0.227976
vn 0.013595 0.975320 0.220379
vn 0.061963 -0.243937 0.967810
vn 0.011638 -0.982883 0.183861
vn 0.094640 0.017251 0.995362
vn 0.057340 0.654559 0.753834
vn 0.001765 0.979638 0.200765
vn -0.993982 -0.068668 0.085346
vn -0.993526 -0.077121 0.083417
vn -0.974452 -0.160361 0.157254
vn -0.974702 -0.140911 0.173494
vn -0.013903 -0.746046 0.665749
vn 0.003473 -0.678173 0.734894
vn 0.982665 0.105417 0.152503
vn 0.964070 0.118780 0.237613
vn 0.101887 -0.434033 0.895117
vn 0.095001 -0.553439 0.827454
vn 0.967667 -0.033853 0.249948
vn 0.986893 0.031739 0.158227
vn 0.468732 0.300454 0.830673
vn 0.740432 0.466069 0.484293
vn 0.683182 0.312524 0.659994
vn 0.164014 -0.036126 0.985796
vn -0.124687 -0.646878 0.752331
vn -0.390856 -0.667907 0.633350
vn -0.503934 -0.703158 0.501617
vn -0.000838 -0.091727 0.995784
vn 0.102551 0.037614 0.994016
vn -0.869922 0.394590 0.295861
vn -0.529270 0.248655 0.811199
vn -0.301793 0.044447 0.952337
vn -0.869489 0.283371 0.404586
vn 0.548805 -0.581312 0.600740
vn 0.481555 -0.555082 0.678225
vn 0.259466 -0.505225 0.823059
vn -0.920826 0.389974 0.000596
vn -0.898798 0.422763 -0.115907
vn -0.941374 0.332497 -0.057102
vn -0.975633 0.217886 0.025796
vn -0.022800 -0.602025 0.798152
vn -0.175367 -0.709861 0.682161
vn -0.995116 0.091755 0.036402
vn -0.990861 0.134826 -0.004184
vn 0.849253 0.416786 0.324128
vn 0.880323 0.372031 0.294321
vn 0.887397 0.316133 0.335540
vn 0.858184 0.330496 0.392801
vn 0.288884 -0.708193 0.644211
vn 0.164621 -0.674247 0.719924
vn 0.355402 0.927963 0.112134
vn 0.395671 0.898353 0.190804
vn 0.339598 0.930633 0.136367
vn 0.356439 0.923482 0.141889
vn 0.359798 0.899490 0.247917
vn 0.374766 0.895878 0.238647
vn 0.387362 0.890823 0.237456
vn 0.353484 0.927156 0.124223
vn 0.344395 0.934359 0.091461
vn -0.562038 -0.036845 -0.826290
vn -0.454276 -0.144394 -0.879081
vn -0.575614 -0.592343 -0.563737
vn -0.586618 -0.550445 -0.594045
vn -0.577905 -0.619963 -0.530728
vn -0.578402 -0.648496 -0.494878
vn -0.577919 -0.670471 -0.465271
vn -0.609786 -0.596869 -0.521449
vn -0.670388 0.041365 -0.740857
vn -0.317890 -0.930142 -0.183798
vn -0.244452 -0.955742 -0.163709
vn -0.244284 -0.955806 -0.163583
vn -0.475896 -0.851602 -0.219767
vn 0.466534 0.819577 0.332627
vn 0.203057 0.889510 0.409317
vn -0.303466 0.778505 0.549398
vn -0.469317 -0.757131 -0.454416
vn -0.328337 -0.802596 -0.498030
vn -0.500204 -0.806138 -0.316129
vn -0.537374 -0.818794 -0.202005
vn -0.491340 -0.841979 -0.222839
vn -0.482994 -0.845829 -0.226472
vn -0.476657 -0.824209 -0.305742
vn -0.393998 -0.809328 -0.435607
vn -0.469122 -0.829828 -0.302176
vn -0.630271 -0.729078 0.266839
vn -0.649915 -0.675074 0.349121
vn -0.544578 -0.769123 0.334491
vn -0.448331 -0.677950 0.582565
vn -0.548036 -0.546651 0.633111
vn -0.614176 -0.240564 0.751610
vn 0.679666 -0.729080 -0.080596
vn 0.533236 -0.823682 -0.192892
vn 0.456580 -0.864975 -0.208214
vn 0.639035 -0.762104 -0.104077
vn 0.399754 -0.894030 -0.202257
vn 0.501958 -0.854388 -0.134385
vn 0.228773 -0.973029 -0.029623
vn 0.665060 -0.745008 -0.051553
vn 0.684758 -0.727232 -0.047327
vn 0.391260 -0.843024 0.369089
vn 0.369677 -0.852475 0.369630
vn 0.398529 -0.909247 0.120189
vn 0.275903 -0.930873 -0.239483
vn 0.440732 -0.860092 -0.256900
vn 0.106402 -0.879981 -0.462939
vn 0.046676 -0.869646 -0.491465
vn 0.064552 -0.888712 -0.453899
vn 0.416679 -0.748221 0.516279
vn 0.561486 -0.286064 -0.776467
vn 0.438910 -0.243198 -0.864993
vn 0.475256 -0.464058 -0.747517
vn 0.629123 -0.403049 -0.664647
vn 0.486126 -0.501129 -0.715927
vn 0.678926 -0.455180 -0.576082
vn 0.707666 -0.595642 -0.380027
vn 0.666639 -0.525064 -0.529056
vn 0.492195 -0.314662 -0.811623
vn -0.652968 0.710806 0.261509
vn -0.465332 0.860740 0.206381
vn -0.372477 0.907547 -0.193957
vn -0.666235 0.733460 -0.134787
vn -0.381083 0.772250 -0.508336
vn -0.575490 0.646991 -0.500214
vn -0.752643 0.514551 -0.410812
vn -0.846786 0.526373 -0.076720
vn -0.792871 0.560204 0.239849
vn 0.271028 0.689158 0.672016
vn 0.185563 0.723790 0.664601
vn 0.018611 0.608568 0.793283
vn 0.227567 0.538392 0.811386
vn 0.274962 0.488171 0.828303
vn 0.375045 0.637319 0.673175
vn -0.429900 0.888697 0.159387
vn -0.507406 0.849413 0.145039
vn -0.412299 0.866791 0.280503
vn -0.110521 0.969145 0.220326
vn -0.057597 0.975082 0.214237
vn 0.021005 0.964041 0.264924
vn 0.484407 0.822693 0.297533
vn 0.503407 0.793173 0.342722
vn 0.391931 0.919545 -0.028751
vn 0.340978 0.939883 0.018808
vn 0.184876 0.980334 -0.069038
vn 0.465169 0.847905 0.254313
vn 0.161734 0.859440 -0.484979
vn 0.662141 0.748917 -0.026319
vn 0.522695 0.852474 -0.008837
vn 0.658682 0.750165 0.058228
vn 0.899412 0.423726 0.107303
vn 0.897671 0.436469 0.060683
vn 0.944151 0.327016 0.040494
vn 0.971623 0.230483 0.053165
vn 0.980378 0.170686 -0.098618
vn 0.967713 0.236090 -0.088284
vn 0.940986 0.281604 -0.187736
vn 0.963384 0.204981 -0.172844
vn 0.943652 0.300723 -0.138154
vn 0.911794 0.387289 -0.136528
vn 0.876060 0.435925 -0.206128
vn 0.910987 0.352912 -0.213438
vn 0.890295 0.349153 -0.292347
vn 0.865178 0.430369 -0.257391
vn 0.873137 0.382600 -0.302076
vn 0.889878 0.313265 -0.331635
vn 0.861501 0.258854 -0.436819
vn 0.845869 0.322805 -0.424622
vn 0.695249 0.279492 -0.662204
vn 0.730869 0.216821 -0.647163
vn 0.363813 0.205712 -0.908473
vn 0.330199 0.268807 -0.904827
vn -0.070362 0.269179 -0.960517
vn -0.073489 0.205040 -0.975991
vn -0.499567 0.214221 -0.839370
vn -0.461054 0.276864 -0.843075
vn -0.760718 0.304109 -0.573434
vn -0.789950 0.245170 -0.562024
vn -0.889821 0.300469 -0.343420
vn -0.870779 0.361253 -0.333528
vn -0.885899 0.426488 -0.182458
vn -0.910559 0.358666 -0.205526
vn -0.909098 0.389452 -0.147876
vn -0.874333 0.469774 -0.121875
vn -0.878814 0.460756 -0.124058
vn -0.917567 0.371973 -0.140382
vn -0.942487 0.300483 -0.146386
vn -0.910714 0.387415 -0.143208
vn -0.948741 0.309210 -0.065414
vn -0.974596 0.216493 -0.057389
vn -0.982171 0.186882 0.020364
vn -0.965495 0.258653 0.030306
vn -0.977881 0.175989 0.113034
vn -0.981471 0.179905 0.065941
vn -0.989411 0.094966 0.109757
vn -0.988309 0.125772 0.086184
vn -0.967904 0.242098 0.067457
vn -0.951010 0.308046 0.026225
vn -0.832531 0.551364 -0.053757
vn -0.858682 0.511795 0.027047
vn -0.774617 0.625264 -0.094940
vn -0.717655 0.664570 -0.208132
vn -0.779705 0.625733 -0.022758
vn -0.647816 0.747325 0.147782
vn -0.415534 0.886894 -0.201869
vn -0.445323 0.567804 -0.692306
vn -0.368504 0.292018 -0.882570
vn -0.801963 0.585508 -0.118474
vn 0.299220 0.952263 -0.060516
vn -0.265188 0.960124 0.088534
vn -0.053134 0.978229 0.200612
vn 0.374664 0.914461 0.152932
vn 0.230883 0.900509 0.368478
vn 0.518362 0.792058 0.322406
vn -0.067277 0.672606 0.736936
vn -0.222723 0.589088 0.776769
vn -0.106958 0.318524 0.941861
vn -0.034114 0.473456 0.880156
vn 0.145748 0.574313 0.805558
vn 0.067957 0.685848 0.724565
vn -0.812028 0.417376 0.407932
vn -0.856881 0.306664 0.414381
vn -0.831483 0.469802 0.296515
vn -0.893670 0.395710 0.211581
vn -0.936422 0.332987 0.110604
vn -0.924094 0.211939 0.318014
vn -0.935056 0.186489 0.301484
vn -0.946063 0.309745 0.094985
vn -0.981612 0.180835 0.061132
vn -0.942065 -0.111995 0.316181
vn -0.991033 0.133147 -0.011182
vn -0.989124 0.146671 -0.011000
vn -0.992253 0.122690 -0.019499
vn -0.979799 0.199947 -0.003936
vn -0.979707 0.200249 -0.008620
vn -0.984078 0.176855 -0.017714
vn -0.997512 0.069488 0.011869
vn -0.992742 0.120019 -0.007675
vn -0.997412 0.071218 0.009877
vn -0.998930 0.035387 0.029778
vn -0.994813 -0.040003 0.093530
vn -0.992848 -0.046796 0.109831
vn -0.998291 -0.000465 0.058439
vn -0.997255 -0.012193 0.073030
vn -0.993429 -0.033425 0.109461
vn -0.980732 -0.072431 0.181436
vn -0.959082 -0.163262 0.231317
vn -0.986677 -0.118623 0.111347
vn -0.962502 -0.253997 0.095270
vn -0.892169 -0.425299 0.152172
vn -0.083665 -0.996260 0.021588
vn -0.480490 -0.876920 -0.011901
vn -0.843141 -0.536189 0.040187
vn -0.805542 -0.592491 -0.007535
vn -0.777715 -0.624955 -0.067751
vn -0.471952 -0.879157 -0.065920
vn -0.464947 -0.876732 -0.123148
vn -0.764163 -0.627383 -0.149820
vn -0.717517 -0.629008 -0.299196
vn -0.443555 -0.868590 -0.220929
vn -0.366552 -0.870813 -0.327605
vn -0.612871 -0.637450 -0.466954
vn -0.488958 -0.657068 -0.573743
vn -0.289611 -0.877832 -0.381493
vn -0.205678 -0.889998 -0.406940
vn -0.338785 -0.677838 -0.652503
vn -0.184006 -0.686427 -0.703534
vn -0.109503 -0.904901 -0.411295
vn -0.025748 -0.903847 -0.427081
vn -0.042331 -0.688069 -0.724410
vn 0.141648 -0.684967 -0.714672
vn 0.089828 -0.896082 -0.434704
vn 0.214638 -0.887760 -0.407200
vn 0.345670 -0.672873 -0.654029
vn 0.469513 -0.662379 -0.583791
vn 0.263936 -0.888661 -0.374993
vn 0.303897 -0.887633 -0.346056
vn 0.545959 -0.659405 -0.516832
vn 0.632457 -0.655030 -0.413442
vn 0.367243 -0.884573 -0.287511
vn 0.408604 -0.885857 -0.219773
vn 0.701254 -0.645604 -0.302387
vn 0.742709 -0.633362 -0.217337
vn 0.441671 -0.882742 -0.160295
vn 0.467350 -0.878969 -0.094853
vn 0.790281 -0.595249 -0.145378
vn 0.837623 -0.537707 -0.096221
vn 0.088088 -0.996073 0.008858
vn 0.914001 -0.402755 0.048889
vn 0.987283 -0.028870 0.156329
vn 0.971748 -0.234019 -0.030663
vn 0.999612 -0.023971 0.014187
vn 0.982117 0.164398 0.091757
vn 0.971547 0.149896 0.183379
vn 0.980836 0.123202 0.150937
vn 0.981832 0.160863 0.100639
vn 0.987394 0.131923 0.087461
vn 0.986310 0.103338 0.128508
vn 0.996046 0.052620 -0.071574
vn 0.992862 0.085133 -0.083530
vn 0.992645 0.082608 -0.088503
vn 0.986408 0.131776 -0.098158
vn 0.972784 0.197630 -0.120967
vn 0.980173 0.160139 -0.116690
vn 0.958939 0.248415 -0.136844
vn 0.966595 0.214717 -0.139966
vn 0.946887 0.292340 -0.133952
vn 0.956684 0.255551 -0.139462
vn 0.864948 0.046893 0.499666
vn 0.834390 0.373260 0.405550
vn 0.831112 0.533035 0.158515
vn 0.819997 0.515279 0.249183
vn 0.747528 0.521905 0.410873
vn 0.764187 0.388314 0.515005
vn 0.612890 0.402477 0.679984
vn 0.627904 0.548570 0.552094
vn 0.589609 0.554775 0.587014
vn 0.518573 0.437350 0.734716
vn -0.527659 0.839815 -0.127621
vn -0.261003 0.935383 -0.238614
vn -0.670221 0.741058 0.040452
vn -0.678957 0.734033 0.014552
vn -0.346826 0.907079 0.238580
vn -0.451505 0.869574 0.199962
vn -0.526796 0.820120 0.223357
vn -0.714256 0.699379 0.026599
vn -0.643420 0.762545 -0.067360
vn -0.123769 0.943038 0.308804
vn 0.099819 0.940668 0.324314
vn 0.159905 0.936850 0.311036
vn -0.134313 0.940551 0.311968
vn 0.201127 0.904817 0.375305
vn -0.165815 0.917743 0.360906
vn 0.393381 0.881689 0.260530
vn 0.378308 0.775135 0.506012
vn 0.461632 0.804690 0.373323
vn 0.444739 0.866145 0.228036
vn 0.346099 0.911196 0.223469
vn 0.453952 0.861807 0.226309
vn 0.568951 0.507883 0.646800
vn 0.571745 0.591556 0.568480
vn 0.378815 0.595497 0.708437
vn 0.461626 0.605372 0.648403
vn 0.144389 0.580849 0.801103
vn 0.152318 0.716970 0.680260
vn -0.036191 0.573327 0.818527
vn -0.107962 0.735446 0.668928
vn -0.382817 0.581064 0.718203
vn -0.495746 0.694568 0.521355
vn -0.744983 0.548422 0.379781
vn -0.755371 0.580319 0.304375
vn -0.785469 0.561421 0.260471
vn -0.782884 0.531386 0.323607
vn 0.002237 -0.404714 0.914441
vn -0.658570 0.347617 0.667419
vn -0.747536 0.434209 0.502646
vn -0.654362 0.332819 0.679001
vn -0.444463 0.288533 0.848057
vn -0.671566 0.490632 0.555229
vn -0.435986 0.425594 0.792961
vn -0.443723 0.719627 0.534084
vn -0.444056 0.883022 -0.151942
vn -0.751740 0.657952 -0.044567
vn -0.886756 0.400824 -0.230226
vn -0.096369 0.753879 0.649907
vn 0.183834 0.925230 0.331897
vn 0.133799 0.986736 -0.091922
vn -0.114846 0.968736 0.219910
vn 0.069118 0.791797 -0.606861
vn -0.152540 0.834071 -0.530149
vn 0.610398 0.752251 -0.248059
vn 0.495267 0.595755 -0.632287
vn 0.342330 0.761058 -0.551001
vn 0.440644 0.886964 -0.138304
vn 0.472069 0.877218 0.087405
vn 0.664367 0.747126 -0.020483
vn -0.307653 -0.802841 -0.510682
vn 0.829095 -0.295381 -0.474711
vn -0.370685 -0.867962 -0.330507
vn -0.430923 -0.823630 -0.368699
vn 0.235458 -0.465493 -0.853156
vn 0.709974 0.316619 -0.629039
vn 0.731287 0.575280 -0.366431
vn 0.876274 0.479956 -0.042267
vn -0.679857 0.273657 -0.680372
vn -0.668459 0.293030 -0.683591
vn -0.442853 -0.046071 -0.895410
vn -0.478441 -0.235489 -0.845954
vn 0.559330 -0.748743 -0.355717
vn 0.507660 -0.785687 -0.353520
vn 0.810190 0.120446 0.573660
vn -0.162340 -0.765338 -0.622819
vn -0.813754 -0.059383 -0.578167
vn 0.365693 -0.865889 -0.341328
vn -0.776923 0.595584 0.204132
vn -0.778596 0.612261 0.137569
vn -0.785400 0.618201 -0.031227
vn -0.415455 0.011313 0.909544
vn -0.696801 0.549962 -0.460446
vn -0.893173 0.423993 0.149904
vn -0.684987 0.253665 -0.682969
vn -0.938288 0.344186 0.033928
vn 0.691869 -0.035002 -0.721174
vn -0.616331 0.411019 -0.671714
vn -0.804219 0.407916 -0.432246
vn -0.826605 0.366712 0.426904
vn 0.731614 -0.410765 0.544070
vn 0.793248 -0.378383 0.477057
vn 0.855052 -0.485541 -0.182036
vn 0.814312 -0.486334 0.316821
vn 0.924198 -0.270785 0.269321
vn 0.830181 -0.385301 -0.402918
vn 0.796283 -0.386877 -0.465037
vn 0.806645 -0.412188 -0.423586
vn 0.713519 -0.650092 0.261287
vn 0.318516 -0.551146 0.771223
vn -0.079328 -0.316171 0.945380
vn 0.826355 -0.541555 -0.154451
vn -0.786389 0.541442 0.297379
vn -0.803716 0.571494 0.165639
vn -0.852221 0.513370 0.100852
vn -0.778712 0.302042 0.549889
vn -0.950196 0.289158 -0.116252
vn -0.963078 0.243293 0.115278
vn 0.776291 -0.330584 0.536737
vn 0.605269 -0.390637 0.693579
vn 0.433243 -0.423983 0.795323
vn 0.270432 -0.352438 0.895909
vn 0.627824 0.145541 0.764628
vn 0.552211 0.364445 0.749828
vn 0.027083 -0.526615 0.849672
vn 0.689621 0.720268 0.075079
vn 0.663350 0.708909 0.239613
vn 0.642089 0.694991 0.323590
vn 0.484076 0.360995 0.797091
vn -0.693685 -0.640032 -0.330393
vn -0.729140 -0.649942 -0.214314
vn -0.716755 -0.677408 -0.165472
vn -0.696953 -0.647252 -0.308742
vn -0.661471 -0.749945 -0.006222
vn -0.695105 -0.703471 -0.148184
vn 0.682444 0.712040 -0.165136
vn 0.613370 0.638740 -0.464531
vn 0.644672 0.695846 -0.316538
vn 0.413397 0.425037 -0.805262
vn 0.284738 0.280023 -0.916794
vn 0.385813 0.391511 -0.835384
vn -0.462541 -0.721240 0.515624
vn 0.651113 0.535933 0.537427
vn -0.429910 -0.700601 0.569505
vn -0.585173 -0.743362 0.324015
vn 0.624624 0.453680 0.635625
vn -0.683966 -0.725946 0.072058
vn 0.704079 0.592632 0.391231
vn 0.710810 0.617817 0.336232
vn 0.690477 0.613161 0.383765
vn 0.675375 0.608989 0.415935
vn -0.642892 -0.571688 -0.509767
vn -0.613056 -0.603086 -0.510342
vn -0.703528 -0.499803 -0.505218
vn 0.628394 -0.420853 -0.654220
vn 0.543278 -0.312525 -0.779216
vn 0.548742 -0.375381 -0.746975
vn 0.492219 -0.311987 -0.812640
vn 0.354620 -0.679036 -0.642771
vn 0.253873 -0.356937 -0.898969
vn 0.032963 -0.919226 -0.392348
vn -0.214681 -0.924406 -0.315255
vn -0.168740 -0.790304 -0.589021
vn 0.071742 -0.612682 -0.787066
vn 0.315149 -0.242077 -0.917649
vn 0.088191 -0.266023 -0.959924
vn -0.076163 -0.610308 -0.788494
vn -0.543497 -0.705743 -0.454466
vn -0.479919 -0.639801 -0.600277
vn -0.554297 -0.761213 -0.336616
vn -0.664886 -0.666155 -0.337881
vn -0.633730 -0.626950 -0.453122
vn 0.659473 -0.464648 -0.590929
vn 0.615144 -0.430719 -0.660363
vn -0.591758 -0.576898 -0.563038
vn 0.799433 0.509040 0.319039
vn 0.881865 0.388141 0.267695
vn 0.880966 0.415855 0.225750
vn 0.781688 0.549476 0.295025
vn 0.860931 0.466879 0.202046
vn 0.771719 0.580514 0.259718
vn 0.702769 0.652044 0.284526
vn 0.713598 0.618004 0.329923
vn 0.722193 0.581144 0.375112
vn 0.851893 0.515799 0.090714
vn 0.808455 0.559746 0.181894
vn 0.800335 0.567378 0.193766
vn 0.830517 0.541648 0.129844
vn 0.773677 0.590206 0.230392
vn 0.815474 0.555492 0.162574
vn 0.828800 0.551050 0.097127
vn 0.845173 0.531272 0.058584
vn 0.863674 0.503665 0.019713
vn 0.538481 -0.842217 0.026624
vn 0.535258 -0.813309 -0.228095
vn 0.891853 0.443846 -0.087171
vn 0.891653 0.452081 -0.024029
vn 0.860597 0.504303 -0.071071
vn 0.832367 0.554221 -0.002213
vn 0.821019 0.569158 0.044584
vn 0.867587 0.492799 0.066653
vn 0.503208 -0.829989 0.240624
vn 0.966013 -0.116553 -0.230725
vn 0.994447 -0.001386 -0.105227
vn 0.996046 0.083495 0.030342
vn 0.991009 0.132582 0.017986
vn 0.994294 0.059781 -0.088357
vn 0.970557 -0.064167 -0.232167
vn 0.971389 -0.009684 -0.237296
vn 0.975726 0.007272 -0.218874
vn 0.967930 0.111032 -0.225350
vn 0.965978 0.126488 -0.225581
vn 0.956210 0.201048 -0.212701
vn 0.951570 0.220086 -0.214657
vn 0.978588 0.012296 -0.205463
vn 0.978132 0.012978 -0.207579
vn 0.949463 0.226822 -0.216962
vn 0.951558 0.220403 -0.214384
vn 0.566568 0.803989 -0.180563
vn 0.435444 0.885984 -0.159440
vn 0.428310 0.889270 -0.160465
vn 0.564410 0.805004 -0.182786
vn 0.663569 0.721642 -0.197253
vn 0.661855 0.724003 -0.194340
vn 0.978830 0.016413 -0.204015
vn 0.969545 0.125038 -0.210591
vn 0.969083 0.124541 -0.212998
vn 0.978387 0.015666 -0.206188
vn 0.975969 -0.093432 -0.196865
vn 0.976333 -0.093792 -0.194875
vn 0.213564 -0.976401 0.032117
vn 0.754664 -0.647502 -0.105941
vn 0.755363 -0.646511 -0.107004
vn 0.209437 -0.977224 0.034199
vn 0.013754 -0.996971 0.076554
vn 0.012976 -0.997119 0.074739
vn 0.011693 -0.997242 0.073293
vn 0.012812 -0.997051 0.075668
vn 0.010513 -0.997231 0.073620
vn 0.009160 -0.997462 0.070609
vn 0.006914 -0.997669 0.067892
vn 0.008007 -0.997438 0.071085
vn 0.004296 -0.997561 0.069666
vn 0.004374 -0.997718 0.067384
vn -0.003439 -0.997406 0.071905
vn -0.001179 -0.997091 0.076215
vn 0.001053 -0.997492 0.070776
vn -0.000672 -0.997532 0.070211
vn -0.758062 -0.647847 -0.075069
vn -0.756476 -0.647771 -0.090206
vn -0.202190 -0.978495 0.040837
vn -0.198538 -0.979301 0.039409
vn -0.978574 0.118786 -0.168176
vn -0.974397 0.115549 -0.192869
vn -0.982404 0.012097 -0.186378
vn -0.986693 0.013041 -0.162069
vn -0.979645 -0.093379 -0.177699
vn -0.983438 -0.093493 -0.155271
vn -0.457464 0.878498 -0.137722
vn -0.474084 0.867019 -0.153371
vn -0.605523 0.776856 -0.172730
vn -0.592218 0.791177 -0.152697
vn -0.700137 0.689605 -0.185074
vn -0.693470 0.702086 -0.161785
vn -0.985294 0.009759 -0.170587
vn -0.959545 0.211852 -0.185454
vn -0.961256 0.220656 -0.165220
vn -0.988181 0.017880 -0.152244
vn -0.990029 -0.023893 -0.138823
vn -0.987837 -0.034167 -0.151695
vn -0.994746 -0.026065 -0.099001
vn -0.992215 -0.053082 -0.112661
vn -0.990348 -0.041250 -0.132326
vn -0.992736 -0.022859 -0.118126
vn -0.977238 -0.185015 -0.103804
vn -0.988915 -0.112975 -0.096353
vn -0.996877 -0.064986 -0.044875
vn -0.989656 -0.131742 -0.056792
vn -0.999277 -0.035886 -0.012591
vn -0.996970 -0.077610 -0.005207
vn -0.275008 -0.947432 0.163532
vn -0.265007 -0.963925 -0.024893
vn -0.240863 -0.961906 -0.129312
vn -0.988415 0.151369 -0.011084
vn -0.989736 0.128437 -0.062666
vn -0.997053 0.026098 -0.072135
vn -0.999681 -0.011694 -0.022397
vn -0.997828 -0.034609 0.056057
vn -0.985210 0.169783 0.023130
vn -0.920186 0.363906 0.144325
vn -0.937382 0.318522 0.140922
vn -0.955899 0.278162 0.094255
vn -0.942745 0.317692 0.101506
vn -0.982786 0.184606 -0.007200
vn -0.976821 0.212349 0.027002
vn -0.972802 0.231120 0.015483
vn -0.928557 0.363518 0.075080
vn -0.912531 0.398693 0.091274
vn -0.864894 0.446662 0.229023
vn -0.873186 0.464767 0.146761
vn -0.912853 0.385950 0.133202
vn -0.915773 0.363543 0.170870
vn -0.954672 0.279728 0.101754
vn -0.958184 0.269131 0.097221
vn -0.957600 0.264507 0.114189
vn -0.905003 0.348453 0.244029
vn -0.843397 0.410769 0.346338
vn -0.387827 0.748538 0.537848
vn -0.360875 0.679732 0.638541
vn -0.277875 0.724410 0.630884
vn -0.289997 0.825713 0.483839
vn -0.146601 0.780015 0.608346
vn -0.182988 0.874802 0.448593
vn -0.215280 0.942565 0.255393
vn -0.318381 0.899282 0.299877
vn -0.420353 0.840688 0.341390
vn 0.857683 0.361083 0.366059
vn 0.842644 0.397874 0.362831
vn 0.483124 0.655452 0.580494
vn 0.456610 0.741944 0.490945
vn 0.279265 0.732631 0.620696
vn 0.272593 0.778905 0.564801
vn 0.285806 0.718252 0.634374
vn 0.603236 0.536244 0.590380
vn 0.837412 0.280144 0.469320
vn 0.101016 -0.830078 -0.548422
vn 0.201563 -0.788598 -0.580935
vn 0.493641 -0.658732 -0.567794
vn 0.633526 -0.713786 -0.298586
vn 0.923100 -0.382619 -0.038601
vn 0.005169 -0.777765 -0.628534
vn 0.970860 0.113531 0.211049
vn 0.251269 0.805285 0.537011
vn 0.248029 -0.791913 -0.557993
vn 0.138441 -0.793503 -0.592611
vn 0.108922 -0.793332 -0.598966
vn 0.059306 -0.806057 -0.588858
vn 0.024817 -0.796856 -0.603660
vn 0.173005 -0.803856 -0.569108
vn 0.619950 -0.711121 -0.331616
vn 0.064158 0.761568 0.644902
vn 0.033540 0.802580 0.595601
vn 0.024756 0.811038 0.584469
vn 0.051730 0.771359 0.634295
vn 0.017347 0.820826 0.570915
vn 0.042027 0.768176 0.638858
vn -0.337833 -0.775989 -0.532645
vn -0.192659 -0.843656 -0.501126
vn -0.571098 -0.728496 -0.378340
vn -0.720709 -0.623807 -0.302396
vn -0.663603 0.533604 0.524306
vn -0.945435 -0.100427 0.309946
vn -0.925630 -0.330856 0.183695
vn -0.844867 -0.533557 -0.038946
vn -0.341317 -0.782159 -0.521278
vn -0.794102 -0.581207 -0.177763
vn -0.480080 -0.786950 -0.387599
vn -0.491205 -0.740140 -0.459250
vn -0.774957 -0.572004 -0.268797
vn -0.476259 -0.755259 -0.450291
vn -0.942381 -0.319987 0.097602
vn -0.754643 0.327457 0.568583
vn -0.780361 0.374848 0.500525
vn -0.829186 0.430694 0.356305
vn 0.072049 0.779260 0.622545
vn -0.038049 0.851891 0.522335
vn -0.300663 0.822569 0.482682
vn -0.195943 0.743576 0.639298
vn -0.305019 0.657299 0.689146
vn 0.085909 0.765545 0.637621
vn 0.505676 0.716545 0.480473
vn 0.576397 0.703549 0.415676
vn 0.359523 0.782830 0.507858
vn 0.400258 0.751713 0.524138
vn 0.240153 0.837263 0.491240
vn 0.297529 0.775564 0.556755
vn 0.281300 0.769810 0.572942
vn 0.423812 0.746468 0.513000
vn 0.583456 0.693545 0.422582
vn 0.786821 0.462202 0.409000
vn 0.824804 0.413938 0.385166
vn 0.837617 0.447337 0.313509
vn 0.796367 0.505772 0.331654
vn 0.845985 0.484323 0.223026
vn 0.802885 0.542711 0.246659
vn 0.754650 0.598427 0.269051
vn 0.748884 0.559630 0.354946
vn 0.736927 0.517273 0.435165
vn 0.903288 0.428120 0.027985
vn 0.862577 0.484376 0.146084
vn 0.848387 0.512161 0.133909
vn 0.877877 0.475863 0.053736
vn 0.888058 0.459234 -0.021391
vn 0.910128 0.411951 -0.044311
vn 0.506776 -0.840911 -0.189857
vn 0.471591 -0.866247 -0.164979
vn 0.930065 0.343186 -0.131157
vn 0.911819 0.393670 -0.116663
vn 0.913173 0.388549 -0.123066
vn 0.889739 0.443554 -0.107812
vn 0.970823 -0.130909 -0.200912
vn 0.969362 -0.129759 -0.208566
vn 0.975194 -0.080328 -0.206264
vn 0.976674 -0.081269 -0.198757
vn 0.979576 0.013273 -0.200634
vn 0.981855 0.016206 -0.188941
vn 0.977432 0.116263 -0.176377
vn 0.975129 0.115244 -0.189320
vn 0.964989 0.206181 -0.162128
vn 0.963248 0.204497 -0.174167
vn 0.982841 0.020379 -0.183328
vn 0.979900 0.016523 -0.198805
vn 0.957208 0.216432 -0.192122
vn 0.965430 0.215197 -0.147086
vn 0.604090 0.796248 0.032634
vn 0.477710 0.875208 0.076186
vn 0.453921 0.887217 -0.082471
vn 0.583034 0.804584 -0.112764
vn 0.672177 0.728415 -0.132627
vn 0.689283 0.724486 -0.003090
vn 0.982561 0.008510 -0.185747
vn 0.978934 0.125856 -0.160773
vn 0.972713 0.125539 -0.195113
vn 0.980254 0.011203 -0.197427
vn 0.975842 -0.094071 -0.197189
vn 0.974875 -0.094287 -0.201816
vn 0.167768 -0.964086 -0.205892
vn 0.721224 -0.642710 -0.258378
vn 0.746071 -0.647879 -0.153722
vn 0.197667 -0.979261 -0.044457
vn -0.000577 -0.999987 -0.005115
vn -0.027313 -0.984469 -0.173420
vn -0.023765 -0.984856 -0.171739
vn -0.000341 -0.999989 -0.004703
vn -0.000129 -0.999989 -0.004635
vn -0.018052 -0.985307 -0.169837
vn -0.014694 -0.985528 -0.168873
vn -0.000163 -0.999989 -0.004768
vn -0.000533 -0.999992 -0.003976
vn -0.014346 -0.985427 -0.169493
vn -0.001648 -0.999997 -0.001547
vn -0.014105 -0.983738 -0.179057
vn -0.015235 -0.984626 -0.174009
vn -0.001269 -0.999994 -0.003198
vn -0.752703 -0.646565 -0.124060
vn -0.741250 -0.640236 -0.201609
vn -0.202519 -0.959487 -0.195882
vn -0.199151 -0.979490 -0.030622
vn -0.981046 0.115408 -0.155658
vn -0.990361 0.118247 -0.072132
vn -0.994767 0.003567 -0.102104
vn -0.987209 0.006102 -0.159312
vn -0.988155 -0.094252 -0.121104
vn -0.982851 -0.093783 -0.158776
vn -0.469339 0.881654 -0.049061
vn -0.424471 0.892145 0.154602
vn -0.586354 0.804242 0.096872
vn -0.612513 0.785094 -0.091955
vn -0.690500 0.721929 0.045028
vn -0.705706 0.697963 -0.121765
vn -0.995171 0.016375 -0.096782
vn -0.974663 0.214256 -0.064238
vn -0.966383 0.210323 -0.147877
vn -0.988862 0.011221 -0.148415
vn -0.989875 -0.038723 -0.136555
vn -0.994362 -0.037817 -0.099065
vn -0.992829 -0.061466 -0.102535
vn -0.994984 -0.063205 -0.077536
vn -0.994927 -0.048575 -0.088098
vn -0.991619 -0.047932 -0.119975
vn -0.978915 -0.187739 -0.080502
vn -0.989456 -0.120669 -0.080098
vn -0.988460 -0.119214 -0.093456
vn -0.978039 -0.186882 -0.092272
vn -0.223183 -0.973803 -0.043564
vn -0.209075 -0.974989 -0.075388
vn -0.988558 0.125450 -0.083759
vn -0.987242 0.145746 -0.064121
vn -0.996130 0.045422 -0.075248
vn -0.995918 0.024984 -0.086741
vn -0.964571 0.262889 0.022175
vn -0.974160 0.221432 -0.044508
vn -0.977588 0.204102 -0.051616
vn -0.971353 0.237392 0.010847
vn -0.983342 0.160488 -0.085338
vn -0.984757 0.157990 -0.072749
vn -0.886901 0.412730 0.207509
vn -0.898752 0.370479 0.234500
vn -0.926526 0.336229 0.168819
vn -0.917250 0.363279 0.163347
vn -0.950566 0.295232 0.096245
vn -0.944693 0.301189 0.129774
vn -0.729885 0.486072 0.480626
vn -0.692978 0.440426 0.570795
vn -0.651581 0.460024 0.603175
vn -0.667851 0.561994 0.487994
vn -0.505927 0.512765 0.693621
vn -0.597131 0.640343 0.483110
vn -0.632277 0.695955 0.340401
vn -0.707581 0.632828 0.314416
vn -0.778135 0.560248 0.283950
vn 0.849959 0.364486 0.380421
vn 0.875389 0.416187 0.245933
vn 0.430736 0.782629 0.449397
vn 0.395641 0.685179 0.611554
vn 0.199823 0.845208 0.495675
vn 0.236137 0.701550 0.672359
vn 0.232249 -0.706359 -0.668668
vn 0.385600 -0.819162 -0.424600
vn 0.687247 -0.642510 -0.338929
vn 0.681585 -0.588554 -0.434794
vn 0.321942 0.759334 0.565478
vn 0.239169 0.794889 0.557629
vn 0.240029 -0.839725 -0.487080
vn 0.315362 -0.774937 -0.547740
vn 0.152459 -0.875765 -0.458031
vn 0.144365 -0.808065 -0.571130
vn 0.027958 0.801285 0.597629
vn 0.011860 0.802985 0.595882
vn -0.003560 0.804892 0.593410
vn -0.113494 -0.828457 -0.548433
vn -0.369029 -0.781957 -0.502355
vn -0.581150 0.611797 0.536628
vn -0.870374 -0.426659 -0.245787
vn -0.623586 -0.638761 -0.450694
vn -0.481237 -0.746614 -0.459323
vn -0.731553 -0.593964 -0.334719
vn -0.812124 0.417476 0.407638
vn -0.825353 0.365658 0.430217
vn -0.161811 0.773526 0.612760
vn -0.052070 0.749028 0.660489
vn -0.261754 0.720187 0.642506
vn -0.413800 0.709586 0.570313
vn 0.521263 0.718733 0.460117
vn 0.564579 0.703881 0.431047
vn 0.341547 0.779821 0.524618
vn 0.308023 0.788043 0.533020
vn 0.260157 0.787383 0.558880
vn 0.182443 0.799808 0.571858
vn -0.782500 -0.571452 -0.247256
vn -0.916387 -0.370026 -0.152698
vn -0.891306 0.404092 0.205630
vn 0.030225 0.894803 0.445438
vn -0.320658 0.845860 0.426263
vn 0.427925 0.818691 0.382917
vn 0.398148 0.828281 0.394244
vn 0.359149 0.838583 0.409622
vn 0.779678 0.583834 0.226364
vn 0.821495 0.525654 0.220984
vn 0.811956 0.560461 0.163131
vn 0.761027 0.628328 0.161375
vn 0.795970 0.597935 0.094365
vn 0.744373 0.661385 0.092083
vn 0.675253 0.732258 0.088496
vn 0.703842 0.690680 0.166035
vn 0.723542 0.650368 0.231321
vn 0.903986 0.422247 0.067207
vn 0.924014 0.382353 -0.002196
vn 0.929177 0.364288 -0.062649
vn 0.429549 -0.887191 -0.168462
vn 0.945216 0.297747 -0.133843
vn 0.932373 0.338481 -0.126929
vn 0.970815 -0.135390 -0.197961
vn 0.977423 -0.082742 -0.194419
vn 0.983306 0.022483 -0.180566
vn 0.978376 0.123730 -0.165746
vn 0.965869 0.210179 -0.151399
vn 0.985153 0.022218 -0.170236
vn 0.970455 0.215986 -0.107548
vn 0.488150 0.850686 0.195047
vn 0.611996 0.777323 0.145702
vn 0.697283 0.709449 0.102364
vn 0.982989 0.125797 -0.133821
vn 0.984497 0.009465 -0.175148
vn 0.974020 -0.094435 -0.205832
vn 0.695979 -0.634002 -0.337127
vn 0.146097 -0.932805 -0.329439
vn -0.046325 -0.952249 -0.301789
vn -0.040738 -0.952628 -0.301397
vn -0.031942 -0.952665 -0.302340
vn -0.027386 -0.951932 -0.305082
vn -0.029026 -0.950505 -0.309352
vn -0.032513 -0.946530 -0.320972
vn -0.033492 -0.948312 -0.315568
vn -0.729305 -0.632317 -0.261323
vn -0.212190 -0.921638 -0.324899
vn -0.992678 0.120681 -0.005151
vn -0.998609 0.005293 -0.052470
vn -0.991631 -0.094500 -0.087964
vn -0.382348 0.873676 0.300831
vn -0.546507 0.798763 0.251611
vn -0.656544 0.726648 0.202319
vn -0.975624 0.218880 0.015811
vn -0.998611 0.020214 -0.048660
vn -0.997317 -0.035804 -0.063859
vn -0.996400 -0.062929 -0.056802
vn -0.997078 -0.047568 -0.059770
vn -0.991352 -0.113647 -0.065615
vn -0.981004 -0.179884 -0.072618
vn -0.199278 -0.968131 -0.151693
vn -0.983972 0.176821 -0.023110
vn -0.995626 0.081077 -0.046423
vn -0.978336 0.203749 -0.036671
vn -0.978540 0.201281 -0.044113
vn -0.981630 0.183094 -0.053666
vn -0.915940 0.371908 0.150793
vn -0.948154 0.300044 0.104774
vn -0.971345 0.233094 0.046427
vn -0.707632 0.650414 0.276077
vn -0.680749 0.634387 0.366242
vn -0.606133 0.684737 0.404646
vn -0.621046 0.725542 0.296465
vn -0.466287 0.755088 0.460889
vn -0.519849 0.795638 0.310993
vn -0.549254 0.811367 0.200010
vn -0.641273 0.747142 0.174779
vn -0.734732 0.662985 0.143599
vn 0.884048 0.424054 0.196564
vn 0.545082 0.748541 0.377588
vn 0.311024 0.844097 0.436766
vn 0.515939 -0.769812 -0.375761
vn 0.681161 -0.667046 -0.301776
vn -0.038113 0.884263 0.465432
vn -0.113070 0.931222 0.346469
vn -0.171602 0.931242 0.321466
vn -0.123763 0.880521 0.457564
vn -0.340162 0.894672 0.289572
vn -0.259385 0.856671 0.445909
vn -0.266557 0.797196 0.541688
vn -0.124185 0.825304 0.550865
vn -0.073091 0.839658 0.538175
vn -0.264789 0.954396 0.137898
vn -0.556423 0.820506 0.131008
vn -0.408863 0.898548 0.159510
vn -0.208519 0.957588 0.198861
vn -0.129079 0.967579 0.217094
vn -0.006753 0.995437 0.095182
vn -0.180184 0.935112 0.305121
vn -0.210137 0.976069 -0.055957
vn -0.028110 0.945155 0.325410
vn 0.128567 0.987294 0.093384
vn -0.031210 0.974949 0.220230
vn 0.143599 0.017768 -0.989477
vn 0.350534 -0.571034 -0.742325
vn 0.492711 -0.626031 -0.604417
vn 0.496056 -0.608682 -0.619221
vn 0.401108 -0.590250 -0.700512
vn 0.217982 -0.923709 -0.315031
vn 0.323867 -0.896038 -0.303687
vn 0.385720 -0.883696 -0.265144
vn 0.471705 -0.834032 -0.286154
vn 0.452976 -0.838529 -0.302789
vn 0.388686 -0.849560 -0.356611
vn 0.320452 -0.873438 -0.366629
vn 0.289222 -0.852008 -0.436388
vn 0.198041 -0.886217 -0.418807
vn 0.076453 -0.799819 -0.595352
vn 0.161743 -0.795806 -0.583551
vn -0.015454 -0.770270 -0.637531
vn 0.017286 -0.782126 -0.622881
vn 0.069860 -0.808313 -0.584593
vn 0.061937 -0.837024 -0.543649
vn 0.260126 -0.812671 -0.521441
vn 0.088709 -0.815904 -0.571341
vn 0.605789 -0.356508 0.711282
vn 0.175122 -0.916022 -0.360882
vn 0.187691 -0.865208 -0.464960
vn 0.055047 -0.806416 -0.588781
vn 0.031535 -0.758823 -0.650533
vn 0.016883 -0.726857 -0.686581
vn 0.170987 -0.802080 -0.572216
vn 0.675758 -0.076943 0.733097
vn 0.122986 0.619467 0.775330
vn 0.193722 0.522878 0.830103
vn 0.273782 0.492553 0.826096
vn 0.158554 0.590865 0.791037
vn -0.036374 0.820517 0.570464
vn 0.025562 0.764760 0.643809
vn -0.035709 0.781014 0.623492
vn -0.074002 0.800743 0.594419
vn -0.193022 0.786724 0.586352
vn -0.058561 0.792847 0.606600
vn -0.051426 0.798378 0.599956
vn -0.079583 0.800844 0.593562
vn -0.219579 0.809975 0.543807
vn -0.059910 0.777816 0.625630
vn -0.075076 0.777225 0.624728
vn -0.192815 0.777546 0.598535
vn 0.192822 -0.923592 -0.331358
vn -0.404282 0.791166 0.458926
vn -0.757241 0.640711 0.126790
vn -0.818431 0.573996 -0.026445
vn -0.802405 0.595547 -0.038338
vn -0.743397 0.667878 0.036048
vn -0.742683 0.661215 -0.105910
vn -0.664723 0.732030 -0.149249
vn -0.647544 0.753120 -0.116176
vn -0.727676 0.680928 0.082614
vn -0.865774 0.498499 -0.043986
vn -0.836312 0.535643 0.116918
vn -0.826695 0.558034 0.071935
vn -0.859298 0.509108 -0.049161
vn -0.724841 0.681892 -0.098127
vn -0.774547 0.623535 -0.106212
vn -0.672564 0.694531 0.255506
vn -0.565882 0.814137 0.130226
vn -0.665321 0.719453 0.199336
vn -0.640745 0.764750 -0.067855
vn -0.658623 0.749601 -0.065677
vn -0.646547 0.760734 0.057106
vn -0.651210 0.755170 -0.075124
vn -0.518406 0.783554 0.342490
vn -0.435202 0.805003 0.403199
vn -0.569120 0.767654 0.294633
vn -0.489493 0.793178 0.362307
vn -0.491307 0.730058 0.475008
vn -0.457119 0.765708 0.452475
vn -0.789937 0.585122 0.183391
vn -0.679532 0.693095 0.240534
vn -0.709002 0.681517 0.181248
vn -0.654767 0.721587 0.224926
vn -0.816061 0.513171 0.265894
vn -0.735295 0.553257 0.391470
vn -0.748631 0.557846 0.358273
vn -0.811354 0.530920 0.244597
vn -0.660508 0.585382 0.470166
vn -0.720026 0.630837 0.289148
vn -0.597911 0.656091 0.460486
vn -0.598337 0.663987 0.448458
vn -0.562869 0.638025 0.525455
vn -0.432367 0.712007 0.553268
vn -0.404476 0.728754 0.552555
vn -0.527743 0.653344 0.542797
vn -0.525162 0.672431 0.521576
vn -0.560214 0.675922 0.478842
vn -0.459365 0.725783 0.512077
vn -0.685602 0.576164 0.444956
vn -0.598027 0.625644 0.500932
vn -0.583209 0.621049 0.523608
vn -0.584243 0.611897 0.533144
vn -0.737237 0.578212 0.349504
vn -0.690302 0.677345 0.254338
vn -0.684349 0.637860 0.353271
vn -0.710275 0.584744 0.391898
vn -0.576519 0.674160 0.461663
vn -0.533803 0.685253 0.495462
vn -0.579555 0.736602 0.348618
vn -0.564288 0.700357 0.437127
vn -0.595670 0.664075 0.451864
vn -0.280535 0.822399 0.494934
vn -0.099108 0.798770 0.593418
vn -0.292110 0.835116 0.466104
vn -0.181895 0.805482 0.564015
vn -0.173100 0.811243 0.558499
vn -0.052224 0.799812 0.597975
vn -0.645027 0.742159 0.182045
vn -0.572657 0.782194 0.245429
vn -0.486453 0.807803 0.332895
vn -0.465989 0.820233 0.331772
vn -0.577967 0.749406 0.323024
vn -0.363773 0.782013 0.506088
vn -0.346167 0.788022 0.509107
vn -0.569991 0.756750 0.320062
vn -0.302315 0.821369 0.483692
vn -0.419928 0.826055 0.375891
vn -0.183167 0.797313 0.575101
vn -0.162314 0.800745 0.576595
vn -0.177357 0.813203 0.554298
vn 0.738250 0.621296 0.262639
vn 0.680746 0.616274 0.395969
vn 0.731818 0.602634 0.318236
vn 0.744849 0.462873 0.480571
vn 0.723084 0.510581 0.465249
vn 0.700693 0.597946 0.389218
vn 0.735653 0.611568 0.291204
vn 0.653785 0.674794 0.342372
vn 0.627626 0.669481 0.397343
vn 0.664568 0.698791 0.264649
vn 0.714684 0.573750 0.400047
vn 0.698575 0.630763 0.337832
vn 0.720553 0.628200 0.293542
vn 0.686027 0.639426 0.347134
vn 0.696207 0.651687 0.300999
vn 0.692515 0.661716 0.287323
vn 0.736833 0.619038 0.271790
vn 0.695708 0.648047 0.309882
vn 0.769132 0.539768 0.342180
vn 0.762264 0.522413 0.382149
vn 0.746054 0.511875 0.425895
vn 0.802361 0.455236 0.385975
vn 0.747601 0.478477 0.460601
vn 0.709991 0.569378 0.414393
vn 0.749853 0.562036 0.349048
vn 0.762843 0.596044 0.250604
vn 0.775139 0.551264 0.308655
vn 0.809146 0.545915 0.217392
vn 0.834968 0.479703 0.269654
vn 0.751902 0.617214 0.231710
vn 0.739255 0.630505 0.236570
vn 0.705062 0.661304 0.256057
vn 0.756662 0.615745 0.219819
vn 0.761592 0.598006 0.249732
vn 0.693632 0.653436 0.303142
vn 0.793595 0.562497 0.231955
vn 0.705540 0.665882 0.242517
vn 0.737317 0.631140 0.240885
vn 0.788107 0.573368 0.223912
vn 0.809923 0.523053 0.265407
vn 0.789673 0.537512 0.295799
vn 0.776750 0.579962 0.245568
vn 0.816419 0.542573 0.197675
vn 0.681921 0.669828 0.293793
vn 0.731315 0.612952 0.299112
vn 0.699352 0.656572 0.282525
vn 0.787207 0.576562 0.218818
vn 0.812272 0.542026 0.215457
vn 0.814780 0.536663 0.219378
vn 0.770424 0.567467 0.290566
vn 0.786067 0.576589 0.222808
vn 0.770163 0.588738 0.245430
vn 0.832849 0.524174 0.177775
vn 0.787461 0.586283 0.190206
vn 0.673183 0.739262 -0.017812
vn 0.461154 0.886993 0.024090
vn 0.467774 0.883417 0.027596
vn 0.610271 0.792036 0.015782
vn 0.479715 0.877384 0.008412
vn 0.602325 0.796343 0.055169
vn 0.723455 0.675681 0.141663
vn 0.818209 0.567477 0.092217
vn 0.857910 0.501244 0.112896
vn 0.425910 0.894676 0.134740
vn 0.637799 0.732059 0.239378
vn 0.414287 0.903125 0.112830
vn 0.587275 0.752019 0.299293
vn 0.391088 0.912965 0.116383
vn 0.805350 0.541410 0.241427
vn 0.776942 0.577534 0.250632
vn 0.786005 0.572419 0.233521
vn 0.751952 0.598026 0.277368
vn 0.869804 0.476358 0.128549
vn 0.858716 0.493904 0.136624
vn 0.776199 0.600527 0.192046
vn 0.786692 0.582105 0.205596
vn 0.859364 0.491796 0.140110
vn 0.869058 0.477334 0.129958
vn -0.683933 0.721147 0.110374
vn -0.661902 0.744118 0.090409
vn -0.461480 0.695027 0.551339
vn -0.653934 0.653020 0.382014
vn 0.295671 0.026486 0.954922
vn -0.048561 -0.017734 0.998663
vn -0.316465 -0.050699 0.947248
vn -0.706528 0.654116 0.270093
vn -0.697681 0.705733 0.123217
vn -0.619927 0.779958 -0.085766
vn -0.632598 0.755939 -0.168452
vn -0.303304 0.888789 -0.343601
vn -0.064517 0.980441 -0.185936
vn 0.923391 0.118418 -0.365138
vn 0.990745 0.123105 -0.057186
vn 0.950419 0.113568 0.289492
vn -0.264570 0.959524 0.096525
vn -0.609012 0.792558 -0.030924
vn -0.636302 0.730229 -0.248768
vn -0.641051 0.719094 -0.268251
vn -0.634919 0.645660 -0.424267
vn -0.576121 0.637157 -0.511972
vn -0.288500 -0.027073 -0.957097
vn -0.003211 0.010012 -0.999945
vn 0.325838 0.052253 -0.943981
vn -0.397450 0.672856 -0.623938
vn -0.628789 0.745756 -0.220165
vn -0.765246 0.641197 -0.057136
vn -0.769897 0.637578 0.027438
vn -0.884672 0.447434 0.130989
vn -0.868477 0.494029 -0.041023
vn -0.929447 -0.126358 0.346644
vn -0.990877 -0.131251 0.030587
vn -0.949864 -0.123211 -0.287362
vn -0.861853 0.468071 -0.195239
vn -0.754559 0.640068 -0.144750
vn -0.337299 0.230824 0.912661
vn 0.319973 0.454921 0.831062
vn 0.233124 0.725929 0.647055
vn -0.375965 0.428675 0.821516
vn -0.774308 0.214089 0.595494
vn -0.806707 0.045388 0.589205
vn 0.863592 0.484289 -0.140260
vn 0.382960 0.303045 -0.872643
vn 0.311453 0.535545 -0.784976
vn 0.598578 0.784035 -0.164297
vn -0.219774 0.152555 -0.963549
vn -0.777635 0.015538 -0.628524
vn -0.748455 0.157789 -0.644142
vn -0.235681 0.319507 -0.917807
vn -0.998331 -0.057680 0.002971
vn -0.995783 0.090557 0.014679
vn -0.921277 0.367169 0.128204
vn -0.913868 0.248620 0.320987
vn -0.941865 0.113989 0.316065
vn -0.962721 0.247117 0.110005
vn -0.942232 -0.145490 0.301714
vn -0.998427 -0.056045 -0.001325
vn -0.947224 -0.024963 -0.319600
vn -0.944567 0.308028 -0.113631
vn -0.897763 0.440276 -0.013357
vn -0.095769 -0.081984 0.992022
vn 0.405681 -0.097839 0.908763
vn 0.398299 -0.093087 0.912520
vn 0.075976 -0.113226 0.990660
vn 0.448696 -0.160125 0.879222
vn 0.137021 -0.188182 0.972529
vn -0.200090 -0.189202 0.961336
vn -0.265354 -0.092059 0.959746
vn -0.277998 -0.070623 0.957982
vn 0.580494 0.787407 0.207407
vn 0.439530 0.893871 0.088362
vn 0.732752 0.676684 -0.071920
vn 0.916062 0.343575 0.206851
vn 0.949693 0.126197 -0.286632
vn 0.997540 0.056357 0.041689
vn 0.946870 0.017797 0.321123
vn 0.890564 0.203727 0.406682
vn 0.813126 0.351642 0.463869
vn -0.655592 0.728033 -0.200416
vn -0.727590 0.655765 -0.201458
vn -0.715727 0.593153 -0.368652
vn -0.580562 0.643713 -0.498580
vn -0.483523 0.214057 -0.848755
vn -0.162798 0.186919 -0.968792
vn 0.236658 0.156840 -0.958851
vn -0.261005 0.706128 -0.658224
vn -0.520776 0.831345 -0.194054
vn -0.984170 0.153662 0.088303
vn -0.941299 0.131462 0.310924
vn -0.918273 0.242224 0.313212
vn -0.967648 0.242630 0.069198
vn -0.843486 0.441004 0.306671
vn -0.876192 0.460468 0.142325
vn -0.884341 0.466407 0.020151
vn -0.945732 0.308477 -0.102141
vn -0.965258 0.170215 -0.198252
vn -0.063129 0.122751 0.990428
vn 0.153097 0.190483 0.969679
vn -0.085420 0.434904 0.896416
vn -0.255470 0.369227 0.893536
vn -0.322878 0.640438 0.696842
vn -0.436847 0.595767 0.673964
vn -0.597435 0.509881 0.618945
vn -0.468595 0.252163 0.846660
vn -0.355395 0.056203 0.933025
vn 0.822998 0.495113 0.278455
vn 0.841919 0.519459 -0.146067
vn 0.658078 0.751304 -0.049753
vn 0.611160 0.745186 0.266798
vn -0.152207 0.962736 0.223546
vn -0.120789 0.902784 0.412785
vn -0.090363 0.823505 0.560066
vn 0.586992 0.575395 0.569527
vn 0.739130 0.436755 0.512769
vn -0.465728 0.366322 -0.805547
vn -0.603223 0.318305 -0.731303
vn -0.651779 0.382517 -0.654877
vn -0.464314 0.561052 -0.685298
vn -0.765282 0.608920 -0.208708
vn -0.673147 0.713393 -0.194792
vn -0.548610 0.817843 -0.173664
vn -0.224898 0.619928 -0.751738
vn -0.051134 0.443702 -0.894714
vn -0.788318 0.440440 0.429614
vn -0.738881 0.433423 0.515945
vn -0.880301 0.195787 0.432132
vn -0.973602 0.135149 0.183939
vn -0.951624 -0.190322 0.241225
vn -0.975609 -0.122706 -0.182020
vn -0.913439 -0.008767 -0.406882
vn -0.944255 0.068085 -0.322097
vn -0.880432 0.437769 0.182201
vn -0.492831 0.455234 0.741539
vn -0.366799 0.427076 0.826477
vn 0.020796 0.118694 0.992713
vn -0.315773 0.160047 0.935239
vn 0.450332 -0.238907 0.860305
vn 0.104344 -0.211474 0.971798
vn -0.249207 -0.200303 0.947510
vn -0.470916 0.212698 0.856153
vn -0.553829 0.465600 0.690282
vn 0.048292 0.864225 0.500783
vn 0.025560 0.928041 0.371599
vn 0.820628 0.569826 -0.043226
vn 0.792034 0.349843 0.500292
vn 0.948881 0.209519 -0.236066
vn 0.991156 0.102829 0.083877
vn 0.886018 0.035689 0.462275
vn 0.540930 0.375849 0.752418
vn 0.107641 0.575777 0.810490
vn -0.672078 0.738585 -0.052948
vn -0.758012 0.649802 -0.056352
vn -0.684249 0.526846 -0.504219
vn -0.402030 0.454834 -0.794669
vn -0.292818 0.126618 -0.947748
vn -0.104724 0.239482 -0.965236
vn 0.103232 0.341836 -0.934072
vn -0.029312 0.498510 -0.866389
vn -0.589482 0.806272 -0.049352
vn -0.999867 -0.005933 -0.015182
vn -0.951130 -0.132490 0.278922
vn -0.910809 0.106005 0.398987
vn -0.968934 0.197938 0.148281
vn -0.828569 0.290893 0.478388
vn -0.889850 0.375317 0.259431
vn -0.901622 0.416086 0.118114
vn -0.945350 0.325987 -0.006792
vn -0.960196 0.133304 -0.245466
vn 0.229320 -0.319914 0.919276
vn 0.483924 -0.267745 0.833145
vn 0.144744 0.007703 0.989439
vn 0.020553 -0.095412 0.995226
vn -0.070558 0.171270 0.982694
vn -0.207759 0.182991 0.960911
vn -0.535040 0.196441 0.821671
vn -0.272835 -0.168714 0.947152
vn -0.088861 -0.391395 0.915923
vn 0.993004 0.064036 0.099208
vn 0.945176 0.226159 -0.235572
vn 0.925389 0.311156 -0.216419
vn 0.940773 0.260310 0.217223
vn 0.403599 0.908880 0.105101
vn 0.497038 0.631768 0.594829
vn 0.471214 0.334927 0.815954
vn 0.913596 -0.028539 0.405620
vn 0.930598 -0.049201 0.362720
vn -0.335023 0.442064 -0.832069
vn -0.547448 0.362757 -0.754128
vn -0.626231 0.434852 -0.647100
vn -0.448134 0.579422 -0.680769
vn -0.784745 0.581114 -0.215595
vn -0.614142 0.720365 -0.322342
vn -0.475813 0.791061 -0.384479
vn -0.265105 0.670046 -0.693367
vn -0.038414 0.472479 -0.880504
vn -0.902773 0.212738 0.373823
vn -0.784062 0.215240 0.582168
vn -0.887096 -0.140066 0.439820
vn -0.993120 -0.022513 0.114917
vn -0.815837 -0.556618 0.156801
vn -0.880663 -0.470202 -0.057817
vn -0.848326 -0.339131 -0.406611
vn -0.995153 0.067684 -0.071342
vn -0.982103 0.186454 0.026641
vn -0.124293 0.354907 0.926603
vn 0.137726 0.370334 0.918632
vn 0.561391 -0.207836 0.801027
vn 0.247458 -0.222461 0.943014
vn 0.648795 -0.421738 0.633405
vn 0.399693 -0.572506 0.715879
vn 0.078202 -0.655318 0.751294
vn -0.123024 -0.179788 0.975982
vn -0.275246 0.334314 0.901373
vn 0.704835 0.702051 0.101647
vn 0.652765 0.737864 -0.171624
vn 0.754188 0.602624 -0.260855
vn 0.909023 0.416726 -0.003984
vn 0.860973 0.011508 -0.508521
vn 0.973923 -0.114392 -0.195929
vn 0.988010 -0.153927 0.011943
vn 0.933105 0.231131 0.275489
vn 0.683269 0.557526 0.471497
vn -0.362070 0.708048 -0.606279
vn -0.570587 0.619541 -0.539072
vn -0.575119 0.597341 -0.558947
vn -0.359033 0.695140 -0.622797
vn -0.433128 -0.025184 -0.900981
vn -0.193950 0.067872 -0.978661
vn 0.147724 0.011782 -0.988959
vn -0.136102 0.744342 -0.653783
vn -0.136114 0.756689 -0.639449
vn -0.980757 -0.154397 0.119489
vn -0.878685 -0.165796 0.447687
vn -0.852327 -0.005578 0.522980
vn -0.955409 0.125768 0.267162
vn -0.667126 0.370573 0.646234
vn -0.794305 0.460498 0.396259
vn -0.844029 0.501224 0.190761
vn -0.964872 0.262079 0.018344
vn -0.971461 -0.099996 -0.215092
vn 0.123871 -0.019742 0.992102
vn 0.384031 0.044294 0.922257
vn 0.238585 0.286485 0.927903
vn 0.051986 0.167740 0.984460
vn 0.094390 0.474564 0.875145
vn -0.067235 0.437041 0.896925
vn -0.280755 0.367544 0.886616
vn -0.182849 0.069116 0.980709
vn -0.141151 -0.077125 0.986979
vn 0.977791 0.167459 -0.126025
vn 0.851520 0.157972 -0.499960
vn 0.762396 0.502913 -0.407223
vn 0.848390 0.528927 0.021714
vn 0.378517 0.917912 -0.119007
vn 0.412921 0.874240 0.255343
vn 0.389364 0.710314 0.586387
vn 0.865283 0.333976 0.373826
vn 0.957194 0.149739 0.247705
vn -0.163909 0.045886 -0.985408
vn -0.431602 -0.001597 -0.902063
vn -0.520299 0.244552 -0.818220
vn -0.247926 0.384710 -0.889118
vn -0.571796 0.725694 -0.382646
vn -0.333300 0.809830 -0.482790
vn -0.099009 0.834412 -0.542175
vn 0.055407 0.374754 -0.925467
vn 0.126527 0.084019 -0.988399
vn 0.736976 0.601407 0.308505
vn 0.693655 0.658361 0.292240
vn 0.721705 0.043917 0.690806
vn 0.591900 0.213716 0.777161
vn 0.357162 -0.598523 0.717081
vn 0.089495 -0.440821 0.893122
vn -0.154651 -0.207576 0.965917
vn 0.537576 0.348600 0.767783
vn 0.759755 0.567711 0.316981
vn 0.407193 0.719663 0.562386
vn 0.478033 0.761457 0.437798
vn 0.930222 0.342884 -0.130835
vn 0.994264 -0.024181 -0.104186
vn 0.573169 -0.476655 -0.666542
vn 0.670324 -0.586170 -0.455051
vn 0.677149 -0.652691 -0.339799
vn 0.914617 0.193199 0.355176
vn 0.369179 0.693342 0.618857
vn 0.682073 0.655396 0.324397
vn 0.705077 0.641080 0.303122
vn 0.552963 0.833051 0.016068
vn 0.514028 0.854517 -0.074669
vn -0.438909 0.469078 -0.766371
vn -0.223450 0.366115 -0.903344
vn -0.008462 0.192247 -0.981310
vn 0.528994 0.805150 -0.268138
vn 0.568290 0.710222 0.415490
vn 0.704700 0.643286 0.299301
vn 0.708240 0.629930 0.318723
vn 0.241139 0.709602 0.662055
vn 0.394924 0.799524 0.452545
vn -0.657863 0.299468 0.691040
vn -0.768978 0.433600 0.469748
vn -0.824402 0.559004 0.088743
vn 0.443398 0.836634 0.321624
vn 0.702989 0.649134 0.290572
vn 0.353239 -0.152337 0.923047
vn 0.655416 -0.265389 0.707106
vn 0.816879 0.031108 0.575970
vn 0.604838 0.149422 0.782204
vn 0.865461 0.292269 0.406886
vn 0.753834 0.391665 0.527572
vn 0.638346 0.464135 0.614079
vn 0.447056 0.304659 0.841026
vn 0.043631 -0.017148 0.998901
vn 0.913336 -0.291779 -0.284049
vn 0.856413 -0.174053 -0.486068
vn 0.972069 0.225628 -0.064599
vn 0.994505 0.103174 -0.017737
vn 0.984204 0.044377 0.171388
vn 0.929237 -0.368366 -0.028740
vn -0.153839 0.234460 -0.959876
vn -0.542760 0.317611 -0.777518
vn -0.320918 0.600636 -0.732290
vn 0.042338 0.584807 -0.810067
vn 0.472961 0.877047 -0.084240
vn 0.644619 0.758698 -0.094036
vn 0.803921 0.586244 -0.100146
vn 0.267895 0.282594 -0.921072
vn 0.093228 0.163361 -0.982152
vn -0.782981 0.386090 0.487724
vn -0.645662 0.325489 0.690781
vn -0.486718 0.444456 0.752040
vn -0.536548 0.698979 0.472804
vn 0.398263 0.688073 0.606582
vn 0.350318 0.811746 0.467276
vn 0.295399 0.898246 0.325412
vn -0.667212 0.723544 0.176951
vn -0.900220 0.431520 0.058270
vn 0.480284 0.139124 0.866009
vn 0.606674 0.000144 0.794951
vn 0.595795 -0.025325 0.802737
vn 0.484764 0.078411 0.871123
vn 0.538241 -0.144335 0.830340
vn 0.368449 -0.066011 0.927301
vn 0.116561 0.042932 0.992255
vn 0.321979 0.201945 0.924958
vn 0.371491 0.240829 0.896658
vn 0.995688 -0.092673 -0.004167
vn 0.949629 -0.025204 -0.312362
vn 0.921417 -0.109561 -0.372810
vn 0.989302 -0.141638 -0.034920
vn 0.765769 -0.361795 -0.531697
vn 0.918808 -0.384114 -0.090824
vn 0.908591 -0.351064 0.226311
vn 0.953899 -0.178291 0.241433
vn 0.959685 -0.140072 0.243691
vn 0.629892 0.716442 -0.299914
vn 0.588582 0.774755 -0.230924
vn 0.470028 0.791531 -0.390580
vn 0.556376 0.591868 -0.583213
vn -0.547881 0.149010 -0.823178
vn -0.341606 0.054081 -0.938286
vn -0.124182 -0.039764 -0.991462
vn 0.648076 0.463015 -0.604661
vn 0.714969 0.502792 -0.485818
vn 0.416573 0.814511 0.403781
vn 0.350862 0.702222 0.619500
vn 0.260537 0.713884 0.649993
vn 0.258144 0.837505 0.481609
vn -0.772101 0.363562 0.521231
vn -0.909779 0.386141 0.152305
vn -0.905209 0.348019 -0.243884
vn 0.254724 0.942322 0.217130
vn 0.442792 0.856308 0.265843
vn 0.273281 -0.102747 0.956431
vn 0.490997 -0.203277 0.847113
vn 0.555408 -0.132485 0.820957
vn 0.414560 0.033317 0.909412
vn 0.752388 0.183806 0.632557
vn 0.655992 0.283884 0.699346
vn 0.560728 0.364483 0.743462
vn 0.290804 0.170882 0.941399
vn 0.040234 -0.006563 0.999169
vn 0.876021 -0.439696 -0.198130
vn 0.736658 -0.389268 -0.552998
vn 0.963123 -0.030257 -0.267354
vn 0.974573 -0.209312 -0.079973
vn 0.969770 0.243912 -0.007314
vn 0.967378 0.194881 0.161866
vn 0.929680 0.133535 0.343312
vn 0.930369 -0.257103 0.261366
vn 0.884705 -0.417243 0.207858
vn -0.312430 0.125796 -0.941575
vn -0.487398 0.225536 -0.843550
vn -0.150446 0.555347 -0.817897
vn 0.136173 0.479834 -0.866727
vn 0.578431 0.789672 -0.204538
vn 0.707214 0.665885 -0.237581
vn 0.818442 0.510302 -0.264091
vn 0.217697 0.172340 -0.960681
vn -0.076685 -0.008600 -0.997018
vn -0.891584 0.439687 0.108415
vn -0.755083 0.380321 0.534047
vn -0.425075 0.588077 0.688096
vn -0.445684 0.838486 0.313539
vn 0.411255 0.668159 0.620026
vn 0.416815 0.800512 0.430634
vn 0.400152 0.890000 0.218583
vn -0.450128 0.892068 -0.039985
vn -0.872991 0.434783 -0.221022
vn 0.795542 0.592922 0.124725
vn 0.791289 0.598725 0.124058
vn 0.817896 0.528479 0.227501
vn 0.805546 0.499266 0.319106
vn 0.017057 -0.664680 0.746933
vn -0.382473 -0.463573 0.799259
vn -0.547791 -0.333415 0.767307
vn 0.732378 0.542882 0.410977
vn 0.807326 0.576372 0.126572
vn 0.755519 0.610709 0.237120
vn 0.752381 0.610693 0.246935
vn 0.846499 0.509733 0.153659
vn 0.825485 0.524132 0.209428
vn 0.326766 -0.735577 -0.593423
vn 0.412560 -0.820387 -0.395929
vn 0.503909 -0.863208 -0.030779
vn 0.835408 0.500893 0.226275
vn 0.758416 0.610664 0.227803
vn 0.745016 0.597005 0.297550
vn 0.763113 0.565416 0.312990
vn 0.739152 0.640345 0.208836
vn 0.753339 0.635988 0.167334
vn -0.709704 -0.131858 -0.692051
vn -0.565872 -0.235973 -0.790004
vn -0.282996 -0.383798 -0.878984
vn 0.748197 0.639917 0.175236
vn 0.720656 0.635328 0.277515
vn 0.838056 0.532397 0.119231
vn 0.819467 0.567724 0.078514
vn 0.705053 0.685452 0.181811
vn 0.731046 0.663856 0.157695
vn -0.958737 -0.016515 0.283813
vn -0.998145 0.011955 0.059701
vn -0.992174 0.034072 -0.120123
vn 0.768397 0.625857 0.133677
vn 0.845100 0.516931 0.136340
vn 0.216511 -0.072802 0.973562
vn 0.314603 -0.473195 0.822868
vn 0.419173 -0.382253 0.823515
vn 0.263288 -0.177518 0.948244
vn 0.504092 -0.296639 0.811108
vn 0.320745 -0.105145 0.941312
vn 0.058914 0.106795 0.992534
vn 0.064161 0.110455 0.991808
vn 0.141467 0.163649 0.976323
vn 0.230054 -0.918856 -0.320592
vn 0.137951 -0.796715 -0.588400
vn 0.469470 -0.665027 -0.580807
vn 0.569595 -0.772019 -0.282043
vn 0.727440 -0.463419 -0.506038
vn 0.780886 -0.567487 -0.261106
vn 0.797060 -0.600826 0.060856
vn 0.570524 -0.821190 -0.012193
vn 0.288337 -0.953921 -0.083041
vn -0.259146 0.227547 -0.938651
vn -0.316455 0.482441 -0.816766
vn -0.377568 0.417723 -0.826408
vn -0.198196 0.115957 -0.973279
vn -0.426994 0.360265 -0.829389
vn -0.146615 0.147924 -0.978071
vn 0.078388 -0.069150 -0.994522
vn 0.009153 -0.132121 -0.991191
vn -0.114209 -0.241253 -0.963718
vn -0.241726 0.930506 0.275187
vn -0.174616 0.854466 0.489282
vn -0.445485 0.735128 0.511009
vn -0.538029 0.805802 0.247403
vn -0.606567 0.617873 0.500310
vn -0.724620 0.659074 0.201362
vn -0.752707 0.652819 -0.085199
vn -0.606901 0.792019 -0.066165
vn -0.308937 0.950656 -0.028477
vn 0.750071 0.051975 0.659312
vn 0.572902 0.218969 0.789833
vn 0.842534 0.354050 0.405936
vn 0.761875 0.458784 0.457235
vn 0.675020 0.546210 0.495986
vn 0.454209 0.394953 0.798565
vn 0.974958 0.084083 -0.205879
vn 0.999048 -0.002477 -0.043562
vn 0.923395 0.383851 -0.000714
vn 0.931639 0.346794 0.108553
vn 0.926797 0.302575 0.222477
vn 0.983002 -0.049721 0.176736
vn -0.152426 0.637081 -0.755576
vn 0.133589 0.516585 -0.845750
vn 0.414719 0.861184 -0.293888
vn 0.584035 0.761897 -0.280028
vn 0.754912 0.606454 -0.249642
vn 0.409592 0.234823 -0.881528
vn -0.610694 0.607605 0.507808
vn -0.574814 0.791216 0.208725
vn 0.358552 0.855002 0.374715
vn 0.269222 0.945562 0.182844
vn 0.181657 0.983297 0.011327
vn -0.713527 0.695324 -0.086045
vn 0.648629 0.623226 0.436886
vn 0.772648 0.398235 0.494393
vn 0.767508 0.362469 0.528723
vn 0.688209 0.447923 0.570731
vn 0.373105 -0.339899 0.863285
vn 0.065370 -0.331636 0.941140
vn -0.139240 -0.044288 0.989268
vn 0.537819 0.599653 0.592594
vn 0.617536 0.664195 0.421301
vn 0.973212 0.210185 -0.093171
vn 0.939839 0.282639 -0.191882
vn 0.950310 0.224470 -0.215693
vn 0.994959 0.085419 0.052542
vn 0.876133 -0.297942 -0.378973
vn 0.960881 -0.273734 -0.042154
vn 0.929554 -0.278566 0.241517
vn 0.980046 -0.003233 0.198743
vn 0.979850 -0.017261 0.198988
vn 0.701006 0.703023 -0.119786
vn 0.681591 0.726105 -0.090581
vn 0.633105 0.751027 -0.187448
vn 0.704210 0.660687 -0.259964
vn -0.606770 -0.002288 -0.794874
vn -0.442167 -0.234813 -0.865651
vn -0.319961 -0.390557 -0.863186
vn 0.747628 0.607399 -0.268551
vn 0.754054 0.622205 -0.210387
vn 0.575108 0.793254 0.199999
vn 0.550795 0.789219 0.271585
vn 0.464433 0.821971 0.329646
vn 0.472532 0.849173 0.235838
vn -0.958592 -0.228572 0.169870
vn -0.997280 -0.069986 0.023105
vn -0.970837 -0.133412 -0.199193
vn 0.506935 0.851053 0.136844
vn 0.593738 0.793049 0.136196
vn 0.297608 0.013654 0.954591
vn 0.556906 -0.101512 0.824349
vn 0.707489 0.177861 0.683977
vn 0.548354 0.359356 0.755097
vn 0.771363 0.555443 0.310616
vn 0.704486 0.622631 0.340632
vn 0.625892 0.687200 0.368802
vn 0.384524 0.475436 0.791266
vn 0.038887 0.136120 0.989929
vn 0.964456 -0.258537 -0.054627
vn 0.902867 -0.230779 -0.362729
vn 0.957532 0.145934 -0.248669
vn 0.994898 0.096477 -0.029516
vn 0.857927 0.505093 -0.094034
vn 0.867510 0.497080 0.018395
vn 0.866590 0.484277 0.120406
vn 0.975316 0.101072 0.196326
vn 0.940018 -0.244386 0.237996
vn -0.190918 0.142007 -0.971280
vn -0.417824 0.239841 -0.876299
vn 0.075323 0.647684 -0.758177
vn 0.278585 0.548179 -0.788600
vn 0.599289 0.771070 -0.215184
vn 0.669558 0.706048 -0.230625
vn 0.745808 0.618941 -0.246338
vn 0.440528 0.282847 -0.852017
vn 0.135000 -0.001378 -0.990845
vn -0.896267 0.437626 0.072032
vn -0.825264 0.389165 0.409255
vn -0.383558 0.793994 0.471654
vn -0.316587 0.939532 0.130582
vn 0.491311 0.834395 0.249798
vn 0.489632 0.863433 0.121424
vn 0.481254 0.876547 0.007817
vn -0.413126 0.893695 -0.175031
vn -0.885913 0.405825 -0.224642
vn 0.529523 -0.155550 0.833912
vn 0.337823 -0.068770 0.938694
vn 0.099191 0.031628 0.994566
vn -0.769356 0.366274 0.523388
vn -0.910172 0.396283 0.120608
vn -0.898833 0.367347 -0.239073
vn -0.535269 0.165661 -0.828278
vn -0.345889 0.073602 -0.935384
vn -0.116077 -0.034445 -0.992643
vn 0.758959 -0.368406 -0.536897
vn 0.906930 -0.397861 -0.138509
vn 0.904495 -0.363567 0.222954
vn 0.551159 -0.376888 0.744432
vn 0.253552 -0.259137 0.931965
vn -0.065600 -0.112623 0.991470
vn -0.713921 0.247078 0.655186
vn -0.875706 0.330708 0.351810
vn -0.717963 0.247978 0.650412
vn -0.900623 0.348230 0.260027
vn -0.926853 0.374654 0.024055
vn -0.927514 0.373166 0.021572
vn -0.586498 0.248709 -0.770821
vn -0.363821 0.157752 -0.918014
vn -0.578034 0.261771 -0.772886
vn -0.412443 0.199365 -0.888901
vn -0.055316 0.059466 -0.996697
vn -0.095654 0.035728 -0.994773
vn 0.659155 -0.398408 -0.637798
vn 0.776107 -0.490209 -0.396679
vn 0.821747 -0.540830 -0.179542
vn 0.530141 -0.141493 0.836021
vn 0.277538 -0.048508 0.959489
vn -0.032544 0.064544 0.997384
vn -0.864960 0.317633 0.388527
vn -0.937827 0.340286 0.068461
vn -0.919678 0.321771 -0.225067
vn -0.485577 0.161763 -0.859097
vn -0.227126 0.068043 -0.971485
vn 0.086412 -0.045151 -0.995236
vn 0.880672 -0.287440 -0.376556
vn 0.950746 -0.305726 -0.051133
vn 0.926089 -0.289035 0.242524
vn -0.860629 -0.433898 0.266554
vn -0.929948 -0.366369 -0.031160
vn -0.915673 -0.238972 -0.323166
vn -0.335172 -0.220733 -0.915935
vn -0.083058 -0.157896 -0.983957
vn 0.178558 -0.086253 -0.980142
vn 0.847140 -0.002111 -0.531366
vn 0.979265 -0.015795 -0.201966
vn 0.992761 -0.108935 0.050591
vn 0.438755 -0.046280 0.897414
vn 0.216429 -0.205409 0.954445
vn -0.093289 -0.239763 0.966339
vn 0.526734 -0.302179 0.794505
vn 0.282495 -0.389437 0.876662
vn -0.030212 -0.468360 0.883021
vn -0.943242 -0.262816 0.203036
vn -0.989001 -0.107666 -0.101418
vn -0.937003 0.046339 -0.346233
vn -0.522979 0.341538 -0.780926
vn -0.319686 0.419523 -0.849589
vn -0.036829 0.477590 -0.877810
vn 0.937385 0.279351 -0.208019
vn 0.984711 0.104940 0.139037
vn 0.922270 -0.028194 0.385517
vn 0.328418 -0.006585 0.944510
vn 0.093146 -0.100475 0.990570
vn -0.210063 -0.170317 0.962739
vn -0.943177 -0.133226 0.304413
vn -0.992517 -0.120290 -0.020996
vn -0.949889 -0.042905 0.309631
vn -0.998032 -0.034708 -0.052223
vn -0.946706 -0.025464 -0.321092
vn -0.938923 -0.060646 -0.338741
vn -0.339724 0.036766 -0.939806
vn -0.033685 0.072815 -0.996777
vn -0.363793 0.059188 -0.929598
vn 0.078827 0.101828 -0.991674
vn 0.257390 0.113542 -0.959614
vn 0.268631 0.101121 -0.957921
vn 0.951510 0.099672 -0.291023
vn 0.996211 0.079400 0.035483
vn 0.947525 0.164691 -0.273994
vn 0.984953 0.170575 -0.027804
vn 0.909260 0.156471 0.385699
vn 0.947258 0.016199 0.320062
vn 0.249798 0.078115 0.965142
vn -0.039881 0.019663 0.999011
vn 0.228635 0.101388 0.968218
vn 0.038208 0.072334 0.996648
vn -0.358698 0.003651 0.933447
vn -0.329613 -0.033446 0.943523
vn -0.930862 -0.115995 0.346469
vn -0.991386 -0.124966 0.039212
vn -0.931917 -0.108762 0.345978
vn -0.991189 -0.115579 0.064696
vn -0.951023 -0.110780 -0.288590
vn -0.950459 -0.117139 -0.287933
vn -0.297651 -0.014867 -0.954559
vn 0.012894 0.033647 -0.999351
vn -0.314647 0.007532 -0.949179
vn 0.093667 0.069030 -0.993208
vn 0.281330 0.094030 -0.954993
vn 0.294590 0.081681 -0.952127
vn 0.914820 0.142710 -0.377807
vn 0.984215 0.168469 -0.054206
vn 0.898912 0.183913 -0.397659
vn 0.978892 0.203406 -0.019929
vn 0.934813 0.196630 0.295738
vn 0.944017 0.152309 0.292631
vn 0.442086 -0.585608 -0.679429
vn 0.235827 -0.832796 -0.500836
vn -0.128919 0.950748 -0.281885
vn -0.636356 0.559952 -0.530571
vn 0.216330 0.885488 -0.411232
vn 0.132456 0.896111 -0.423605
vn 0.086300 0.497753 0.863015
vn 0.181929 0.487950 0.853702
vn -0.538767 0.807720 0.239413
vn -0.614435 0.756594 0.223685
vn 0.163608 -0.064837 0.984392
vn 0.261625 0.068776 0.962716
vn -0.037745 0.007305 -0.999261
vn -0.107625 0.000011 -0.994192
vn -0.615222 -0.750076 -0.242666
vn -0.578009 -0.777578 -0.247544
vn 0.684592 0.012113 -0.728826
vn 0.633980 -0.007186 -0.773316
vn 0.485893 -0.867383 0.107496
vn 0.682467 -0.662347 0.309089
vn 0.601998 0.556531 -0.572600
vn 0.772725 0.332690 -0.540567
vn -0.773813 0.540588 0.330118
vn -0.766744 0.423754 0.482220
vn -0.484598 -0.629456 0.607412
vn -0.709985 -0.493737 0.502141
vn 0.692236 -0.658587 -0.295082
vn 0.741122 -0.588364 -0.323365
vn 0.532846 -0.792521 -0.296623
vn 0.060433 -0.445960 0.893010
vn -0.147041 -0.565592 0.811471
vn 0.638791 -0.691946 -0.336388
vn -0.150084 0.709657 -0.688376
vn 0.209252 0.671156 -0.711170
vn -0.315418 0.278880 0.907049
vn -0.558419 0.396783 0.728513
vn 0.734090 -0.017986 -0.678815
vn 0.528435 0.163344 -0.833111
vn 0.693199 -0.386032 0.608650
vn -0.614730 0.564797 0.550556
vn -0.996550 0.023321 0.079654
vn -0.755520 0.198577 -0.624305
vn 0.198654 -0.694282 -0.691744
vn -0.681443 -0.701117 0.209931
vn -0.792204 0.209267 0.573254
vn -0.599951 0.790575 -0.122683
vn -0.760768 0.553318 -0.339222
vn -0.919034 0.127533 0.372976
vn 0.368867 -0.094901 -0.924625
vn 0.275902 -0.012155 -0.961109
vn -0.091221 -0.994194 -0.057079
vn -0.004748 -0.999508 -0.031013
vn 0.565816 -0.088185 -0.819802
vn 0.485496 -0.062089 -0.872032
vn 0.074401 -0.996687 -0.032874
vn 0.245653 -0.969244 0.014877
vn -0.524140 0.207037 0.826083
vn -0.177450 0.979730 0.092959
vn -0.370089 0.928140 0.039886
vn -0.648218 0.206350 0.732962
vn -0.306830 0.133689 0.942328
vn 0.015820 0.991147 0.131825
vn -0.068177 0.990632 0.118325
vn -0.428746 0.130029 0.894019
vn 0.193369 0.035718 -0.980476
vn 0.051854 0.005937 -0.998637
vn -0.509096 -0.825752 -0.242806
vn -0.343207 -0.920546 -0.186562
vn -0.033393 0.027180 0.999073
vn 0.460905 0.835552 0.299031
vn 0.248286 0.940329 0.232670
vn -0.133169 0.112064 0.984738
vn 0.119711 -0.030166 0.992350
vn 0.612369 0.738516 0.282133
vn 0.554854 0.777873 0.295044
vn 0.050801 -0.011229 0.998646
vn 0.674394 0.385530 -0.629730
vn 0.501837 0.788720 -0.355078
vn 0.908926 0.257013 0.328324
vn 0.990384 -0.137377 0.016324
vn -0.226659 -0.065996 -0.971736
vn -0.294229 -0.173966 -0.939769
vn -0.533409 -0.801521 -0.270258
vn -0.615785 -0.749752 -0.242243
vn 0.292098 0.042438 0.955446
vn 0.633240 0.727449 0.264244
vn 0.657147 0.706992 0.261382
vn 0.257001 0.001323 0.966410
vn 0.183977 -0.030877 0.982445
vn 0.645419 0.715046 0.268595
vn -0.169716 -0.023633 -0.985210
vn -0.629158 -0.739632 -0.238965
vn -0.245464 -0.356184 -0.901599
vn 0.293505 -0.280398 -0.913910
vn 0.498463 -0.799322 -0.335587
vn -0.231893 -0.911836 -0.338792
vn 0.026152 -0.324602 0.945489
vn -0.089027 0.976132 0.198094
vn 0.505856 0.814186 0.284975
vn 0.169777 -0.026096 0.985137
vn -0.267801 -0.851934 0.449990
vn -0.844601 -0.045479 -0.533461
vn -0.881854 0.322493 -0.343994
vn -0.167494 -0.581151 0.796373
vn 0.068832 0.995732 -0.061479
vn -0.032156 0.999436 0.009631
vn 0.610774 0.344058 0.713147
vn 0.671217 0.357149 0.649548
vn 0.300507 0.928317 -0.218916
vn 0.163017 0.978458 -0.126670
vn 0.726125 0.355156 0.588733
vn 0.801307 0.332356 0.497441
vn -0.089168 -0.981330 0.170416
vn -0.726339 -0.206514 -0.655579
vn -0.782759 -0.176349 -0.596816
vn -0.192512 -0.945899 0.261179
vn 0.099542 -0.993687 0.051747
vn -0.627335 -0.187866 -0.755749
vn -0.680658 -0.207699 -0.702543
vn -0.003852 -0.993785 0.111247
vn -0.176403 0.978885 0.103282
vn -0.369186 0.907864 0.198711
vn 0.391810 0.214583 0.894672
vn 0.521574 0.308316 0.795551
vn 0.462793 -0.883050 -0.077756
vn -0.444114 -0.057285 -0.894137
vn -0.552556 -0.132143 -0.822934
vn 0.259352 -0.965649 -0.016060
vn 0.631283 -0.765932 -0.121778
vn -0.155592 0.061183 -0.985925
vn -0.300192 0.011077 -0.953814
vn 0.602706 -0.790556 -0.108473
vn 0.268333 0.440776 -0.856571
vn 0.299204 0.434168 -0.849692
vn -0.370337 -0.805563 -0.462514
vn -0.281189 -0.845494 -0.453952
vn -0.422080 0.863673 -0.275531
vn 0.139898 0.566900 -0.811821
vn 0.754586 -0.342383 0.559798
vn 0.458712 -0.204260 0.864790
vn -0.478749 0.860999 0.171699
vn -0.432290 0.890980 0.138851
vn -0.000210 -0.146303 0.989240
vn 0.035897 -0.190829 0.980967
vn 0.400388 -0.899168 -0.176595
vn -0.006502 0.053492 -0.998547
vn -0.000514 0.054284 -0.998526
vn 0.446875 -0.879363 -0.164387
vn 0.566043 -0.812319 -0.140477
vn -0.049970 0.072329 -0.996128
vn -0.582529 0.789184 0.194548
vn 0.092815 -0.155584 0.983453
vn -0.503989 0.858330 0.096256
vn -0.556257 0.830622 0.025397
vn 0.105598 -0.028951 0.993987
vn -0.008415 -0.062474 0.998011
vn 0.508615 -0.851407 -0.128128
vn -0.057204 -0.119799 -0.991149
vn -0.024776 -0.006396 -0.999673
vn 0.499780 -0.851891 -0.156527
vn -0.728972 -0.523950 0.440541
vn -0.951292 0.120324 -0.283843
vn -0.351521 -0.324768 -0.878043
vn -0.010888 -0.994990 -0.099376
vn 0.211313 0.386709 -0.897665
vn 0.228317 0.395295 -0.889726
vn -0.004884 -0.894835 -0.446371
vn 0.232650 -0.881757 -0.410340
vn 0.207158 0.308333 -0.928448
vn 0.166798 0.337539 -0.926416
vn 0.587610 -0.772056 -0.242167
vn 0.827064 -0.558454 0.063981
vn -0.480051 -0.068390 0.874571
vn -0.666751 0.705674 0.239721
vn -0.897084 0.439966 0.040865
vn -0.690618 -0.151065 0.707267
vn -0.260746 -0.217716 0.940538
vn -0.060412 0.892602 0.446779
vn -0.320771 0.866037 0.383517
vn -0.307965 -0.110532 0.944955
vn 0.231325 0.416233 -0.879340
vn 0.244764 0.433808 -0.867123
vn -0.194617 -0.872396 -0.448385
vn -0.113349 -0.887804 -0.446045
vn -0.244252 -0.308079 0.919472
vn 0.160308 0.882429 0.442290
vn 0.065418 0.891409 0.448453
vn -0.250755 -0.280084 0.926647
vn -0.266438 -0.333882 0.904176
vn 0.356988 0.825914 0.436377
vn 0.258391 0.861096 0.437890
vn -0.249818 -0.325639 0.911894
vn 0.438154 0.090086 -0.894374
vn 0.414293 -0.068148 -0.907589
vn -0.152103 -0.909587 -0.386672
vn -0.480799 -0.728479 -0.488007
vn 0.382739 0.373198 -0.845124
vn 0.435673 0.312528 -0.844106
vn -0.605009 -0.606103 -0.516336
vn -0.537190 -0.683149 -0.494706
vn -0.392089 -0.282169 0.875584
vn 0.616505 0.635988 0.464156
vn 0.539347 0.713163 0.447776
vn -0.334859 -0.313277 0.888666
vn -0.294199 -0.330756 0.896687
vn 0.451288 0.776927 0.439003
vn 0.337007 0.412862 -0.846151
vn -0.456798 -0.751777 -0.475571
vn 0.475561 0.239202 -0.846537
vn 0.484242 0.171842 -0.857893
vn -0.619143 -0.582070 -0.527121
vn -0.640977 -0.556539 -0.528595
vn -0.512738 -0.261072 0.817888
vn 0.665279 0.538971 0.516638
vn 0.665171 0.563620 0.489775
vn -0.459404 -0.255619 0.850651
vn -0.433719 -0.451459 0.779791
vn 0.336228 0.814014 0.473636
vn 0.577563 0.617799 0.533615
vn -0.519494 -0.336316 0.785505
vn 0.775179 0.528722 -0.345759
vn 0.610039 0.710432 -0.350912
vn 0.616896 0.298067 0.728420
vn 0.786773 0.068519 0.613427
vn 0.588300 -0.199030 -0.783767
vn 0.872913 0.134842 -0.468871
vn 0.842201 -0.438221 0.314102
vn 0.369101 -0.915911 -0.157710
vn -0.318072 -0.522064 0.791378
vn -0.716611 0.467062 -0.517998
vn -0.160586 0.972242 0.170170
vn -0.329302 -0.543228 0.772311
vn -0.432013 -0.693652 0.576378
vn -0.498062 -0.229770 -0.836146
vn -0.643938 -0.047748 -0.763586
vn -0.451207 -0.581218 0.677199
vn 0.437763 0.816649 -0.376096
vn 0.311975 0.862968 -0.397439
vn 0.292667 0.463080 0.836602
vn 0.432221 0.412869 0.801701
vn -0.267547 -0.814308 0.515094
vn -0.250880 -0.380306 -0.890183
vn -0.357796 -0.330272 -0.873443
vn -0.346395 -0.772574 0.532109
vn -0.127339 -0.855394 0.502082
vn -0.072673 -0.420579 -0.904341
vn -0.158251 -0.407422 -0.899424
vn -0.196749 -0.838743 0.507740
vn 0.764589 0.579717 0.281658
vn 0.754464 0.592617 0.282115
vn -0.216153 -0.197006 0.956277
vn -0.290127 -0.209996 0.933664
vn -0.034182 -0.160262 -0.986483
vn -0.003035 -0.104615 -0.994508
vn 0.592759 -0.801915 0.074629
vn 0.546543 -0.835239 0.060554
vn -0.253695 0.882096 -0.396921
vn -0.452265 0.815103 -0.362026
vn -0.349855 0.602515 0.717341
vn -0.119916 0.557501 0.821470
vn -0.015156 0.894573 -0.446665
vn -0.075694 0.889878 -0.449874
vn -0.051009 0.494177 0.867864
vn -0.034628 0.492833 0.869435
vn 0.058325 -0.876406 0.478028
vn 0.036806 -0.431222 -0.901495
vn 0.029487 -0.425787 -0.904343
vn 0.003630 -0.873905 0.486084
vn -0.059244 -0.867463 0.493961
vn -0.006238 -0.424632 -0.905344
vn 0.054577 0.897638 -0.437342
vn 0.010962 0.496742 0.867829
vn -0.127588 0.886965 -0.443864
vn -0.176543 0.887586 -0.425468
vn -0.061274 0.524769 0.849037
vn -0.051238 0.505112 0.861532
vn 0.140246 -0.872310 0.468409
vn 0.020542 -0.462932 -0.886156
vn 0.027467 -0.444285 -0.895465
vn 0.103270 -0.875279 0.472464
vn 0.277805 -0.828161 0.486800
vn 0.105423 -0.480544 -0.870611
vn 0.032425 -0.481259 -0.875978
vn 0.181537 -0.867685 0.462783
vn -0.435306 -0.559105 -0.705628
vn -0.292931 -0.402953 -0.867076
vn 0.257822 -0.937004 0.235694
vn -0.046968 -0.908415 0.415422
vn -0.806024 0.505744 -0.307487
vn -0.886322 -0.259061 -0.383823
vn -0.769576 -0.362123 0.525946
vn -0.722728 0.388878 0.571348
vn 0.447014 -0.264657 0.854480
vn 0.178300 0.461468 -0.869055
vn 0.286705 -0.265074 -0.920617
vn 0.419853 -0.625620 0.657513
vn 0.335608 0.128722 0.933166
vn -0.342698 0.886799 -0.310073
vn -0.141216 0.842058 -0.520573
vn 0.398581 0.032372 0.916562
vn -0.223533 -0.295759 -0.928741
vn -0.115720 -0.234977 -0.965088
vn 0.458064 -0.886803 0.061311
vn 0.364287 -0.924915 0.108754
vn 0.154991 0.124677 0.980017
vn -0.493554 0.858893 -0.136774
vn -0.425364 0.883553 -0.195958
vn 0.256307 0.144789 0.955690
vn 0.013284 0.082750 0.996482
vn -0.596850 0.799080 -0.072395
vn -0.561589 0.821071 -0.102276
vn 0.062104 0.093705 0.993661
vn -0.661368 -0.283812 -0.694293
vn -0.748620 -0.265065 -0.607708
vn 0.058239 -0.925286 0.374773
vn 0.175888 -0.937735 0.299526
vn -0.061871 -0.105047 -0.992541
vn -0.168348 -0.151440 -0.974025
vn 0.530107 -0.837629 0.131770
vn 0.583346 -0.805990 0.100436
vn 0.144335 0.232446 0.961840
vn -0.493940 0.869370 -0.014819
vn -0.568817 0.821911 -0.030156
vn 0.052650 0.147160 0.987710
vn 0.013363 0.099206 0.994977
vn -0.598344 0.799661 -0.050273
vn -0.013248 -0.088604 -0.995979
vn 0.602217 -0.793697 0.085901
vn -0.340176 -0.220251 -0.914204
vn -0.523042 -0.273998 -0.807064
vn 0.307789 -0.922365 0.233472
vn 0.435633 -0.882073 0.179363
vn 0.477332 0.404194 0.780244
vn -0.205036 0.974013 -0.096229
vn -0.361030 0.932005 -0.031995
vn 0.299815 0.335162 0.893184
vn 0.730352 0.408756 0.547269
vn 0.058503 0.958358 -0.279511
vn -0.064085 0.981046 -0.182874
vn 0.623781 0.422495 0.657568
vn -0.923146 0.095832 -0.372314
vn -0.624425 0.780042 0.040337
vn 0.199258 -0.567122 0.799167
vn 0.058869 -0.630864 0.773657
vn -0.803894 -0.236875 -0.545569
vn -0.864793 -0.173494 -0.471203
vn -0.097024 -0.803483 0.587368
vn -0.035535 -0.886364 0.461624
vn 0.904370 0.311446 0.291747
vn 0.332262 0.794709 -0.507977
vn 0.178823 0.906741 -0.381893
vn 0.810683 0.383309 0.442569
vn 0.652470 -0.728934 -0.207215
vn 0.423386 -0.101570 -0.900238
vn 0.547221 0.468462 -0.693608
vn 0.999726 -0.012803 0.019591
vn 0.423782 0.815522 0.394123
vn 0.724122 0.614589 0.312936
vn -0.363167 -0.318810 0.875483
vn -0.139481 -0.551443 0.822469
vn -0.634630 -0.731166 -0.250281
vn 0.221123 0.038321 -0.974493
vn 0.131974 -0.165996 -0.977256
vn -0.144293 -0.968455 -0.203162
vn -0.754803 -0.589174 -0.288353
vn 0.227172 0.194941 -0.954144
vn 0.261953 0.140181 -0.954845
vn -0.742176 -0.609604 -0.278493
vn -0.811588 0.567425 -0.139117
vn -0.705731 0.685034 0.180755
vn -0.403212 0.200350 -0.892905
vn -0.360090 -0.013363 -0.932822
vn 0.225718 0.928034 0.296317
vn 0.033852 0.965868 0.256814
vn -0.256100 0.097424 0.961728
vn -0.197494 0.008315 0.980269
vn 0.688726 0.662885 0.293668
vn 0.630607 0.715548 0.300543
vn -0.138235 -0.149870 0.978994
vn -0.148481 -0.176342 0.973066
vn -0.660823 -0.690628 -0.293846
vn 0.181532 0.228224 -0.956535
vn 0.188861 0.232099 -0.954181
vn -0.708894 -0.642488 -0.290994
vn -0.740417 -0.606671 -0.289367
vn 0.202800 0.224066 -0.953240
vn 0.728896 0.620732 0.288794
vn -0.170260 -0.191356 0.966641
vn 0.547361 0.777544 0.309550
vn 0.400896 0.863927 0.304817
vn -0.141339 -0.039787 0.989161
vn -0.137859 -0.109805 0.984346
vn -0.463284 -0.837607 -0.289452
vn 0.192871 0.207791 -0.958970
vn 0.180051 0.214852 -0.959907
vn -0.590488 -0.750416 -0.296984
vn -0.106962 -0.968345 -0.225537
vn 0.227286 0.117662 -0.966694
vn 0.189773 0.150734 -0.970189
vn -0.292393 -0.919147 -0.263960
vn -0.494039 0.866749 0.068353
vn -0.744981 0.654602 -0.128451
vn -0.789187 0.063564 0.610854
vn -0.557883 0.249492 0.791530
vn -0.159082 0.966555 0.201158
vn -0.251697 0.933063 0.256988
vn -0.391640 0.177508 0.902834
vn -0.328553 0.149926 0.932510
vn 0.184629 -0.966377 -0.178961
vn 0.320985 -0.091736 -0.942631
vn 0.268197 0.028627 -0.962939
vn 0.101003 -0.983023 -0.153181
vn 0.591389 -0.635575 0.496290
vn 0.520810 0.090090 -0.848906
vn 0.425900 -0.003619 -0.904763
vn 0.447591 -0.888618 -0.100102
vn -0.791969 0.288412 -0.538148
vn -0.600929 0.196212 -0.774845
vn -0.488266 -0.763972 -0.421833
vn -0.654592 -0.508372 0.559524
vn 0.242571 -0.969145 -0.043791
vn 0.368095 -0.224312 0.902325
vn 0.861854 0.145777 -0.485754
vn 0.545444 -0.470322 0.693749
vn 0.598231 -0.736683 -0.315306
vn 0.286889 -0.219883 0.932388
vn 0.276202 -0.277356 0.920210
vn 0.459934 -0.802209 -0.380686
vn -0.438288 0.766339 0.469710
vn -0.160688 0.907326 0.388508
vn -0.473482 0.271391 -0.837951
vn -0.399608 0.251611 -0.881479
vn -0.066989 0.961039 0.268172
vn 0.002965 0.958812 0.284025
vn -0.364879 0.179744 -0.913540
vn -0.352522 0.279827 -0.892986
vn 0.020705 -0.957435 -0.287906
vn 0.347000 -0.273973 0.896956
vn 0.379950 -0.177220 0.907872
vn 0.036098 -0.960197 -0.276982
vn 0.380510 -0.874426 -0.300985
vn 0.326257 -0.121709 0.937413
vn -0.389100 0.876687 0.282880
vn -0.413579 0.287376 -0.863926
vn -0.207698 0.911034 0.356200
vn -0.462162 0.769598 0.440597
vn -0.305581 0.203761 -0.930108
vn -0.332903 0.147455 -0.931361
vn 0.476219 -0.780982 -0.404083
vn 0.363583 -0.252033 0.896820
vn 0.349604 -0.309891 0.884163
vn 0.236764 -0.904844 -0.353837
vn 0.238423 -0.921708 -0.305956
vn 0.446362 0.012307 0.894768
vn 0.350004 -0.134337 0.927066
vn 0.512630 -0.756698 -0.405731
vn 0.318439 0.947731 -0.020052
vn 0.369832 0.921223 -0.120718
vn -0.745944 0.095865 -0.659073
vn -0.669687 0.070148 -0.739323
vn 0.123934 0.968268 0.217020
vn 0.260760 0.961923 0.081911
vn -0.601949 0.103524 -0.791795
vn -0.526139 0.189092 -0.829109
vn -0.216312 -0.976301 0.006700
vn 0.638773 0.073835 0.765845
vn 0.570036 0.061438 0.819319
vn -0.084546 -0.988758 -0.123324
vn -0.265366 -0.945610 0.188157
vn 0.816044 0.112189 0.566997
vn 0.709214 0.098963 0.698013
vn -0.259945 -0.960439 0.099925
vn 0.497679 0.785577 -0.367675
vn 0.541334 0.162893 -0.824878
vn -0.700023 0.246755 -0.670134
vn -0.764275 0.275418 -0.583120
vn -0.403292 -0.247952 0.880838
vn 0.989179 -0.140145 -0.043402
vn 0.946796 0.130600 0.294145
vn -0.321195 -0.880201 0.349401
vn 0.022787 -0.086496 0.995992
vn 0.204919 -0.883056 0.422160
vn 0.626184 -0.734396 0.261834
vn 0.078067 0.026749 0.996589
s 1
g man5_clean:eyeMUD_male_GEO man5_clean:group group shoeL
usemtl man5_clean:eyeMUD_shoeF_blinn1SG
f 3486/2847/3840 2871/2848/3841 3485/2849/3842 4560/2850/3843
f 3485/2849/3842 2825/2851/3844 3399/2852/3845 4560/2850/3843
f 3399/2852/3845 2812/2853/3846 3483/2854/3847 4560/2850/3843
f 3483/2854/3847 2870/2855/3848 3486/2847/3840 4560/2850/3843
s 2
f 3824/2856/3849 3028/2857/3850 3409/2858/3851 4561/2859/3852
f 3409/2858/3851 2819/2860/3853 3412/2861/3854 4561/2859/3852
f 3412/2861/3854 2822/2862/3855 3416/2863/3856 4561/2859/3852
f 3416/2863/3856 3045/2864/3857 3824/2856/3849 4561/2859/3852
s 3
f 3826/2865/3858 3047/2866/3859 3827/2867/3860 4562/2868/3861
f 3827/2867/3860 3048/2869/3862 3829/2870/3863 4562/2868/3861
f 3829/2870/3863 3049/2871/3864 3830/2872/3865 4562/2868/3861
f 3830/2872/3865 3046/2873/3866 3826/2865/3858 4562/2868/3861
s 4
f 3802/2874/3867 3032/2875/3868 4036/2876/3869 4563/2877/3870
f 4036/2876/3869 2823/2878/3871 3417/2879/3872 4563/2877/3870
f 3417/2879/3872 2818/2880/3873 4037/2881/3874 4563/2877/3870
f 4037/2881/3874 3031/2882/3875 3802/2874/3867 4563/2877/3870
s 5
usemtl man5_clean:eyeMUD_shoeF_lambert2SG
f 3814/2883/3876 3040/2884/3877 3495/2885/3878 4564/2886/3879
f 3495/2885/3878 2879/2887/3880 3496/2888/3881 4564/2886/3879
f 3496/2888/3881 2878/2889/3882 3494/2890/3883 4564/2886/3879
f 3494/2890/3883 3039/2891/3884 3814/2883/3876 4564/2886/3879
s 6
usemtl man5_clean:eyeMUD_shoeF_blinn1SG
f 3799/2892/3885 3029/2893/3886 3798/2894/3887 4565/2895/3888
f 3798/2894/3887 2877/2896/3889 3492/2897/3890 4565/2895/3888
f 3492/2897/3890 2819/2860/3891 3409/2858/3892 4565/2895/3888
f 3409/2858/3892 3028/2857/3893 3799/2892/3885 4565/2895/3888
f 3484/2898/3894 2870/2855/3895 3483/2854/3896 4566/2899/3897
f 3483/2854/3896 2812/2853/3898 3402/2900/3899 4566/2899/3897
f 3402/2900/3899 2852/2901/3900 3457/2902/3901 4566/2899/3897
f 3457/2902/3901 2869/2903/3902 3484/2898/3894 4566/2899/3897
s 2
f 3399/2852/3903 2825/2851/3904 3422/2904/3905 4567/2905/3906
f 3422/2904/3905 2857/2906/3907 3465/2907/3908 4567/2905/3906
f 3465/2907/3908 2852/2901/3909 3402/2900/3910 4567/2905/3906
f 3402/2900/3910 2812/2853/3911 3399/2852/3903 4567/2905/3906
s 5
usemtl man5_clean:eyeMUD_shoeF_lambert2SG
f 3497/2908/3912 2881/2909/3913 3498/2910/3914 4568/2911/3915
f 3498/2910/3914 2882/2912/3916 3499/2913/3917 4568/2911/3915
f 3499/2913/3917 2883/2914/3918 3500/2915/3919 4568/2911/3915
f 3500/2915/3919 2880/2916/3920 3497/2908/3912 4568/2911/3915
s 4
usemtl man5_clean:eyeMUD_shoeF_blinn1SG
f 3459/2917/3921 2854/2918/3922 3458/2919/3923 4569/2920/3924
f 3458/2919/3923 2824/2921/3925 3398/2922/3926 4569/2920/3924
f 3398/2922/3926 2810/2923/3927 3456/2924/3928 4569/2920/3924
f 3456/2924/3928 2853/2925/3929 3459/2917/3921 4569/2920/3924
s 2
f 3821/2926/3930 3044/2927/3931 4031/2928/3932 4570/2929/3933
f 4031/2928/3932 2946/2930/3934 3631/2931/3935 4570/2929/3933
f 3631/2931/3935 2820/2932/3936 3411/2933/3937 4570/2929/3933
f 3411/2933/3937 3043/2934/3938 3821/2926/3930 4570/2929/3933
s 3
f 3831/2935/3939 3051/2936/3940 3833/2937/3941 4571/2938/3942
f 3833/2937/3941 3052/2939/3943 3835/2940/3944 4571/2938/3942
f 3835/2940/3944 3053/2941/3945 3836/2942/3946 4571/2938/3942
f 3836/2942/3946 3050/2943/3947 3831/2935/3939 4571/2938/3942
s 4
f 3805/2944/3948 3034/2945/3949 4035/2946/3950 4572/2947/3951
f 4035/2946/3950 2821/2948/3952 3414/2949/3953 4572/2947/3951
f 3414/2949/3953 2955/2950/3954 3650/2951/3955 4572/2947/3951
f 3650/2951/3955 3033/2952/3956 3805/2944/3948 4572/2947/3951
f 3645/2953/3957 2953/2954/3958 3644/2955/3959 4573/2956/3960
f 3644/2955/3959 2855/2957/3961 3460/2958/3962 4573/2956/3960
f 3460/2958/3962 2811/2959/3963 3642/2960/3964 4573/2956/3960
f 3642/2960/3964 2952/2961/3965 3645/2953/3957 4573/2956/3960
s 1
f 3639/2962/3966 2950/2963/3967 3638/2964/3968 4574/2965/3969
f 3638/2964/3968 2872/2966/3970 3487/2967/3971 4574/2965/3969
f 3487/2967/3971 2813/2968/3972 3636/2969/3973 4574/2965/3969
f 3636/2969/3973 2949/2970/3974 3639/2962/3966 4574/2965/3969
s 2
f 3464/2971/3975 2948/2972/3976 3637/2973/3977 4575/2974/3978
f 3637/2973/3977 2949/2970/3979 3636/2969/3980 4575/2974/3978
f 3636/2969/3980 2813/2968/3981 3403/2975/3982 4575/2974/3978
f 3403/2975/3982 2856/2976/3983 3464/2971/3975 4575/2974/3978
s 17
f 3839/2977/3984 3054/2978/3985 3840/2979/3986 4576/2980/3987
f 3840/2979/3986 3056/2981/3988 3842/2982/3989 4576/2980/3987
f 3842/2982/3989 3057/2983/3990 3843/2984/3991 4576/2980/3987
f 3843/2984/3991 3055/2985/3992 3839/2977/3984 4576/2980/3987
s 18
f 3845/2986/3993 3059/2987/3994 3847/2988/3995 4577/2989/3996
f 3847/2988/3995 3060/2990/3997 3849/2991/3998 4577/2989/3996
f 3849/2991/3998 3061/2992/3999 3850/2993/4000 4577/2989/3996
f 3850/2993/4000 3058/2994/4001 3845/2986/3993 4577/2989/3996
f 3853/2995/4002 3062/2996/4003 3854/2997/4004 4578/2998/4005
f 3854/2997/4004 3064/2999/4006 3856/3000/4007 4578/2998/4005
f 3856/3000/4007 3065/3001/4008 3857/3002/4009 4578/2998/4005
f 3857/3002/4009 3063/3003/4010 3853/2995/4002 4578/2998/4005
s 20
usemtl man5_clean:eyeMUD_shoeF_lambert2SG
f 3659/3004/4011 2960/3005/4012 3660/3006/4013 4579/3007/4014
f 3660/3006/4013 2962/3008/4015 3661/3009/4016 4579/3007/4014
f 3661/3009/4016 2963/3010/4017 3662/3011/4018 4579/3007/4014
f 3662/3011/4018 2961/3012/4019 3659/3004/4011 4579/3007/4014
s 17
usemtl man5_clean:eyeMUD_shoeF_blinn1SG
f 3860/3013/4020 3066/3014/4021 3862/3015/4022 4580/3016/4023
f 3862/3015/4022 3068/3017/4024 3863/3018/4025 4580/3016/4023
f 3863/3018/4025 3069/3019/4026 3864/3020/4027 4580/3016/4023
f 3864/3020/4027 3067/3021/4028 3860/3013/4020 4580/3016/4023
s 22
f 4498/3022/4029 3367/3023/4030 4500/3024/4031 4581/3025/4032
f 4500/3024/4031 3368/3026/4033 4502/3027/4034 4581/3025/4032
f 4502/3027/4034 3369/3028/4035 4503/3029/4036 4581/3025/4032
f 4503/3029/4036 3366/3030/4037 4498/3022/4029 4581/3025/4032
s 18
f 3870/3031/4038 3073/3032/4039 4094/3033/4040 4582/3034/4041
f 4094/3033/4040 3252/3035/4042 4271/3036/4043 4582/3034/4041
f 4271/3036/4043 3253/3037/4044 4095/3038/4045 4582/3034/4041
f 4095/3038/4045 3072/3039/4046 3870/3031/4038 4582/3034/4041
s 4
f 3651/3040/4047 2835/3041/4048 4092/3042/4049 4583/3043/4050
f 4092/3042/4049 3248/3044/4051 4263/3045/4052 4583/3043/4050
f 4263/3045/4052 3249/3046/4053 4262/3047/4054 4583/3043/4050
f 4262/3047/4054 2956/3048/4055 3651/3040/4047 4583/3043/4050
s 5
usemtl man5_clean:eyeMUD_shoeF_lambert2SG
f 3502/3049/4056 2887/3050/4057 4248/3051/4058 4584/3052/4059
f 4248/3051/4058 3242/3053/4060 4251/3054/4061 4584/3052/4059
f 4251/3054/4061 3243/3055/4062 4250/3056/4063 4584/3052/4059
f 4250/3056/4063 2886/3057/4064 3502/3049/4056 4584/3052/4059
s 2
usemtl man5_clean:eyeMUD_shoeF_blinn1SG
f 3435/3058/4065 2959/3059/4066 4088/3060/4067 4585/3061/4068
f 4088/3060/4067 3238/3062/4069 4243/3063/4070 4585/3061/4068
f 4243/3063/4070 3239/3064/4071 4242/3065/4072 4585/3061/4068
f 4242/3065/4072 2836/3066/4073 3435/3058/4065 4585/3061/4068
s 17
f 3872/3067/4074 3071/3068/4075 4232/3069/4076 4586/3070/4077
f 4232/3069/4076 3234/3071/4078 4235/3072/4079 4586/3070/4077
f 4235/3072/4079 3235/3073/4080 4234/3074/4081 4586/3070/4077
f 4234/3074/4081 3074/3075/4082 3872/3067/4074 4586/3070/4077
s 18
f 3849/2991/3998 3060/2990/3997 3873/3076/4083 4587/3077/4084
f 3873/3076/4083 3073/3032/4039 3870/3031/4038 4587/3077/4084
f 3870/3031/4038 3072/3039/4046 3874/3078/4085 4587/3077/4084
f 3874/3078/4085 3061/2992/3999 3849/2991/3998 4587/3077/4084
s 4
f 3651/3040/4047 2956/3048/4055 3653/3079/4086 4588/3080/4087
f 3653/3079/4086 2957/3081/4088 3652/3082/4089 4588/3080/4087
f 3652/3082/4089 2830/3083/4090 3426/3084/4091 4588/3080/4087
f 3426/3084/4091 2835/3041/4048 3651/3040/4047 4588/3080/4087
s 5
usemtl man5_clean:eyeMUD_shoeF_lambert2SG
f 3502/3049/4056 2886/3057/4064 3503/3085/4092 4589/3086/4093
f 3503/3085/4092 2884/3087/4094 3501/3088/4095 4589/3086/4093
f 3501/3088/4095 2885/3089/4096 3504/3090/4097 4589/3086/4093
f 3504/3090/4097 2887/3050/4057 3502/3049/4056 4589/3086/4093
s 2
usemtl man5_clean:eyeMUD_shoeF_blinn1SG
f 3435/3058/4065 2836/3066/4073 3433/3091/4098 4590/3092/4099
f 3433/3091/4098 2831/3093/4100 3429/3094/4101 4590/3092/4099
f 3429/3094/4101 2958/3095/4102 3656/3096/4103 4590/3092/4099
f 3656/3096/4103 2959/3059/4066 3435/3058/4065 4590/3092/4099
s 17
f 3872/3067/4074 3074/3075/4082 3875/3097/4104 4591/3098/4105
f 3875/3097/4104 3054/2978/3985 3839/2977/3984 4591/3098/4105
f 3839/2977/3984 3055/2985/3992 3876/3099/4106 4591/3098/4105
f 3876/3099/4106 3071/3068/4075 3872/3067/4074 4591/3098/4105
s 18
f 3878/3100/4107 3076/3101/4108 3879/3102/4109 4592/3103/4110
f 3879/3102/4109 3059/2987/3994 3845/2986/3993 4592/3103/4110
f 3845/2986/3993 3058/2994/4001 3880/3104/4111 4592/3103/4110
f 3880/3104/4111 3075/3105/4112 3878/3100/4107 4592/3103/4110
f 3856/3000/4007 3064/2999/4006 3881/3106/4113 4593/3107/4114
f 3881/3106/4113 3077/3108/4115 3883/3109/4116 4593/3107/4114
f 3883/3109/4116 3078/3110/4117 3884/3111/4118 4593/3107/4114
f 3884/3111/4118 3065/3001/4008 3856/3000/4007 4593/3107/4114
s 20
usemtl man5_clean:eyeMUD_shoeF_lambert2SG
f 3661/3009/4016 2962/3008/4015 3663/3112/4119 4594/3113/4120
f 3663/3112/4119 2964/3114/4121 3664/3115/4122 4594/3113/4120
f 3664/3115/4122 2965/3116/4123 3665/3117/4124 4594/3113/4120
f 3665/3117/4124 2963/3010/4017 3661/3009/4016 4594/3113/4120
s 17
usemtl man5_clean:eyeMUD_shoeF_blinn1SG
f 3863/3018/4025 3068/3017/4024 3886/3118/4125 4595/3119/4126
f 3886/3118/4125 3079/3120/4127 3887/3121/4128 4595/3119/4126
f 3887/3121/4128 3080/3122/4129 3888/3123/4130 4595/3119/4126
f 3888/3123/4130 3069/3019/4026 3863/3018/4025 4595/3119/4126
f 3842/2982/3989 3056/2981/3988 3889/3124/4131 4596/3125/4132
f 3889/3124/4131 3081/3126/4133 3891/3127/4134 4596/3125/4132
f 3891/3127/4134 3082/3128/4135 3892/3129/4136 4596/3125/4132
f 3892/3129/4136 3057/2983/3990 3842/2982/3989 4596/3125/4132
s 18
f 3894/3130/4137 3084/3131/4138 3895/3132/4139 4597/3133/4140
f 3895/3132/4139 3076/3101/4108 3878/3100/4107 4597/3133/4140
f 3878/3100/4107 3075/3105/4112 3896/3134/4141 4597/3133/4140
f 3896/3134/4141 3083/3135/4142 3894/3130/4137 4597/3133/4140
f 3883/3109/4116 3077/3108/4115 3897/3136/4143 4598/3137/4144
f 3897/3136/4143 3085/3138/4145 3899/3139/4146 4598/3137/4144
f 3899/3139/4146 3086/3140/4147 3900/3141/4148 4598/3137/4144
f 3900/3141/4148 3078/3110/4117 3883/3109/4116 4598/3137/4144
s 20
usemtl man5_clean:eyeMUD_shoeF_lambert2SG
f 3664/3115/4122 2964/3114/4121 3666/3142/4149 4599/3143/4150
f 3666/3142/4149 2966/3144/4151 3667/3145/4152 4599/3143/4150
f 3667/3145/4152 2967/3146/4153 3668/3147/4154 4599/3143/4150
f 3668/3147/4154 2965/3116/4123 3664/3115/4122 4599/3143/4150
s 17
usemtl man5_clean:eyeMUD_shoeF_blinn1SG
f 3887/3121/4128 3079/3120/4127 3901/3148/4155 4600/3149/4156
f 3901/3148/4155 3052/2939/4157 3833/2937/4158 4600/3149/4156
f 3833/2937/4158 3051/2936/4159 3902/3150/4160 4600/3149/4156
f 3902/3150/4160 3080/3122/4129 3887/3121/4128 4600/3149/4156
f 3891/3127/4134 3081/3126/4133 3903/3151/4161 4601/3152/4162
f 3903/3151/4161 3047/2866/4163 3826/2865/4164 4601/3152/4162
f 3826/2865/4164 3046/2873/4165 3904/3153/4166 4601/3152/4162
f 3904/3153/4166 3082/3128/4135 3891/3127/4134 4601/3152/4162
s 2
f 3446/3154/4167 2846/3155/4168 3444/3156/4169 4602/3157/4170
f 3444/3156/4169 2822/2862/3855 3412/2861/3854 4602/3157/4170
f 3412/2861/3854 2819/2860/3853 3445/3158/4171 4602/3157/4170
f 3445/3158/4171 2847/3159/4172 3446/3154/4167 4602/3157/4170
s 6
f 3493/3160/4173 2868/3161/4174 3448/3162/4175 4603/3163/4176
f 3448/3162/4175 2847/3159/4177 3445/3158/4178 4603/3163/4176
f 3445/3158/4178 2819/2860/3891 3492/2897/3890 4603/3163/4176
f 3492/2897/3890 2877/2896/3889 3493/3160/4173 4603/3163/4176
s 4
f 3417/2879/3872 2823/2878/3871 3419/3164/4179 4604/3165/4180
f 3419/3164/4179 2849/3166/4181 3450/3167/4182 4604/3165/4180
f 3450/3167/4182 2848/3168/4183 3408/3169/4184 4604/3165/4180
f 3408/3169/4184 2818/2880/3873 3417/2879/3872 4604/3165/4180
f 3646/3170/4185 2954/3171/4186 3649/3172/4187 4605/3173/4188
f 3649/3172/4187 2955/2950/3954 3414/2949/3953 4605/3173/4188
f 3414/2949/3953 2821/2948/3952 3413/3174/4189 4605/3173/4188
f 3413/3174/4189 2850/3175/4190 3646/3170/4185 4605/3173/4188
s 5
usemtl man5_clean:eyeMUD_shoeF_lambert2SG
f 3505/3176/4191 2888/3177/4192 3506/3178/4193 4606/3179/4194
f 3506/3178/4193 2878/2889/3882 3496/2888/3881 4606/3179/4194
f 3496/2888/3881 2879/2887/3880 3507/3180/4195 4606/3179/4194
f 3507/3180/4195 2889/3181/4196 3505/3176/4191 4606/3179/4194
s 2
usemtl man5_clean:eyeMUD_shoeF_blinn1SG
f 3633/3182/4197 2947/3183/4198 3454/3184/4199 4607/3185/4200
f 3454/3184/4199 2851/3186/4201 3453/3187/4202 4607/3185/4200
f 3453/3187/4202 2820/2932/3936 3631/2931/3935 4607/3185/4200
f 3631/2931/3935 2946/2930/3934 3633/3182/4197 4607/3185/4200
s 6
f 3482/3188/4203 2869/2903/3902 3457/2902/3901 4608/3189/4204
f 3457/2902/3901 2852/2901/3900 3455/3190/4205 4608/3189/4204
f 3455/3190/4205 2847/3159/4177 3448/3162/4175 4608/3189/4204
f 3448/3162/4175 2868/3161/4174 3482/3188/4203 4608/3189/4204
s 4
f 3450/3167/4182 2849/3166/4181 3449/3191/4206 4609/3192/4207
f 3449/3191/4206 2854/2918/3922 3459/2917/3921 4609/3192/4207
f 3459/2917/3921 2853/2925/3929 3447/3193/4208 4609/3192/4207
f 3447/3193/4208 2848/3168/4183 3450/3167/4182 4609/3192/4207
f 3644/2955/3959 2953/2954/3958 3647/3194/4209 4610/3195/4210
f 3647/3194/4209 2954/3171/4186 3646/3170/4185 4610/3195/4210
f 3646/3170/4185 2850/3175/4190 3451/3196/4211 4610/3195/4210
f 3451/3196/4211 2855/2957/3961 3644/2955/3959 4610/3195/4210
s 5
usemtl man5_clean:eyeMUD_shoeF_lambert2SG
f 3498/2910/3914 2881/2909/3913 3508/3197/4212 4611/3198/4213
f 3508/3197/4212 2888/3177/4192 3505/3176/4191 4611/3198/4213
f 3505/3176/4191 2889/3181/4196 3509/3199/4214 4611/3198/4213
f 3509/3199/4214 2882/2912/3916 3498/2910/3914 4611/3198/4213
s 2
usemtl man5_clean:eyeMUD_shoeF_blinn1SG
f 3454/3184/4199 2947/3183/4198 3635/3200/4215 4612/3201/4216
f 3635/3200/4215 2948/2972/3976 3464/2971/3975 4612/3201/4216
f 3464/2971/3975 2856/2976/3983 3462/3202/4217 4612/3201/4216
f 3462/3202/4217 2851/3186/4201 3454/3184/4199 4612/3201/4216
f 3465/2907/3908 2857/2906/3907 3463/3203/4218 4613/3204/4219
f 3463/3203/4218 2846/3155/4168 3446/3154/4167 4613/3204/4219
f 3446/3154/4167 2847/3159/4172 3455/3190/4220 4613/3204/4219
f 3455/3190/4220 2852/2901/3909 3465/2907/3908 4613/3204/4219
s 6
f 3456/2924/4221 2810/2923/4222 3400/3205/4223 4614/3206/4224
f 3400/3205/4223 2859/3207/4225 3468/3208/4226 4614/3206/4224
f 3468/3208/4226 2858/3209/4227 3466/3210/4228 4614/3206/4224
f 3466/3210/4228 2853/2925/4229 3456/2924/4221 4614/3206/4224
s 1
f 3398/2922/4230 2824/2921/4231 3421/3211/4232 4615/3212/4233
f 3421/3211/4232 2860/3213/4234 3470/3214/4235 4615/3212/4233
f 3470/3214/4235 2859/3207/4236 3400/3205/4237 4615/3212/4233
f 3400/3205/4237 2810/2923/4238 3398/2922/4230 4615/3212/4233
f 3640/3215/4239 2951/3216/4240 3643/3217/4241 4616/3218/4242
f 3643/3217/4241 2952/2961/4243 3642/2960/4244 4616/3218/4242
f 3642/2960/4244 2811/2959/4245 3401/3219/4246 4616/3218/4242
f 3401/3219/4246 2861/3220/4247 3640/3215/4239 4616/3218/4242
s 5
usemtl man5_clean:eyeMUD_shoeF_lambert2SG
f 3510/3221/4248 2890/3222/4249 3511/3223/4250 4617/3224/4251
f 3511/3223/4250 2892/3225/4252 3512/3226/4253 4617/3224/4251
f 3512/3226/4253 2893/3227/4254 3513/3228/4255 4617/3224/4251
f 3513/3228/4255 2891/3229/4256 3510/3221/4248 4617/3224/4251
f 3514/3230/4257 2892/3225/4252 3511/3223/4250 4618/3231/4258
f 3511/3223/4250 2890/3222/4249 3515/3232/4259 4618/3231/4258
f 3515/3232/4259 2895/3233/4260 3516/3234/4261 4618/3231/4258
f 3516/3234/4261 2894/3235/4262 3514/3230/4257 4618/3231/4258
f 3517/3236/4263 2894/3235/4262 3516/3234/4261 4619/3237/4264
f 3516/3234/4261 2895/3233/4260 3518/3238/4265 4619/3237/4264
f 3518/3238/4265 2897/3239/4266 3519/3240/4267 4619/3237/4264
f 3519/3240/4267 2896/3241/4268 3517/3236/4263 4619/3237/4264
f 3810/3242/4269 3038/3243/4270 3520/3244/4271 4620/3245/4272
f 3520/3244/4271 2896/3241/4268 3519/3240/4267 4620/3245/4272
f 3519/3240/4267 2897/3239/4266 4032/3246/4273 4620/3245/4272
f 4032/3246/4273 3037/3247/4274 3810/3242/4269 4620/3245/4272
f 3521/3248/4275 2898/3249/4276 4252/3250/4277 4621/3251/4278
f 4252/3250/4277 3244/3252/4279 4255/3253/4280 4621/3251/4278
f 4255/3253/4280 3245/3254/4281 4089/3255/4282 4621/3251/4278
f 4089/3255/4282 2899/3256/4283 3521/3248/4275 4621/3251/4278
f 3522/3257/4284 2898/3249/4276 3521/3248/4275 4622/3258/4285
f 3521/3248/4275 2899/3256/4283 3523/3259/4286 4622/3258/4285
f 3523/3259/4286 2901/3260/4287 3524/3261/4288 4622/3258/4285
f 3524/3261/4288 2900/3262/4289 3522/3257/4284 4622/3258/4285
s 20
f 3670/3263/4290 2968/3264/4291 3672/3265/4292 4623/3266/4293
f 3672/3265/4292 2970/3267/4294 3673/3268/4295 4623/3266/4293
f 3673/3268/4295 2971/3269/4296 3674/3270/4297 4623/3266/4293
f 3674/3270/4297 2969/3271/4298 3670/3263/4290 4623/3266/4293
f 3675/3272/4299 2969/3271/4298 3674/3270/4297 4624/3273/4300
f 3674/3270/4297 2971/3269/4296 3676/3274/4301 4624/3273/4300
f 3676/3274/4301 2973/3275/4302 3677/3276/4303 4624/3273/4300
f 3677/3276/4303 2972/3277/4304 3675/3272/4299 4624/3273/4300
f 3678/3278/4305 2972/3277/4304 3677/3276/4303 4625/3279/4306
f 3677/3276/4303 2973/3275/4302 3679/3280/4307 4625/3279/4306
f 3679/3280/4307 2975/3281/4308 3680/3282/4309 4625/3279/4306
f 3680/3282/4309 2974/3283/4310 3678/3278/4305 4625/3279/4306
s 3
usemtl man5_clean:eyeMUD_shoeF_blinn1SG
f 3905/3284/4311 3087/3285/4312 3907/3286/4313 4626/3287/4314
f 3907/3286/4313 3088/3288/4315 3908/3289/4316 4626/3287/4314
f 3908/3289/4316 3086/3140/4317 3899/3139/4318 4626/3287/4314
f 3899/3139/4318 3085/3138/4319 3905/3284/4311 4626/3287/4314
f 3910/3290/4320 3089/3291/4321 3911/3292/4322 4627/3293/4323
f 3911/3292/4322 3084/3131/4324 3894/3130/4325 4627/3293/4323
f 3894/3130/4325 3083/3135/4326 3912/3294/4327 4627/3293/4323
f 3912/3294/4327 3090/3295/4328 3910/3290/4320 4627/3293/4323
s 44
f 3914/3296/4329 3072/3039/4330 4095/3038/4331 4628/3297/4332
f 4095/3038/4331 3253/3037/4333 4273/3298/4334 4628/3297/4332
f 4273/3298/4334 3254/3299/4335 4096/3300/4336 4628/3297/4332
f 4096/3300/4336 3091/3301/4337 3914/3296/4329 4628/3297/4332
s 6
f 3801/3302/4338 3031/2882/4339 4037/2881/4340 4629/3303/4341
f 4037/2881/4340 2818/2880/4342 3410/3304/4343 4629/3303/4341
f 3410/3304/4343 2866/3305/4344 4038/3306/4345 4629/3303/4341
f 4038/3306/4345 3030/3307/4346 3801/3302/4338 4629/3303/4341
f 3408/3169/4347 2848/3168/4348 3477/3308/4349 4630/3309/4350
f 3477/3308/4349 2867/3310/4351 3478/3311/4352 4630/3309/4350
f 3478/3311/4352 2866/3305/4344 3410/3304/4343 4630/3309/4350
f 3410/3304/4343 2818/2880/4342 3408/3169/4347 4630/3309/4350
f 3447/3193/4353 2853/2925/4229 3466/3210/4228 4631/3312/4354
f 3466/3210/4228 2858/3209/4227 3479/3313/4355 4631/3312/4354
f 3479/3313/4355 2867/3310/4351 3477/3308/4349 4631/3312/4354
f 3477/3308/4349 2848/3168/4348 3447/3193/4353 4631/3312/4354
f 3479/3313/4355 2858/3209/4227 3481/3314/4356 4632/3315/4357
f 3481/3314/4356 2869/2903/3902 3482/3188/4203 4632/3315/4357
f 3482/3188/4203 2868/3161/4174 3480/3316/4358 4632/3315/4357
f 3480/3316/4358 2867/3310/4351 3479/3313/4355 4632/3315/4357
f 3468/3208/4226 2859/3207/4225 3467/3317/4359 4633/3318/4360
f 3467/3317/4359 2870/2855/3895 3484/2898/3894 4633/3318/4360
f 3484/2898/3894 2869/2903/3902 3481/3314/4356 4633/3318/4360
f 3481/3314/4356 2858/3209/4227 3468/3208/4226 4633/3318/4360
s 1
f 3470/3214/4235 2860/3213/4234 3469/3319/4361 4634/3320/4362
f 3469/3319/4361 2871/2848/3841 3486/2847/3840 4634/3320/4362
f 3486/2847/3840 2870/2855/3848 3467/3317/4363 4634/3320/4362
f 3467/3317/4363 2859/3207/4236 3470/3214/4235 4634/3320/4362
f 3638/2964/3968 2950/2963/3967 3641/3321/4364 4635/3322/4365
f 3641/3321/4364 2951/3216/4240 3640/3215/4239 4635/3322/4365
f 3640/3215/4239 2861/3220/4247 3471/3323/4366 4635/3322/4365
f 3471/3323/4366 2872/2966/3970 3638/2964/3968 4635/3322/4365
s 5
usemtl man5_clean:eyeMUD_shoeF_lambert2SG
f 3512/3226/4253 2892/3225/4252 3525/3324/4367 4636/3325/4368
f 3525/3324/4367 2881/2909/3913 3497/2908/3912 4636/3325/4368
f 3497/2908/3912 2880/2916/3920 3526/3326/4369 4636/3325/4368
f 3526/3326/4369 2893/3227/4254 3512/3226/4253 4636/3325/4368
f 3508/3197/4212 2881/2909/3913 3525/3324/4367 4637/3327/4370
f 3525/3324/4367 2892/3225/4252 3514/3230/4257 4637/3327/4370
f 3514/3230/4257 2894/3235/4262 3527/3328/4371 4637/3327/4370
f 3527/3328/4371 2888/3177/4192 3508/3197/4212 4637/3327/4370
f 3506/3178/4193 2888/3177/4192 3527/3328/4371 4638/3329/4372
f 3527/3328/4371 2894/3235/4262 3517/3236/4263 4638/3329/4372
f 3517/3236/4263 2896/3241/4268 3528/3330/4373 4638/3329/4372
f 3528/3330/4373 2878/2889/3882 3506/3178/4193 4638/3329/4372
f 3812/3331/4374 3039/2891/3884 3494/2890/3883 4639/3332/4375
f 3494/2890/3883 2878/2889/3882 3528/3330/4373 4639/3332/4375
f 3528/3330/4373 2896/3241/4268 3520/3244/4271 4639/3332/4375
f 3520/3244/4271 3038/3243/4270 3812/3331/4374 4639/3332/4375
f 3529/3333/4376 2886/3057/4064 4250/3056/4063 4640/3334/4377
f 4250/3056/4063 3243/3055/4062 4253/3335/4378 4640/3334/4377
f 4253/3335/4378 3244/3252/4279 4252/3250/4277 4640/3334/4377
f 4252/3250/4277 2898/3249/4276 3529/3333/4376 4640/3334/4377
f 3503/3085/4092 2886/3057/4064 3529/3333/4376 4641/3336/4379
f 3529/3333/4376 2898/3249/4276 3522/3257/4284 4641/3336/4379
f 3522/3257/4284 2900/3262/4289 3530/3337/4380 4641/3336/4379
f 3530/3337/4380 2884/3087/4094 3503/3085/4092 4641/3336/4379
s 20
f 3660/3006/4013 2960/3005/4012 3681/3338/4381 4642/3339/4382
f 3681/3338/4381 2968/3264/4291 3670/3263/4290 4642/3339/4382
f 3670/3263/4290 2969/3271/4298 3682/3340/4383 4642/3339/4382
f 3682/3340/4383 2962/3008/4015 3660/3006/4013 4642/3339/4382
f 3663/3112/4119 2962/3008/4015 3682/3340/4383 4643/3341/4384
f 3682/3340/4383 2969/3271/4298 3675/3272/4299 4643/3341/4384
f 3675/3272/4299 2972/3277/4304 3683/3342/4385 4643/3341/4384
f 3683/3342/4385 2964/3114/4121 3663/3112/4119 4643/3341/4384
f 3666/3142/4149 2964/3114/4121 3683/3342/4385 4644/3343/4386
f 3683/3342/4385 2972/3277/4304 3678/3278/4305 4644/3343/4386
f 3678/3278/4305 2974/3283/4310 3684/3344/4387 4644/3343/4386
f 3684/3344/4387 2966/3144/4151 3666/3142/4149 4644/3343/4386
s 3
usemtl man5_clean:eyeMUD_shoeF_blinn1SG
f 3915/3345/4388 3050/2943/3947 3836/2942/3946 4645/3346/4389
f 3836/2942/3946 3053/2941/3945 3916/3347/4390 4645/3346/4389
f 3916/3347/4390 3088/3288/4315 3907/3286/4313 4645/3346/4389
f 3907/3286/4313 3087/3285/4312 3915/3345/4388 4645/3346/4389
f 3829/2870/3863 3048/2869/3862 3917/3348/4391 4646/3349/4392
f 3917/3348/4391 3089/3291/4321 3910/3290/4320 4646/3349/4392
f 3910/3290/4320 3090/3295/4328 3918/3350/4393 4646/3349/4392
f 3918/3350/4393 3049/2871/3864 3829/2870/3863 4646/3349/4392
s 6
f 3798/2894/3887 3029/2893/3886 3800/3351/4394 4647/3352/4395
f 3800/3351/4394 3030/3307/4346 4038/3306/4345 4647/3352/4395
f 4038/3306/4345 2866/3305/4344 3476/3353/4396 4647/3352/4395
f 3476/3353/4396 2877/2896/3889 3798/2894/3887 4647/3352/4395
f 3478/3311/4352 2867/3310/4351 3480/3316/4358 4648/3354/4397
f 3480/3316/4358 2868/3161/4174 3493/3160/4173 4648/3354/4397
f 3493/3160/4173 2877/2896/3889 3476/3353/4396 4648/3354/4397
f 3476/3353/4396 2866/3305/4344 3478/3311/4352 4648/3354/4397
s 47
usemtl man5_clean:eyeMUD_shoeF_lambert2SG
f 3818/3355/4398 3042/3356/4399 3532/3357/4400 4649/3358/4401
f 3532/3357/4400 2902/3359/4402 3534/3360/4403 4649/3358/4401
f 3534/3360/4403 2903/3361/4404 3535/3362/4405 4649/3358/4401
f 3535/3362/4405 3041/3363/4406 3818/3355/4398 4649/3358/4401
f 3538/3364/4407 2904/3365/4408 3540/3366/4409 4650/3367/4410
f 3540/3366/4409 2906/3368/4411 3542/3369/4412 4650/3367/4410
f 3542/3369/4412 2907/3370/4413 3543/3371/4414 4650/3367/4410
f 3543/3371/4414 2905/3372/4415 3538/3364/4407 4650/3367/4410
s 49
f 3545/3373/4416 2908/3374/4417 3547/3375/4418 4651/3376/4419
f 3547/3375/4418 2909/3377/4420 3548/3378/4421 4651/3376/4419
f 3548/3378/4421 2906/3368/4422 3540/3366/4423 4651/3376/4419
f 3540/3366/4423 2904/3365/4424 3545/3373/4416 4651/3376/4419
s 47
f 3551/3379/4425 2910/3380/4426 3553/3381/4427 4652/3382/4428
f 3553/3381/4427 2912/3383/4429 3554/3384/4430 4652/3382/4428
f 3554/3384/4430 2913/3385/4431 3555/3386/4432 4652/3382/4428
f 3555/3386/4432 2911/3387/4433 3551/3379/4425 4652/3382/4428
f 3558/3388/4434 2914/3389/4435 4244/3390/4436 4653/3391/4437
f 4244/3390/4436 3240/3392/4438 4247/3393/4439 4653/3391/4437
f 4247/3393/4439 3241/3394/4440 4246/3395/4441 4653/3391/4437
f 4246/3395/4441 2915/3396/4442 3558/3388/4434 4653/3391/4437
f 3559/3397/4443 2914/3389/4435 3558/3388/4434 4654/3398/4444
f 3558/3388/4434 2915/3396/4442 3560/3399/4445 4654/3398/4444
f 3560/3399/4445 2912/3383/4429 3553/3381/4427 4654/3398/4444
f 3553/3381/4427 2910/3380/4426 3559/3397/4443 4654/3398/4444
f 3562/3400/4446 2911/3387/4433 3555/3386/4432 4655/3401/4447
f 3555/3386/4432 2913/3385/4431 3563/3402/4448 4655/3401/4447
f 3563/3402/4448 2917/3403/4449 3564/3404/4450 4655/3401/4447
f 3564/3404/4450 2916/3405/4451 3562/3400/4446 4655/3401/4447
f 3567/3406/4452 2918/3407/4453 3568/3408/4454 4656/3409/4455
f 3568/3408/4454 2920/3410/4456 3569/3411/4457 4656/3409/4455
f 3569/3411/4457 2921/3412/4458 3570/3413/4459 4656/3409/4455
f 3570/3413/4459 2919/3414/4460 3567/3406/4452 4656/3409/4455
f 3571/3415/4461 2916/3405/4462 3564/3404/4463 4657/3416/4464
f 3564/3404/4463 2917/3403/4449 3572/3417/4465 4657/3416/4464
f 3572/3417/4465 2920/3410/4456 3568/3408/4454 4657/3416/4464
f 3568/3408/4454 2918/3407/4453 3571/3415/4461 4657/3416/4464
f 3574/3418/4466 2922/3419/4467 3576/3420/4468 4658/3421/4469
f 3576/3420/4468 2923/3422/4470 3577/3423/4471 4658/3421/4469
f 3577/3423/4471 2903/3361/4404 3534/3360/4403 4658/3421/4469
f 3534/3360/4403 2902/3359/4402 3574/3418/4466 4658/3421/4469
f 3578/3424/4472 2905/3372/4415 3543/3371/4414 4659/3425/4473
f 3543/3371/4414 2907/3370/4413 3579/3426/4474 4659/3425/4473
f 3579/3426/4474 2923/3422/4470 3576/3420/4468 4659/3425/4473
f 3576/3420/4468 2922/3419/4467 3578/3424/4472 4659/3425/4473
s 55
f 3582/3427/4475 2924/3428/4476 3584/3429/4477 4660/3430/4478
f 3584/3429/4477 2926/3431/4479 3586/3432/4480 4660/3430/4478
f 3586/3432/4480 2927/3433/4481 3587/3434/4482 4660/3430/4478
f 3587/3434/4482 2925/3435/4483 3582/3427/4475 4660/3430/4478
s 49
f 3589/3436/4484 2925/3435/4485 3587/3434/4486 4661/3437/4487
f 3587/3434/4486 2927/3433/4488 3591/3438/4489 4661/3437/4487
f 3591/3438/4489 2929/3439/4490 3592/3440/4491 4661/3437/4487
f 3592/3440/4491 2928/3441/4492 3589/3436/4484 4661/3437/4487
s 55
f 3594/3442/4493 2930/3443/4494 3596/3444/4495 4662/3445/4496
f 3596/3444/4495 2931/3446/4497 3597/3447/4498 4662/3445/4496
f 3597/3447/4498 2926/3431/4479 3584/3429/4477 4662/3445/4496
f 3584/3429/4477 2924/3428/4476 3594/3442/4493 4662/3445/4496
f 3599/3448/4499 2932/3449/4500 3601/3450/4501 4663/3451/4502
f 3601/3450/4501 2933/3452/4503 3602/3453/4504 4663/3451/4502
f 3602/3453/4504 2931/3446/4497 3596/3444/4495 4663/3451/4502
f 3596/3444/4495 2930/3443/4494 3599/3448/4499 4663/3451/4502
f 3807/3454/4505 3036/3455/4506 4033/3456/4507 4664/3457/4508
f 4033/3456/4507 2933/3452/4503 3601/3450/4501 4664/3457/4508
f 3601/3450/4501 2932/3449/4500 4034/3458/4509 4664/3457/4508
f 4034/3458/4509 3035/3459/4510 3807/3454/4505 4664/3457/4508
f 3605/3460/4511 2935/3461/4512 4090/3462/4513 4665/3463/4514
f 4090/3462/4513 3246/3464/4515 4259/3465/4516 4665/3463/4514
f 4259/3465/4516 3247/3466/4517 4091/3467/4518 4665/3463/4514
f 4091/3467/4518 2934/3468/4519 3605/3460/4511 4665/3463/4514
f 3607/3469/4520 2936/3470/4521 3609/3471/4522 4666/3472/4523
f 3609/3471/4522 2937/3473/4524 3610/3474/4525 4666/3472/4523
f 3610/3474/4525 2935/3461/4512 3605/3460/4511 4666/3472/4523
f 3605/3460/4511 2934/3468/4519 3607/3469/4520 4666/3472/4523
f 3612/3475/4526 2938/3476/4527 3613/3477/4528 4667/3478/4529
f 3613/3477/4528 2939/3479/4530 3614/3480/4531 4667/3478/4529
f 3614/3480/4531 2937/3473/4524 3609/3471/4522 4667/3478/4529
f 3609/3471/4522 2936/3470/4521 3612/3475/4526 4667/3478/4529
f 3616/3481/4532 2940/3482/4533 3617/3483/4534 4668/3484/4535
f 3617/3483/4534 2941/3485/4536 3618/3486/4537 4668/3484/4535
f 3618/3486/4537 2939/3479/4530 3613/3477/4528 4668/3484/4535
f 3613/3477/4528 2938/3476/4527 3616/3481/4532 4668/3484/4535
f 3620/3487/4538 2942/3488/4539 3621/3489/4540 4669/3490/4541
f 3621/3489/4540 2943/3491/4542 3622/3492/4543 4669/3490/4541
f 3622/3492/4543 2941/3485/4536 3617/3483/4534 4669/3490/4541
f 3617/3483/4534 2940/3482/4533 3620/3487/4538 4669/3490/4541
s 65
f 3624/3493/4544 2944/3494/4545 3625/3495/4546 4670/3496/4547
f 3625/3495/4546 2945/3497/4548 3626/3498/4549 4670/3496/4547
f 3626/3498/4549 2943/3491/4550 3621/3489/4551 4670/3496/4547
f 3621/3489/4551 2942/3488/4552 3624/3493/4544 4670/3496/4547
s 49
f 3627/3499/4553 2928/3441/4492 3592/3440/4491 4671/3500/4554
f 3592/3440/4491 2929/3439/4490 3628/3501/4555 4671/3500/4554
f 3628/3501/4555 2909/3377/4420 3547/3375/4418 4671/3500/4554
f 3547/3375/4418 2908/3374/4417 3627/3499/4553 4671/3500/4554
s 65
f 3629/3502/4556 2919/3414/4557 3570/3413/4558 4672/3503/4559
f 3570/3413/4558 2921/3412/4560 3630/3504/4561 4672/3503/4559
f 3630/3504/4561 2945/3497/4548 3625/3495/4546 4672/3503/4559
f 3625/3495/4546 2944/3494/4545 3629/3502/4556 4672/3503/4559
s 67
f 3820/3505/4562 3043/2934/4563 3411/2933/4564 4673/3506/4565
f 3411/2933/4564 2820/2932/4566 3531/3507/4567 4673/3506/4565
f 3531/3507/4567 2902/3359/4568 3532/3357/4569 4673/3506/4565
f 3532/3357/4569 3042/3356/4570 3820/3505/4562 4673/3506/4565
s 5
f 3816/3508/4571 3041/3363/4572 3535/3362/4573 4674/3509/4574
f 3535/3362/4573 2903/3361/4575 3533/3510/4576 4674/3509/4574
f 3533/3510/4576 2879/2887/3880 3495/2885/3878 4674/3509/4574
f 3495/2885/3878 3040/2884/3877 3816/3508/4571 4674/3509/4574
s 67
f 3403/2975/4577 2813/2968/4578 3536/3511/4579 4675/3512/4580
f 3536/3511/4579 2904/3365/4581 3538/3364/4582 4675/3512/4580
f 3538/3364/4582 2905/3372/4583 3537/3513/4584 4675/3512/4580
f 3537/3513/4584 2856/2976/4585 3403/2975/4577 4675/3512/4580
s 5
f 3499/2913/3917 2882/2912/3916 3541/3514/4586 4676/3515/4587
f 3541/3514/4586 2907/3370/4588 3542/3369/4589 4676/3515/4587
f 3542/3369/4589 2906/3368/4590 3539/3516/4591 4676/3515/4587
f 3539/3516/4591 2883/2914/3918 3499/2913/3917 4676/3515/4587
s 67
f 3487/2967/4592 2872/2966/4593 3544/3517/4594 4677/3518/4595
f 3544/3517/4594 2908/3374/4596 3545/3373/4597 4677/3518/4595
f 3545/3373/4597 2904/3365/4581 3536/3511/4579 4677/3518/4595
f 3536/3511/4579 2813/2968/4578 3487/2967/4592 4677/3518/4595
s 5
f 3500/2915/3919 2883/2914/3918 3539/3516/4591 4678/3519/4598
f 3539/3516/4591 2906/3368/4590 3548/3378/4599 4678/3519/4598
f 3548/3378/4599 2909/3377/4600 3546/3520/4601 4678/3519/4598
f 3546/3520/4601 2880/2916/3920 3500/2915/3919 4678/3519/4598
s 67
f 3428/3521/4602 2831/3093/4603 3549/3522/4604 4679/3523/4605
f 3549/3522/4604 2910/3380/4606 3551/3379/4607 4679/3523/4605
f 3551/3379/4607 2911/3387/4608 3550/3524/4609 4679/3523/4605
f 3550/3524/4609 2841/3525/4610 3428/3521/4602 4679/3523/4605
s 20
f 3662/3011/4018 2963/3010/4017 3686/3526/4611 4680/3527/4612
f 3686/3526/4611 2976/3528/4613 3688/3529/4614 4680/3527/4612
f 3688/3529/4614 2977/3530/4615 3689/3531/4616 4680/3527/4612
f 3689/3531/4616 2961/3012/4019 3662/3011/4018 4680/3527/4612
s 67
f 3556/3532/4617 2836/3066/4618 4242/3065/4619 4681/3533/4620
f 4242/3065/4619 3239/3064/4621 4245/3534/4622 4681/3533/4620
f 4245/3534/4622 3240/3392/4623 4244/3390/4624 4681/3533/4620
f 4244/3390/4624 2914/3389/4625 3556/3532/4617 4681/3533/4620
s 5
f 3557/3535/4626 2915/3396/4627 4246/3395/4628 4682/3536/4629
f 4246/3395/4628 3241/3394/4630 4249/3537/4631 4682/3536/4629
f 4249/3537/4631 3242/3053/4060 4248/3051/4058 4682/3536/4629
f 4248/3051/4058 2887/3050/4057 3557/3535/4626 4682/3536/4629
s 67
f 3433/3091/4632 2836/3066/4618 3556/3532/4617 4683/3538/4633
f 3556/3532/4617 2914/3389/4625 3559/3397/4634 4683/3538/4633
f 3559/3397/4634 2910/3380/4606 3549/3522/4604 4683/3538/4633
f 3549/3522/4604 2831/3093/4603 3433/3091/4632 4683/3538/4633
s 5
f 3504/3090/4097 2885/3089/4096 3552/3539/4635 4684/3540/4636
f 3552/3539/4635 2912/3383/4637 3560/3399/4638 4684/3540/4636
f 3560/3399/4638 2915/3396/4627 3557/3535/4626 4684/3540/4636
f 3557/3535/4626 2887/3050/4057 3504/3090/4097 4684/3540/4636
s 67
f 3439/3541/4639 2841/3525/4610 3550/3524/4609 4685/3542/4640
f 3550/3524/4609 2911/3387/4608 3562/3400/4641 4685/3542/4640
f 3562/3400/4641 2916/3405/4642 3561/3543/4643 4685/3542/4640
f 3561/3543/4643 2845/3544/4644 3439/3541/4639 4685/3542/4640
s 20
f 3665/3117/4124 2965/3116/4123 3691/3545/4645 4686/3546/4646
f 3691/3545/4645 2978/3547/4647 3692/3548/4648 4686/3546/4646
f 3692/3548/4648 2976/3528/4613 3686/3526/4611 4686/3546/4646
f 3686/3526/4611 2963/3010/4017 3665/3117/4124 4686/3546/4646
s 67
f 3405/3549/4649 2815/3550/4650 3565/3551/4651 4687/3552/4652
f 3565/3551/4651 2918/3407/4653 3567/3406/4654 4687/3552/4652
f 3567/3406/4654 2919/3414/4655 3566/3553/4656 4687/3552/4652
f 3566/3553/4656 2873/3554/4657 3405/3549/4649 4687/3552/4652
s 20
f 3667/3145/4152 2966/3144/4151 3694/3555/4658 4688/3556/4659
f 3694/3555/4658 2979/3557/4660 3696/3558/4661 4688/3556/4659
f 3696/3558/4661 2980/3559/4662 3697/3560/4663 4688/3556/4659
f 3697/3560/4663 2967/3146/4153 3667/3145/4152 4688/3556/4659
s 67
f 3443/3561/4664 2845/3544/4644 3561/3543/4643 4689/3562/4665
f 3561/3543/4643 2916/3405/4642 3571/3415/4666 4689/3562/4665
f 3571/3415/4666 2918/3407/4653 3565/3551/4651 4689/3562/4665
f 3565/3551/4651 2815/3550/4650 3443/3561/4664 4689/3562/4665
s 20
f 3668/3147/4154 2967/3146/4153 3697/3560/4663 4690/3563/4667
f 3697/3560/4663 2980/3559/4662 3698/3564/4668 4690/3563/4667
f 3698/3564/4668 2978/3547/4647 3691/3545/4645 4690/3563/4667
f 3691/3545/4645 2965/3116/4123 3668/3147/4154 4690/3563/4667
s 67
f 3453/3187/4669 2851/3186/4670 3573/3565/4671 4691/3566/4672
f 3573/3565/4671 2922/3419/4673 3574/3418/4674 4691/3566/4672
f 3574/3418/4674 2902/3359/4568 3531/3507/4567 4691/3566/4672
f 3531/3507/4567 2820/2932/4566 3453/3187/4669 4691/3566/4672
s 5
f 3507/3180/4195 2879/2887/3880 3533/3510/4576 4692/3567/4675
f 3533/3510/4576 2903/3361/4575 3577/3423/4676 4692/3567/4675
f 3577/3423/4676 2923/3422/4677 3575/3568/4678 4692/3567/4675
f 3575/3568/4678 2889/3181/4196 3507/3180/4195 4692/3567/4675
s 67
f 3462/3202/4679 2856/2976/4585 3537/3513/4584 4693/3569/4680
f 3537/3513/4584 2905/3372/4583 3578/3424/4681 4693/3569/4680
f 3578/3424/4681 2922/3419/4673 3573/3565/4671 4693/3569/4680
f 3573/3565/4671 2851/3186/4670 3462/3202/4679 4693/3569/4680
s 5
f 3509/3199/4214 2889/3181/4196 3575/3568/4678 4694/3570/4682
f 3575/3568/4678 2923/3422/4677 3579/3426/4683 4694/3570/4682
f 3579/3426/4683 2907/3370/4588 3541/3514/4586 4694/3570/4682
f 3541/3514/4586 2882/2912/3916 3509/3199/4214 4694/3570/4682
s 67
f 3460/2958/4684 2855/2957/4685 3580/3571/4686 4695/3572/4687
f 3580/3571/4686 2924/3428/4688 3582/3427/4689 4695/3572/4687
f 3582/3427/4689 2925/3435/4690 3581/3573/4691 4695/3572/4687
f 3581/3573/4691 2811/2959/4692 3460/2958/4684 4695/3572/4687
s 5
f 3510/3221/4248 2891/3229/4256 3585/3574/4693 4696/3575/4694
f 3585/3574/4693 2927/3433/4695 3586/3432/4696 4696/3575/4694
f 3586/3432/4696 2926/3431/4697 3583/3576/4698 4696/3575/4694
f 3583/3576/4698 2890/3222/4249 3510/3221/4248 4696/3575/4694
s 67
f 3401/3219/4699 2811/2959/4692 3581/3573/4691 4697/3577/4700
f 3581/3573/4691 2925/3435/4690 3589/3436/4701 4697/3577/4700
f 3589/3436/4701 2928/3441/4702 3588/3578/4703 4697/3577/4700
f 3588/3578/4703 2861/3220/4704 3401/3219/4699 4697/3577/4700
s 5
f 3513/3228/4255 2893/3227/4254 3590/3579/4705 4698/3580/4706
f 3590/3579/4705 2929/3439/4707 3591/3438/4708 4698/3580/4706
f 3591/3438/4708 2927/3433/4695 3585/3574/4693 4698/3580/4706
f 3585/3574/4693 2891/3229/4256 3513/3228/4255 4698/3580/4706
s 67
f 3451/3196/4709 2850/3175/4710 3593/3581/4711 4699/3582/4712
f 3593/3581/4711 2930/3443/4713 3594/3442/4714 4699/3582/4712
f 3594/3442/4714 2924/3428/4688 3580/3571/4686 4699/3582/4712
f 3580/3571/4686 2855/2957/4685 3451/3196/4709 4699/3582/4712
s 5
f 3515/3232/4259 2890/3222/4249 3583/3576/4698 4700/3583/4715
f 3583/3576/4698 2926/3431/4697 3597/3447/4716 4700/3583/4715
f 3597/3447/4716 2931/3446/4717 3595/3584/4718 4700/3583/4715
f 3595/3584/4718 2895/3233/4260 3515/3232/4259 4700/3583/4715
s 67
f 3413/3174/4719 2821/2948/4720 3598/3585/4721 4701/3586/4722
f 3598/3585/4721 2932/3449/4723 3599/3448/4724 4701/3586/4722
f 3599/3448/4724 2930/3443/4713 3593/3581/4711 4701/3586/4722
f 3593/3581/4711 2850/3175/4710 3413/3174/4719 4701/3586/4722
s 5
f 3518/3238/4265 2895/3233/4260 3595/3584/4718 4702/3587/4725
f 3595/3584/4718 2931/3446/4717 3602/3453/4726 4702/3587/4725
f 3602/3453/4726 2933/3452/4727 3600/3588/4728 4702/3587/4725
f 3600/3588/4728 2897/3239/4266 3518/3238/4265 4702/3587/4725
s 67
f 3806/3589/4729 3035/3459/4730 4034/3458/4731 4703/3590/4732
f 4034/3458/4731 2932/3449/4723 3598/3585/4721 4703/3590/4732
f 3598/3585/4721 2821/2948/4720 4035/2946/4733 4703/3590/4732
f 4035/2946/4733 3034/2945/4734 3806/3589/4729 4703/3590/4732
s 5
f 3808/3591/4735 3037/3247/4274 4032/3246/4273 4704/3592/4736
f 4032/3246/4273 2897/3239/4266 3600/3588/4728 4704/3592/4736
f 3600/3588/4728 2933/3452/4727 4033/3456/4737 4704/3592/4736
f 4033/3456/4737 3036/3455/4738 3808/3591/4735 4704/3592/4736
s 67
f 3603/3593/4739 2934/3468/4740 4091/3467/4741 4705/3594/4742
f 4091/3467/4741 3247/3466/4743 4261/3595/4744 4705/3594/4742
f 4261/3595/4744 3248/3044/4745 4092/3042/4746 4705/3594/4742
f 4092/3042/4746 2835/3041/4747 3603/3593/4739 4705/3594/4742
s 5
f 3604/3596/4748 2899/3256/4283 4089/3255/4282 4706/3597/4749
f 4089/3255/4282 3245/3254/4281 4257/3598/4750 4706/3597/4749
f 4257/3598/4750 3246/3464/4751 4090/3462/4752 4706/3597/4749
f 4090/3462/4752 2935/3461/4753 3604/3596/4748 4706/3597/4749
s 67
f 3426/3084/4754 2830/3083/4755 3606/3599/4756 4707/3600/4757
f 3606/3599/4756 2936/3470/4758 3607/3469/4759 4707/3600/4757
f 3607/3469/4759 2934/3468/4740 3603/3593/4739 4707/3600/4757
f 3603/3593/4739 2835/3041/4747 3426/3084/4754 4707/3600/4757
s 5
f 3523/3259/4286 2899/3256/4283 3604/3596/4748 4708/3601/4760
f 3604/3596/4748 2935/3461/4753 3610/3474/4761 4708/3601/4760
f 3610/3474/4761 2937/3473/4762 3608/3602/4763 4708/3601/4760
f 3608/3602/4763 2901/3260/4287 3523/3259/4286 4708/3601/4760
s 67
f 3438/3603/4764 2840/3604/4765 3611/3605/4766 4709/3606/4767
f 3611/3605/4766 2938/3476/4768 3612/3475/4769 4709/3606/4767
f 3612/3475/4769 2936/3470/4758 3606/3599/4756 4709/3606/4767
f 3606/3599/4756 2830/3083/4755 3438/3603/4764 4709/3606/4767
s 20
f 3673/3268/4295 2970/3267/4294 3700/3607/4770 4710/3608/4771
f 3700/3607/4770 2981/3609/4772 3702/3610/4773 4710/3608/4771
f 3702/3610/4773 2982/3611/4774 3703/3612/4775 4710/3608/4771
f 3703/3612/4775 2971/3269/4296 3673/3268/4295 4710/3608/4771
s 67
f 3442/3613/4776 2844/3614/4777 3615/3615/4778 4711/3616/4779
f 3615/3615/4778 2940/3482/4780 3616/3481/4781 4711/3616/4779
f 3616/3481/4781 2938/3476/4768 3611/3605/4766 4711/3616/4779
f 3611/3605/4766 2840/3604/4765 3442/3613/4776 4711/3616/4779
s 20
f 3676/3274/4301 2971/3269/4296 3703/3612/4775 4712/3617/4782
f 3703/3612/4775 2982/3611/4774 3705/3618/4783 4712/3617/4782
f 3705/3618/4783 2983/3619/4784 3706/3620/4785 4712/3617/4782
f 3706/3620/4785 2973/3275/4302 3676/3274/4301 4712/3617/4782
s 67
f 3407/3621/4786 2817/3622/4787 3619/3623/4788 4713/3624/4789
f 3619/3623/4788 2942/3488/4790 3620/3487/4791 4713/3624/4789
f 3620/3487/4791 2940/3482/4780 3615/3615/4778 4713/3624/4789
f 3615/3615/4778 2844/3614/4777 3407/3621/4786 4713/3624/4789
s 20
f 3679/3280/4307 2973/3275/4302 3706/3620/4785 4714/3625/4792
f 3706/3620/4785 2983/3619/4784 3708/3626/4793 4714/3625/4792
f 3708/3626/4793 2984/3627/4794 3709/3628/4795 4714/3625/4792
f 3709/3628/4795 2975/3281/4308 3679/3280/4307 4714/3625/4792
s 67
f 3473/3629/4796 2862/3630/4797 3623/3631/4798 4715/3632/4799
f 3623/3631/4798 2944/3494/4800 3624/3493/4801 4715/3632/4799
f 3624/3493/4801 2942/3488/4790 3619/3623/4788 4715/3632/4799
f 3619/3623/4788 2817/3622/4787 3473/3629/4796 4715/3632/4799
s 20
f 3680/3282/4309 2975/3281/4308 3709/3628/4795 4716/3633/4802
f 3709/3628/4795 2984/3627/4794 3711/3634/4803 4716/3633/4802
f 3711/3634/4803 2985/3635/4804 3712/3636/4805 4716/3633/4802
f 3712/3636/4805 2974/3283/4310 3680/3282/4309 4716/3633/4802
s 67
f 3471/3323/4806 2861/3220/4704 3588/3578/4703 4717/3637/4807
f 3588/3578/4703 2928/3441/4702 3627/3499/4808 4717/3637/4807
f 3627/3499/4808 2908/3374/4596 3544/3517/4594 4717/3637/4807
f 3544/3517/4594 2872/2966/4593 3471/3323/4806 4717/3637/4807
s 5
f 3526/3326/4369 2880/2916/3920 3546/3520/4601 4718/3638/4809
f 3546/3520/4601 2909/3377/4600 3628/3501/4810 4718/3638/4809
f 3628/3501/4810 2929/3439/4707 3590/3579/4705 4718/3638/4809
f 3590/3579/4705 2893/3227/4254 3526/3326/4369 4718/3638/4809
s 67
f 3489/3639/4811 2873/3554/4657 3566/3553/4656 4719/3640/4812
f 3566/3553/4656 2919/3414/4655 3629/3502/4813 4719/3640/4812
f 3629/3502/4813 2944/3494/4800 3623/3631/4798 4719/3640/4812
f 3623/3631/4798 2862/3630/4797 3489/3639/4811 4719/3640/4812
s 20
f 3684/3344/4387 2974/3283/4310 3712/3636/4805 4720/3641/4814
f 3712/3636/4805 2985/3635/4804 3713/3642/4815 4720/3641/4814
f 3713/3642/4815 2979/3557/4660 3694/3555/4658 4720/3641/4814
f 3694/3555/4658 2966/3144/4151 3684/3344/4387 4720/3641/4814
s 2
usemtl man5_clean:eyeMUD_shoeF_blinn1SG
f 3823/3643/4816 3045/2864/3857 3416/2863/3856 4721/3644/4817
f 3416/2863/3856 2822/2862/3855 3415/3645/4818 4721/3644/4817
f 3415/3645/4818 2946/3646/3934 4031/3647/3932 4721/3644/4817
f 4031/3647/3932 3044/3648/3931 3823/3643/4816 4721/3644/4817
f 3444/3156/4169 2846/3155/4168 3632/3649/4819 4722/3650/4820
f 3632/3649/4819 2947/3651/4198 3633/3652/4197 4722/3650/4820
f 3633/3652/4197 2946/3646/3934 3415/3645/4818 4722/3650/4820
f 3415/3645/4818 2822/2862/3855 3444/3156/4169 4722/3650/4820
f 3635/3653/4215 2947/3651/4198 3632/3649/4819 4723/3654/4821
f 3632/3649/4819 2846/3155/4168 3463/3203/4218 4723/3654/4821
f 3463/3203/4218 2857/2906/3907 3634/3655/4822 4723/3654/4821
f 3634/3655/4822 2948/3656/3976 3635/3653/4215 4723/3654/4821
f 3637/3657/3977 2948/3656/3976 3634/3655/4822 4724/3658/4823
f 3634/3655/4822 2857/2906/3907 3422/2904/3905 4724/3658/4823
f 3422/2904/3905 2825/2851/3904 3420/3659/4824 4724/3658/4823
f 3420/3659/4824 2949/3660/3979 3637/3657/3977 4724/3658/4823
s 1
f 3485/2849/3842 2871/2848/3841 3488/3661/4825 4725/3662/4826
f 3488/3661/4825 2950/3663/3967 3639/3664/3966 4725/3662/4826
f 3639/3664/3966 2949/3660/3974 3420/3659/4827 4725/3662/4826
f 3420/3659/4827 2825/2851/3844 3485/2849/3842 4725/3662/4826
f 3641/3665/4364 2950/3663/3967 3488/3661/4825 4726/3666/4828
f 3488/3661/4825 2871/2848/3841 3469/3319/4361 4726/3666/4828
f 3469/3319/4361 2860/3213/4234 3472/3667/4829 4726/3666/4828
f 3472/3667/4829 2951/3668/4240 3641/3665/4364 4726/3666/4828
f 3643/3669/4241 2951/3668/4240 3472/3667/4829 4727/3670/4830
f 3472/3667/4829 2860/3213/4234 3421/3211/4232 4727/3670/4830
f 3421/3211/4232 2824/2921/4231 3418/3671/4831 4727/3670/4830
f 3418/3671/4831 2952/3672/4243 3643/3669/4241 4727/3670/4830
s 4
f 3458/2919/3923 2854/2918/3922 3461/3673/4832 4728/3674/4833
f 3461/3673/4832 2953/2954/3958 3645/2953/3957 4728/3674/4833
f 3645/2953/3957 2952/3672/3965 3418/3671/4834 4728/3674/4833
f 3418/3671/4834 2824/2921/3925 3458/2919/3923 4728/3674/4833
f 3647/3194/4209 2953/2954/3958 3461/3673/4832 4729/3675/4835
f 3461/3673/4832 2854/2918/3922 3449/3191/4206 4729/3675/4835
f 3449/3191/4206 2849/3166/4181 3452/3676/4836 4729/3675/4835
f 3452/3676/4836 2954/3171/4186 3647/3194/4209 4729/3675/4835
f 3649/3172/4187 2954/3171/4186 3452/3676/4836 4730/3677/4837
f 3452/3676/4836 2849/3166/4181 3419/3164/4179 4730/3677/4837
f 3419/3164/4179 2823/2878/3871 3648/3678/4838 4730/3677/4837
f 3648/3678/4838 2955/2950/3954 3649/3172/4187 4730/3677/4837
f 3804/3679/4839 3033/2952/3956 3650/2951/3955 4731/3680/4840
f 3650/2951/3955 2955/2950/3954 3648/3678/4838 4731/3680/4840
f 3648/3678/4838 2823/2878/3871 4036/2876/3869 4731/3680/4840
f 4036/2876/3869 3032/2875/3868 3804/3679/4839 4731/3680/4840
f 3432/3681/4841 2956/3048/4055 4262/3047/4054 4732/3682/4842
f 4262/3047/4054 3249/3046/4053 4265/3683/4843 4732/3682/4842
f 4265/3683/4843 3250/3684/4844 4093/3685/4845 4732/3682/4842
f 4093/3685/4845 2834/3686/4846 3432/3681/4841 4732/3682/4842
f 3653/3079/4086 2956/3048/4055 3432/3681/4841 4733/3687/4847
f 3432/3681/4841 2834/3686/4846 3425/3688/4848 4733/3687/4847
f 3425/3688/4848 2829/3689/4849 3427/3690/4850 4733/3687/4847
f 3427/3690/4850 2957/3081/4088 3653/3079/4086 4733/3687/4847
s 18
f 3854/2997/4004 3062/2996/4003 3919/3691/4851 4734/3692/4852
f 3919/3691/4851 3060/2990/3997 3847/2988/3995 4734/3692/4852
f 3847/2988/3995 3059/2987/3994 3920/3693/4853 4734/3692/4852
f 3920/3693/4853 3064/2999/4006 3854/2997/4004 4734/3692/4852
f 3881/3106/4113 3064/2999/4006 3920/3693/4853 4735/3694/4854
f 3920/3693/4853 3059/2987/3994 3879/3102/4109 4735/3694/4854
f 3879/3102/4109 3076/3101/4108 3921/3695/4855 4735/3694/4854
f 3921/3695/4855 3077/3108/4115 3881/3106/4113 4735/3694/4854
f 3897/3136/4143 3077/3108/4115 3921/3695/4855 4736/3696/4856
f 3921/3695/4855 3076/3101/4108 3895/3132/4139 4736/3696/4856
f 3895/3132/4139 3084/3131/4138 3922/3697/4857 4736/3696/4856
f 3922/3697/4857 3085/3138/4145 3897/3136/4143 4736/3696/4856
s 3
f 3911/3292/4322 3089/3291/4321 3923/3698/4858 4737/3699/4859
f 3923/3698/4858 3087/3285/4312 3905/3284/4311 4737/3699/4859
f 3905/3284/4311 3085/3138/4319 3922/3697/4860 4737/3699/4859
f 3922/3697/4860 3084/3131/4324 3911/3292/4322 4737/3699/4859
f 3917/3348/4391 3048/2869/3862 3924/3700/4861 4738/3701/4862
f 3924/3700/4861 3050/3702/3947 3915/3345/4388 4738/3701/4862
f 3915/3345/4388 3087/3285/4312 3923/3698/4858 4738/3701/4862
f 3923/3698/4858 3089/3291/4321 3917/3348/4391 4738/3701/4862
f 3827/2867/3860 3047/2866/3859 3925/3703/4863 4739/3704/4864
f 3925/3703/4863 3051/3705/3940 3831/3706/3939 4739/3704/4864
f 3831/3706/3939 3050/3702/3947 3924/3700/4861 4739/3704/4864
f 3924/3700/4861 3048/2869/3862 3827/2867/3860 4739/3704/4864
s 17
f 3926/3707/4865 3080/3708/4129 3902/3709/4160 4740/3710/4866
f 3902/3709/4160 3051/3705/4159 3925/3703/4867 4740/3710/4866
f 3925/3703/4867 3047/2866/4163 3903/3151/4161 4740/3710/4866
f 3903/3151/4161 3081/3126/4133 3926/3707/4865 4740/3710/4866
f 3927/3711/4868 3069/3712/4026 3888/3713/4130 4741/3714/4869
f 3888/3713/4130 3080/3708/4129 3926/3707/4865 4741/3714/4869
f 3926/3707/4865 3081/3126/4133 3889/3124/4131 4741/3714/4869
f 3889/3124/4131 3056/2981/3988 3927/3711/4868 4741/3714/4869
f 3928/3715/4870 3067/3716/4028 3864/3717/4027 4742/3718/4871
f 3864/3717/4027 3069/3712/4026 3927/3711/4868 4742/3718/4871
f 3927/3711/4868 3056/2981/3988 3840/2979/3986 4742/3718/4871
f 3840/2979/3986 3054/2978/3985 3928/3715/4870 4742/3718/4871
s 2
f 3655/3719/4872 2959/3720/4066 3656/3721/4103 4743/3722/4873
f 3656/3721/4103 2958/3723/4102 3654/3724/4874 4743/3722/4873
f 3654/3724/4874 2826/3725/4875 3434/3726/4876 4743/3722/4873
f 3434/3726/4876 2837/3727/4877 3655/3719/4872 4743/3722/4873
f 3655/3719/4872 2837/3727/4877 4238/3728/4878 4744/3729/4879
f 4238/3728/4878 3237/3730/4880 4241/3731/4881 4744/3729/4879
f 4241/3731/4881 3238/3732/4069 4088/3733/4067 4744/3729/4879
f 4088/3733/4067 2959/3720/4066 3655/3719/4872 4744/3729/4879
s 86
usemtl man5_clean:eyeMUD_shoeF_lambert2SG
f 3501/3088/4882 2884/3087/4883 3657/3734/4884 4745/3735/4885
f 3657/3734/4884 2997/3736/4886 3738/3737/4887 4745/3735/4885
f 3738/3737/4887 2998/3738/4888 3658/3739/4889 4745/3735/4885
f 3658/3739/4889 2885/3089/4890 3501/3088/4882 4745/3735/4885
f 3524/3261/4891 2901/3260/4892 3671/3740/4893 4746/3741/4894
f 3671/3740/4893 2995/3742/4895 3734/3743/4896 4746/3741/4894
f 3734/3743/4896 2996/3744/4897 3669/3745/4898 4746/3741/4894
f 3669/3745/4898 2900/3262/4899 3524/3261/4891 4746/3741/4894
f 3530/3337/4900 2900/3262/4899 3669/3745/4898 4747/3746/4901
f 3669/3745/4898 2996/3744/4897 3736/3747/4902 4747/3746/4901
f 3736/3747/4902 2997/3736/4886 3657/3734/4884 4747/3746/4901
f 3657/3734/4884 2884/3087/4883 3530/3337/4900 4747/3746/4901
s 47
f 3554/3384/4430 2912/3383/4429 3687/3748/4903 4748/3749/4904
f 3687/3748/4903 2999/3750/4905 3741/3751/4906 4748/3749/4904
f 3741/3751/4906 2986/3752/4907 3685/3753/4908 4748/3749/4904
f 3685/3753/4908 2913/3385/4431 3554/3384/4430 4748/3749/4904
s 86
f 3552/3539/4909 2885/3089/4890 3658/3739/4889 4749/3754/4910
f 3658/3739/4889 2998/3738/4888 3740/3755/4911 4749/3754/4910
f 3740/3755/4911 2999/3750/4912 3687/3748/4913 4749/3754/4910
f 3687/3748/4913 2912/3383/4914 3552/3539/4909 4749/3754/4910
s 47
f 3563/3402/4448 2913/3385/4431 3685/3753/4908 4750/3756/4915
f 3685/3753/4908 2986/3752/4907 3716/3757/4916 4750/3756/4915
f 3716/3757/4916 2987/3758/4917 3690/3759/4918 4750/3756/4915
f 3690/3759/4918 2917/3403/4449 3563/3402/4448 4750/3756/4915
f 3569/3411/4457 2920/3410/4456 3695/3760/4919 4751/3761/4920
f 3695/3760/4919 2988/3762/4921 3720/3763/4922 4751/3761/4920
f 3720/3763/4922 2989/3764/4923 3693/3765/4924 4751/3761/4920
f 3693/3765/4924 2921/3412/4458 3569/3411/4457 4751/3761/4920
f 3572/3417/4465 2917/3403/4449 3690/3759/4918 4752/3766/4925
f 3690/3759/4918 2987/3758/4917 3718/3767/4926 4752/3766/4925
f 3718/3767/4926 2988/3762/4921 3695/3760/4919 4752/3766/4925
f 3695/3760/4919 2920/3410/4456 3572/3417/4465 4752/3766/4925
s 86
f 3608/3602/4927 2937/3473/4928 3699/3768/4929 4753/3769/4930
f 3699/3768/4929 2994/3770/4931 3732/3771/4932 4753/3769/4930
f 3732/3771/4932 2995/3742/4895 3671/3740/4893 4753/3769/4930
f 3671/3740/4893 2901/3260/4892 3608/3602/4927 4753/3769/4930
s 55
f 3614/3480/4531 2939/3479/4530 3701/3772/4933 4754/3773/4934
f 3701/3772/4933 2993/3774/4935 3730/3775/4936 4754/3773/4934
f 3730/3775/4936 2994/3770/4937 3699/3768/4938 4754/3773/4934
f 3699/3768/4938 2937/3473/4524 3614/3480/4531 4754/3773/4934
f 3618/3486/4537 2941/3485/4536 3704/3776/4939 4755/3777/4940
f 3704/3776/4939 2992/3778/4941 3728/3779/4942 4755/3777/4940
f 3728/3779/4942 2993/3774/4935 3701/3772/4933 4755/3777/4940
f 3701/3772/4933 2939/3479/4530 3618/3486/4537 4755/3777/4940
f 3622/3492/4543 2943/3491/4542 3707/3780/4943 4756/3781/4944
f 3707/3780/4943 2991/3782/4945 3726/3783/4946 4756/3781/4944
f 3726/3783/4946 2992/3778/4941 3704/3776/4939 4756/3781/4944
f 3704/3776/4939 2941/3485/4536 3622/3492/4543 4756/3781/4944
s 65
f 3626/3498/4549 2945/3497/4548 3710/3784/4947 4757/3785/4948
f 3710/3784/4947 2990/3786/4949 3724/3787/4950 4757/3785/4948
f 3724/3787/4950 2991/3782/4951 3707/3780/4952 4757/3785/4948
f 3707/3780/4952 2943/3491/4550 3626/3498/4549 4757/3785/4948
f 3630/3504/4561 2921/3412/4560 3693/3765/4953 4758/3788/4954
f 3693/3765/4953 2989/3764/4955 3722/3789/4956 4758/3788/4954
f 3722/3789/4956 2990/3786/4949 3710/3784/4947 4758/3788/4954
f 3710/3784/4947 2945/3497/4548 3630/3504/4561 4758/3788/4954
s 47
f 3716/3757/4916 2986/3752/4907 3714/3790/4957 4759/3791/4958
f 3714/3790/4957 3014/3792/4959 3772/3793/4960 4759/3791/4958
f 3772/3793/4960 3015/3794/4961 3715/3795/4962 4759/3791/4958
f 3715/3795/4962 2987/3758/4917 3716/3757/4916 4759/3791/4958
f 3718/3767/4926 2987/3758/4917 3715/3795/4962 4760/3796/4963
f 3715/3795/4962 3015/3794/4961 3774/3797/4964 4760/3796/4963
f 3774/3797/4964 3016/3798/4965 3717/3799/4966 4760/3796/4963
f 3717/3799/4966 2988/3762/4921 3718/3767/4926 4760/3796/4963
f 3720/3763/4922 2988/3762/4921 3717/3799/4966 4761/3800/4967
f 3717/3799/4966 3016/3798/4965 3776/3801/4968 4761/3800/4967
f 3776/3801/4968 3017/3802/4969 3719/3803/4970 4761/3800/4967
f 3719/3803/4970 2989/3764/4923 3720/3763/4922 4761/3800/4967
s 65
f 3722/3789/4956 2989/3764/4955 3719/3803/4971 4762/3804/4972
f 3719/3803/4971 3017/3802/4973 3778/3805/4974 4762/3804/4972
f 3778/3805/4974 3018/3806/4975 3721/3807/4976 4762/3804/4972
f 3721/3807/4976 2990/3786/4949 3722/3789/4956 4762/3804/4972
f 3724/3787/4950 2990/3786/4949 3721/3807/4976 4763/3808/4977
f 3721/3807/4976 3018/3806/4975 3780/3809/4978 4763/3808/4977
f 3780/3809/4978 3019/3810/4979 3723/3811/4980 4763/3808/4977
f 3723/3811/4980 2991/3782/4951 3724/3787/4950 4763/3808/4977
s 55
f 3726/3783/4946 2991/3782/4945 3723/3811/4981 4764/3812/4982
f 3723/3811/4981 3019/3810/4983 3782/3813/4984 4764/3812/4982
f 3782/3813/4984 3020/3814/4985 3725/3815/4986 4764/3812/4982
f 3725/3815/4986 2992/3778/4941 3726/3783/4946 4764/3812/4982
f 3728/3779/4942 2992/3778/4941 3725/3815/4986 4765/3816/4987
f 3725/3815/4986 3020/3814/4985 3784/3817/4988 4765/3816/4987
f 3784/3817/4988 3021/3818/4989 3727/3819/4990 4765/3816/4987
f 3727/3819/4990 2993/3774/4935 3728/3779/4942 4765/3816/4987
f 3730/3775/4936 2993/3774/4935 3727/3819/4990 4766/3820/4991
f 3727/3819/4990 3021/3818/4989 3786/3821/4992 4766/3820/4991
f 3786/3821/4992 3022/3822/4993 3729/3823/4994 4766/3820/4991
f 3729/3823/4994 2994/3770/4937 3730/3775/4936 4766/3820/4991
s 86
f 3732/3771/4932 2994/3770/4931 3729/3823/4995 4767/3824/4996
f 3729/3823/4995 3022/3822/4997 3788/3825/4998 4767/3824/4996
f 3788/3825/4998 3023/3826/4999 3731/3827/5000 4767/3824/4996
f 3731/3827/5000 2995/3742/4895 3732/3771/4932 4767/3824/4996
f 3734/3743/4896 2995/3742/4895 3731/3827/5000 4768/3828/5001
f 3731/3827/5000 3023/3826/4999 3790/3829/5002 4768/3828/5001
f 3790/3829/5002 3024/3830/5003 3733/3831/5004 4768/3828/5001
f 3733/3831/5004 2996/3744/4897 3734/3743/4896 4768/3828/5001
f 3736/3747/4902 2996/3744/4897 3733/3831/5004 4769/3832/5005
f 3733/3831/5004 3024/3830/5003 3792/3833/5006 4769/3832/5005
f 3792/3833/5006 3025/3834/5007 3735/3835/5008 4769/3832/5005
f 3735/3835/5008 2997/3736/4886 3736/3747/4902 4769/3832/5005
f 3738/3737/4887 2997/3736/4886 3735/3835/5008 4770/3836/5009
f 3735/3835/5008 3025/3834/5007 3794/3837/5010 4770/3836/5009
f 3794/3837/5010 3026/3838/5011 3737/3839/5012 4770/3836/5009
f 3737/3839/5012 2998/3738/4888 3738/3737/4887 4770/3836/5009
f 3740/3755/4911 2998/3738/4888 3737/3839/5012 4771/3840/5013
f 3737/3839/5012 3026/3838/5011 3796/3841/5014 4771/3840/5013
f 3796/3841/5014 3027/3842/5015 3739/3843/5016 4771/3840/5013
f 3739/3843/5016 2999/3750/4912 3740/3755/4911 4771/3840/5013
s 47
f 3741/3751/4906 2999/3750/4905 3739/3843/5017 4772/3844/5018
f 3739/3843/5017 3027/3842/5019 3797/3845/5020 4772/3844/5018
f 3797/3845/5020 3014/3792/4959 3714/3790/4957 4772/3844/5018
f 3714/3790/4957 2986/3752/4907 3741/3751/4906 4772/3844/5018
f 3744/3846/5021 3000/3847/5022 3742/3848/5023 4773/3849/5024
f 3742/3848/5023 2976/3528/5025 3692/3548/5026 4773/3849/5024
f 3692/3548/5026 2978/3547/5027 3743/3850/5028 4773/3849/5024
f 3743/3850/5028 3001/3851/5029 3744/3846/5021 4773/3849/5024
f 3746/3852/5030 3001/3851/5029 3743/3850/5028 4774/3853/5031
f 3743/3850/5028 2978/3547/5027 3698/3564/5032 4774/3853/5031
f 3698/3564/5032 2980/3559/5033 3745/3854/5034 4774/3853/5031
f 3745/3854/5034 3002/3855/5035 3746/3852/5030 4774/3853/5031
f 3748/3856/5036 3002/3855/5035 3745/3854/5034 4775/3857/5037
f 3745/3854/5034 2980/3559/5033 3696/3558/5038 4775/3857/5037
f 3696/3558/5038 2979/3557/5039 3747/3858/5040 4775/3857/5037
f 3747/3858/5040 3003/3859/5041 3748/3856/5036 4775/3857/5037
s 65
f 3750/3860/5042 3003/3859/5043 3747/3858/5044 4776/3861/5045
f 3747/3858/5044 2979/3557/5046 3713/3642/5047 4776/3861/5045
f 3713/3642/5047 2985/3635/5048 3749/3862/5049 4776/3861/5045
f 3749/3862/5049 3004/3863/5050 3750/3860/5042 4776/3861/5045
f 3752/3864/5051 3004/3863/5050 3749/3862/5049 4777/3865/5052
f 3749/3862/5049 2985/3635/5048 3711/3634/5053 4777/3865/5052
f 3711/3634/5053 2984/3627/5054 3751/3866/5055 4777/3865/5052
f 3751/3866/5055 3005/3867/5056 3752/3864/5051 4777/3865/5052
s 55
f 3754/3868/5057 3005/3867/5058 3751/3866/5059 4778/3869/5060
f 3751/3866/5059 2984/3627/5061 3708/3626/5062 4778/3869/5060
f 3708/3626/5062 2983/3619/5063 3753/3870/5064 4778/3869/5060
f 3753/3870/5064 3006/3871/5065 3754/3868/5057 4778/3869/5060
f 3756/3872/5066 3006/3871/5065 3753/3870/5064 4779/3873/5067
f 3753/3870/5064 2983/3619/5063 3705/3618/5068 4779/3873/5067
f 3705/3618/5068 2982/3611/5069 3755/3874/5070 4779/3873/5067
f 3755/3874/5070 3007/3875/5071 3756/3872/5066 4779/3873/5067
f 3758/3876/5072 3007/3875/5071 3755/3874/5070 4780/3877/5073
f 3755/3874/5070 2982/3611/5069 3702/3610/5074 4780/3877/5073
f 3702/3610/5074 2981/3609/5075 3757/3878/5076 4780/3877/5073
f 3757/3878/5076 3008/3879/5077 3758/3876/5072 4780/3877/5073
s 86
f 3760/3880/5078 3008/3879/5079 3757/3878/5080 4781/3881/5081
f 3757/3878/5080 2981/3609/5082 3700/3607/5083 4781/3881/5081
f 3700/3607/5083 2970/3267/5084 3759/3882/5085 4781/3881/5081
f 3759/3882/5085 3009/3883/5086 3760/3880/5078 4781/3881/5081
f 3762/3884/5087 3009/3883/5086 3759/3882/5085 4782/3885/5088
f 3759/3882/5085 2970/3267/5084 3672/3265/5089 4782/3885/5088
f 3672/3265/5089 2968/3264/5090 3761/3886/5091 4782/3885/5088
f 3761/3886/5091 3010/3887/5092 3762/3884/5087 4782/3885/5088
f 3764/3888/5093 3010/3887/5092 3761/3886/5091 4783/3889/5094
f 3761/3886/5091 2968/3264/5090 3681/3338/5095 4783/3889/5094
f 3681/3338/5095 2960/3005/5096 3763/3890/5097 4783/3889/5094
f 3763/3890/5097 3011/3891/5098 3764/3888/5093 4783/3889/5094
f 3766/3892/5099 3011/3891/5098 3763/3890/5097 4784/3893/5100
f 3763/3890/5097 2960/3005/5096 3659/3004/5101 4784/3893/5100
f 3659/3004/5101 2961/3012/5102 3765/3894/5103 4784/3893/5100
f 3765/3894/5103 3012/3895/5104 3766/3892/5099 4784/3893/5100
f 3768/3896/5105 3012/3895/5104 3765/3894/5103 4785/3897/5106
f 3765/3894/5103 2961/3012/5102 3689/3531/5107 4785/3897/5106
f 3689/3531/5107 2977/3530/5108 3767/3898/5109 4785/3897/5106
f 3767/3898/5109 3013/3899/5110 3768/3896/5105 4785/3897/5106
s 47
f 3769/3900/5111 3013/3899/5112 3767/3898/5113 4786/3901/5114
f 3767/3898/5113 2977/3530/5115 3688/3529/5116 4786/3901/5114
f 3688/3529/5116 2976/3528/5025 3742/3848/5023 4786/3901/5114
f 3742/3848/5023 3000/3847/5022 3769/3900/5111 4786/3901/5114
f 3772/3793/4960 3014/3792/4959 3770/3902/5117 4787/3903/5118
f 3770/3902/5117 3000/3847/5022 3744/3846/5021 4787/3903/5118
f 3744/3846/5021 3001/3851/5029 3771/3904/5119 4787/3903/5118
f 3771/3904/5119 3015/3794/4961 3772/3793/4960 4787/3903/5118
f 3774/3797/4964 3015/3794/4961 3771/3904/5119 4788/3905/5120
f 3771/3904/5119 3001/3851/5029 3746/3852/5030 4788/3905/5120
f 3746/3852/5030 3002/3855/5035 3773/3906/5121 4788/3905/5120
f 3773/3906/5121 3016/3798/4965 3774/3797/4964 4788/3905/5120
f 3776/3801/4968 3016/3798/4965 3773/3906/5121 4789/3907/5122
f 3773/3906/5121 3002/3855/5035 3748/3856/5036 4789/3907/5122
f 3748/3856/5036 3003/3859/5041 3775/3908/5123 4789/3907/5122
f 3775/3908/5123 3017/3802/4969 3776/3801/4968 4789/3907/5122
s 65
f 3778/3805/4974 3017/3802/4973 3775/3908/5124 4790/3909/5125
f 3775/3908/5124 3003/3859/5043 3750/3860/5042 4790/3909/5125
f 3750/3860/5042 3004/3863/5050 3777/3910/5126 4790/3909/5125
f 3777/3910/5126 3018/3806/4975 3778/3805/4974 4790/3909/5125
f 3780/3809/4978 3018/3806/4975 3777/3910/5126 4791/3911/5127
f 3777/3910/5126 3004/3863/5050 3752/3864/5051 4791/3911/5127
f 3752/3864/5051 3005/3867/5056 3779/3912/5128 4791/3911/5127
f 3779/3912/5128 3019/3810/4979 3780/3809/4978 4791/3911/5127
s 55
f 3782/3813/4984 3019/3810/4983 3779/3912/5129 4792/3913/5130
f 3779/3912/5129 3005/3867/5058 3754/3868/5057 4792/3913/5130
f 3754/3868/5057 3006/3871/5065 3781/3914/5131 4792/3913/5130
f 3781/3914/5131 3020/3814/4985 3782/3813/4984 4792/3913/5130
f 3784/3817/4988 3020/3814/4985 3781/3914/5131 4793/3915/5132
f 3781/3914/5131 3006/3871/5065 3756/3872/5066 4793/3915/5132
f 3756/3872/5066 3007/3875/5071 3783/3916/5133 4793/3915/5132
f 3783/3916/5133 3021/3818/4989 3784/3817/4988 4793/3915/5132
f 3786/3821/4992 3021/3818/4989 3783/3916/5133 4794/3917/5134
f 3783/3916/5133 3007/3875/5071 3758/3876/5072 4794/3917/5134
f 3758/3876/5072 3008/3879/5077 3785/3918/5135 4794/3917/5134
f 3785/3918/5135 3022/3822/4993 3786/3821/4992 4794/3917/5134
s 86
f 3788/3825/4998 3022/3822/4997 3785/3918/5136 4795/3919/5137
f 3785/3918/5136 3008/3879/5079 3760/3880/5078 4795/3919/5137
f 3760/3880/5078 3009/3883/5086 3787/3920/5138 4795/3919/5137
f 3787/3920/5138 3023/3826/4999 3788/3825/4998 4795/3919/5137
f 3790/3829/5002 3023/3826/4999 3787/3920/5138 4796/3921/5139
f 3787/3920/5138 3009/3883/5086 3762/3884/5087 4796/3921/5139
f 3762/3884/5087 3010/3887/5092 3789/3922/5140 4796/3921/5139
f 3789/3922/5140 3024/3830/5003 3790/3829/5002 4796/3921/5139
f 3792/3833/5006 3024/3830/5003 3789/3922/5140 4797/3923/5141
f 3789/3922/5140 3010/3887/5092 3764/3888/5093 4797/3923/5141
f 3764/3888/5093 3011/3891/5098 3791/3924/5142 4797/3923/5141
f 3791/3924/5142 3025/3834/5007 3792/3833/5006 4797/3923/5141
f 3794/3837/5010 3025/3834/5007 3791/3924/5142 4798/3925/5143
f 3791/3924/5142 3011/3891/5098 3766/3892/5099 4798/3925/5143
f 3766/3892/5099 3012/3895/5104 3793/3926/5144 4798/3925/5143
f 3793/3926/5144 3026/3838/5011 3794/3837/5010 4798/3925/5143
f 3796/3841/5014 3026/3838/5011 3793/3926/5144 4799/3927/5145
f 3793/3926/5144 3012/3895/5104 3768/3896/5105 4799/3927/5145
f 3768/3896/5105 3013/3899/5110 3795/3928/5146 4799/3927/5145
f 3795/3928/5146 3027/3842/5015 3796/3841/5014 4799/3927/5145
s 47
f 3797/3845/5020 3027/3842/5019 3795/3928/5147 4800/3929/5148
f 3795/3928/5147 3013/3899/5112 3769/3900/5111 4800/3929/5148
f 3769/3900/5111 3000/3847/5022 3770/3902/5117 4800/3929/5148
f 3770/3902/5117 3014/3792/4959 3797/3845/5020 4800/3929/5148
s 6
usemtl man5_clean:eyeMUD_shoeF_blinn1SG
f 3491/3930/5149 2865/3931/5150 4103/3932/5151 4801/3933/5152
f 4103/3932/5151 3225/3934/5153 4217/3935/5154 4801/3933/5152
f 4217/3935/5154 3226/3936/5155 4104/3937/5156 4801/3933/5152
f 4104/3937/5156 2876/3938/5157 3491/3930/5149 4801/3933/5152
s 95
f 3404/3939/5158 2814/3940/5159 3825/3941/5160 4802/3942/5161
f 3825/3941/5160 3113/3943/5162 3969/3944/5163 4802/3942/5161
f 3969/3944/5163 3114/3945/5164 3828/3946/5165 4802/3942/5161
f 3828/3946/5165 2874/3947/5166 3404/3939/5158 4802/3942/5161
s 96
usemtl man5_clean:eyeMUD_shoeF_lambert2SG
f 3405/3549/5167 2873/3554/5168 3834/3948/5169 4803/3949/5170
f 3834/3948/5169 3135/3950/5171 4012/3951/5172 4803/3949/5170
f 4012/3951/5172 3136/3952/5173 3832/3953/5174 4803/3949/5170
f 3832/3953/5174 2815/3550/5175 3405/3549/5167 4803/3949/5170
s 95
usemtl man5_clean:eyeMUD_shoeF_blinn1SG
f 3423/3954/5176 2827/3955/5177 3838/3956/5178 4804/3957/5179
f 3838/3956/5178 3110/3958/5180 3963/3959/5181 4804/3957/5179
f 3963/3959/5181 3111/3960/5182 3841/3961/5183 4804/3957/5179
f 3841/3961/5183 2838/3962/5184 3423/3954/5176 4804/3957/5179
f 3437/3963/5185 2839/3964/5186 3844/3965/5187 4805/3966/5188
f 3844/3965/5187 3118/3967/5189 3979/3968/5190 4805/3966/5188
f 3979/3968/5190 3119/3969/5191 3848/3970/5192 4805/3966/5188
f 3848/3970/5192 2828/3971/5193 3437/3963/5185 4805/3966/5188
s 99
f 3652/3082/5194 2957/3081/5195 3851/3972/5196 4806/3973/5197
f 3851/3972/5196 3129/3974/5198 4000/3975/5199 4806/3973/5197
f 4000/3975/5199 3130/3976/5200 3852/3977/5201 4806/3973/5197
f 3852/3977/5201 2830/3083/5202 3652/3082/5194 4806/3973/5197
s 96
f 3438/3603/5203 2830/3083/5204 3852/3977/5205 4807/3978/5206
usemtl man5_clean:eyeMUD_shoeF_lambert2SG
f 3852/3977/5205 3130/3976/5207 4002/3979/5208 4807/3978/5206
f 4002/3979/5208 3131/3980/5209 3855/3981/5210 4807/3978/5206
f 3855/3981/5210 2840/3604/5211 3438/3603/5203 4807/3978/5206
s 101
usemtl man5_clean:eyeMUD_shoeF_blinn1SG
f 3429/3094/5212 2831/3093/5213 3858/3982/5214 4808/3983/5215
f 3858/3982/5214 3139/3984/5216 4020/3985/5217 4808/3983/5215
f 4020/3985/5217 3140/3986/5218 3859/3987/5219 4808/3983/5215
f 3859/3987/5219 2958/3095/5220 3429/3094/5212 4808/3983/5215
s 96
usemtl man5_clean:eyeMUD_shoeF_lambert2SG
f 3428/3521/5221 2841/3525/5222 3861/3988/5223 4809/3989/5224
f 3861/3988/5223 3138/3990/5225 4018/3991/5226 4809/3989/5224
f 4018/3991/5226 3139/3984/5227 3858/3982/5228 4809/3989/5224
usemtl man5_clean:eyeMUD_shoeF_blinn1SG
f 3858/3982/5228 2831/3093/5229 3428/3521/5221 4809/3989/5224
s 103
f 3943/3992/5230 3098/3993/5231 4084/3994/5232 4810/3995/5233
f 4084/3994/5232 3230/3996/5234 4227/3997/5235 4810/3995/5233
f 4227/3997/5235 3231/3998/5236 4226/3999/5237 4810/3995/5233
f 4226/3999/5237 3107/4000/5238 3943/3992/5230 4810/3995/5233
s 95
f 3431/4001/5239 2875/4002/5240 3865/4003/5241 4811/4004/5242
f 3865/4003/5241 3108/4005/5243 3959/4006/5244 4811/4004/5242
f 3959/4006/5244 3109/4007/5245 3866/4008/5246 4811/4004/5242
f 3866/4008/5246 2832/4009/5247 3431/4001/5239 4811/4004/5242
s 105
f 3869/4010/5248 2834/3686/5249 4093/3685/5250 4812/4011/5251
f 4093/3685/5250 3250/3684/5252 4267/4012/5253 4812/4011/5251
f 4267/4012/5253 3251/4013/5254 4266/4014/5255 4812/4011/5251
f 4266/4014/5255 3127/4015/5256 3869/4010/5248 4812/4011/5251
s 106
f 3871/4016/5257 3142/4017/5258 4087/4018/5259 4813/4019/5260
f 4087/4018/5259 3236/4020/5261 4239/4021/5262 4813/4019/5260
f 4239/4021/5262 3237/3730/5263 4238/3728/5264 4813/4019/5260
f 4238/3728/5264 2837/3727/5265 3871/4016/5257 4813/4019/5260
s 105
f 3425/3688/5266 2834/3686/5249 3869/4010/5248 4814/4022/5267
f 3869/4010/5248 3127/4015/5256 3996/4023/5268 4814/4022/5267
f 3996/4023/5268 3128/4024/5269 3846/4025/5270 4814/4022/5267
f 3846/4025/5270 2829/3689/5271 3425/3688/5266 4814/4022/5267
s 107
f 3424/4026/5272 2828/3971/5273 3848/3970/5274 4815/4027/5275
f 3848/3970/5274 3119/3969/5276 3981/4028/5277 4815/4027/5275
f 3981/4028/5277 3120/4029/5278 3868/4030/5279 4815/4027/5275
f 3868/4030/5279 2833/4031/5280 3424/4026/5272 4815/4027/5275
s 106
f 3434/3726/5281 2826/3725/5282 3837/4032/5283 4816/4033/5284
f 3837/4032/5283 3141/4034/5285 4024/4035/5286 4816/4033/5284
f 4024/4035/5286 3142/4017/5258 3871/4016/5257 4816/4033/5284
f 3871/4016/5257 2837/3727/5265 3434/3726/5281 4816/4033/5284
s 95
f 3430/4036/5287 2832/4009/5247 3866/4008/5246 4817/4037/5288
f 3866/4008/5246 3109/4007/5245 3961/4038/5289 4817/4037/5288
f 3961/4038/5289 3110/3958/5180 3838/3956/5178 4817/4037/5288
f 3838/3956/5178 2827/3955/5177 3430/4036/5287 4817/4037/5288
f 3441/4039/5290 2843/4040/5291 3877/4041/5292 4818/4042/5293
f 3877/4041/5292 3117/4043/5294 3977/4044/5295 4818/4042/5293
f 3977/4044/5295 3118/3967/5189 3844/3965/5187 4818/4042/5293
f 3844/3965/5187 2839/3964/5186 3441/4039/5290 4818/4042/5293
s 96
usemtl man5_clean:eyeMUD_shoeF_lambert2SG
f 3442/3613/5296 2840/3604/5211 3855/3981/5210 4819/4045/5297
f 3855/3981/5210 3131/3980/5209 4004/4046/5298 4819/4045/5297
f 4004/4046/5298 3132/4047/5299 3882/4048/5300 4819/4045/5297
f 3882/4048/5300 2844/3614/5301 3442/3613/5296 4819/4045/5297
f 3439/3541/5302 2845/3544/5303 3885/4049/5304 4820/4050/5305
f 3885/4049/5304 3137/4051/5306 4016/4052/5307 4820/4050/5305
f 4016/4052/5307 3138/3990/5225 3861/3988/5223 4820/4050/5305
f 3861/3988/5223 2841/3525/5222 3439/3541/5302 4820/4050/5305
s 95
usemtl man5_clean:eyeMUD_shoeF_blinn1SG
f 3436/4053/5308 2838/3962/5184 3841/3961/5183 4821/4054/5309
f 3841/3961/5183 3111/3960/5182 3965/4055/5310 4821/4054/5309
f 3965/4055/5310 3112/4056/5311 3890/4057/5312 4821/4054/5309
f 3890/4057/5312 2842/4058/5313 3436/4053/5308 4821/4054/5309
f 3406/4059/5314 2816/4060/5315 3893/4061/5316 4822/4062/5317
f 3893/4061/5316 3116/4063/5318 3975/4064/5319 4822/4062/5317
f 3975/4064/5319 3117/4043/5294 3877/4041/5292 4822/4062/5317
f 3877/4041/5292 2843/4040/5291 3406/4059/5314 4822/4062/5317
s 96
usemtl man5_clean:eyeMUD_shoeF_lambert2SG
f 3407/3621/5320 2844/3614/5301 3882/4048/5300 4823/4065/5321
f 3882/4048/5300 3132/4047/5299 4006/4066/5322 4823/4065/5321
f 4006/4066/5322 3133/4067/5323 3898/4068/5324 4823/4065/5321
f 3898/4068/5324 2817/3622/5325 3407/3621/5320 4823/4065/5321
f 3443/3561/5326 2815/3550/5175 3832/3953/5174 4824/4069/5327
f 3832/3953/5174 3136/3952/5173 4014/4070/5328 4824/4069/5327
f 4014/4070/5328 3137/4051/5306 3885/4049/5304 4824/4069/5327
f 3885/4049/5304 2845/3544/5303 3443/3561/5326 4824/4069/5327
s 95
usemtl man5_clean:eyeMUD_shoeF_blinn1SG
f 3440/4071/5329 2842/4058/5313 3890/4057/5312 4825/4072/5330
f 3890/4057/5312 3112/4056/5311 3967/4073/5331 4825/4072/5330
f 3967/4073/5331 3113/3943/5162 3825/3941/5160 4825/4072/5330
f 3825/3941/5160 2814/3940/5159 3440/4071/5329 4825/4072/5330
s 96
usemtl man5_clean:eyeMUD_shoeF_lambert2SG
f 3473/3629/5332 2817/3622/5325 3898/4068/5324 4826/4074/5333
f 3898/4068/5324 3133/4067/5323 4008/4075/5334 4826/4074/5333
f 4008/4075/5334 3134/4076/5335 3906/4077/5336 4826/4074/5333
f 3906/4077/5336 2862/3630/5337 3473/3629/5332 4826/4074/5333
s 95
usemtl man5_clean:eyeMUD_shoeF_blinn1SG
f 3474/4078/5338 2863/4079/5339 3909/4080/5340 4827/4081/5341
f 3909/4080/5340 3115/4082/5342 3973/4083/5343 4827/4081/5341
f 3973/4083/5343 3116/4063/5318 3893/4061/5316 4827/4081/5341
f 3893/4061/5316 2816/4060/5315 3474/4078/5338 4827/4081/5341
s 113
f 3950/4084/5344 3122/4085/5345 4098/4086/5346 4828/4087/5347
f 4098/4086/5346 3256/4088/5348 4279/4089/5349 4828/4087/5347
f 4279/4089/5349 3257/4090/5350 4099/4091/5351 4828/4087/5347
f 4099/4091/5351 3102/4092/5352 3950/4084/5344 4828/4087/5347
s 107
f 3475/4093/5353 2833/4031/5280 3868/4030/5279 4829/4094/5354
f 3868/4030/5279 3120/4029/5278 3983/4095/5355 4829/4094/5354
f 3983/4095/5355 3121/4096/5356 3913/4097/5357 4829/4094/5354
f 3913/4097/5357 2864/4098/5358 3475/4093/5353 4829/4094/5354
s 96
usemtl man5_clean:eyeMUD_shoeF_lambert2SG
f 3489/3639/5359 2862/3630/5337 3906/4077/5336 4830/4099/5360
f 3906/4077/5336 3134/4076/5335 4010/4100/5361 4830/4099/5360
f 4010/4100/5361 3135/3950/5171 3834/3948/5169 4830/4099/5360
f 3834/3948/5169 2873/3554/5168 3489/3639/5359 4830/4099/5360
s 95
f 3490/4101/5362 2874/3947/5166 3828/3946/5165 4831/4102/5363
f 3828/3946/5165 3114/3945/5164 3971/4103/5364 4831/4102/5363
f 3971/4103/5364 3115/4082/5342 3909/4080/5340 4831/4102/5363
f 3909/4080/5340 2863/4079/5339 3490/4101/5362 4831/4102/5363
s 99
usemtl man5_clean:eyeMUD_shoeF_blinn1SG
f 3427/3690/5365 2829/3689/5366 3846/4025/5367 4832/4104/5368
f 3846/4025/5367 3128/4024/5369 3998/4105/5370 4832/4104/5368
f 3998/4105/5370 3129/3974/5198 3851/3972/5196 4832/4104/5368
f 3851/3972/5196 2957/3081/5195 3427/3690/5365 4832/4104/5368
s 101
f 3654/3724/5371 2958/3723/5220 3859/4106/5219 4833/4107/5372
f 3859/4106/5219 3140/4108/5218 4022/4109/5373 4833/4107/5372
f 4022/4109/5373 3141/4034/5374 3837/4032/5375 4833/4107/5372
f 3837/4032/5375 2826/3725/5376 3654/3724/5371 4833/4107/5372
s 115
f 3799/2892/5377 3028/2857/5378 3930/4110/5379 4834/4111/5380
f 3930/4110/5379 3144/4112/5381 4029/4113/5382 4834/4111/5380
f 4029/4113/5382 3145/4114/5383 3929/4115/5384 4834/4111/5380
f 3929/4115/5384 3029/2893/5385 3799/2892/5377 4834/4111/5380
s 116
f 3801/3302/5386 3030/3307/5387 3934/4116/5388 4835/4117/5389
f 3934/4116/5388 3124/4118/5390 3990/4119/5391 4835/4117/5389
f 3990/4119/5391 3125/4120/5392 3933/4121/5393 4835/4117/5389
f 3933/4121/5393 3031/2882/5394 3801/3302/5386 4835/4117/5389
f 3802/2874/5395 3031/2882/5394 3933/4121/5393 4836/4122/5396
f 3933/4121/5393 3125/4120/5392 3992/4123/5397 4836/4122/5396
f 3992/4123/5397 3126/4124/5398 3936/4125/5399 4836/4122/5396
f 3936/4125/5399 3032/2875/5400 3802/2874/5395 4836/4122/5396
s 115
f 3824/2856/5401 3045/2864/5402 3938/4126/5403 4837/4127/5404
f 3938/4126/5403 3143/4128/5405 4027/4129/5406 4837/4127/5404
f 4027/4129/5406 3144/4112/5381 3930/4110/5379 4837/4127/5404
f 3930/4110/5379 3028/2857/5378 3824/2856/5401 4837/4127/5404
s 17
f 3941/4130/5407 3099/4131/5408 4085/4132/5409 4838/4133/5410
f 4085/4132/5409 3232/4134/5411 4231/4135/5412 4838/4133/5410
f 4231/4135/5412 3233/4136/5413 4086/4137/5414 4838/4133/5410
f 4086/4137/5414 3070/4138/5415 3941/4130/5407 4838/4133/5410
s 119
f 3957/4139/5416 3108/4005/5417 3865/4003/5418 4839/4140/5419
f 3865/4003/5418 2875/4002/5420 3942/4141/5421 4839/4140/5419
f 3942/4141/5421 3098/3993/5422 3943/3992/5423 4839/4140/5419
f 3943/3992/5423 3107/4000/5424 3957/4139/5416 4839/4140/5419
s 120
f 3942/4141/5425 2875/4002/5426 4083/4142/5427 4840/4143/5428
f 4083/4142/5427 2876/3938/5429 4104/3937/5430 4840/4143/5428
f 4104/3937/5430 3226/3936/5431 4219/4144/5432 4840/4143/5428
f 4219/4144/5432 3227/4145/5433 4225/4146/5434 4840/4143/5428
f 4225/4146/5434 3230/3996/5435 4084/3994/5436 4840/4143/5428
f 4084/3994/5436 3098/3993/5437 3942/4141/5425 4840/4143/5428
s 121
f 3946/4147/5438 3100/4148/5439 3944/4149/5440 4841/4150/5441
f 3944/4149/5440 3029/2893/5442 3929/4115/5443 4841/4150/5441
f 3929/4115/5443 3145/4114/5444 4030/4151/5445 4841/4150/5441
f 4030/4151/5445 3106/4152/5446 3946/4147/5438 4841/4150/5441
s 122
f 3948/4153/5447 3262/4154/5448 4290/4155/5449 4842/4156/5450
f 4290/4155/5449 3269/4157/5451 4303/4158/5452 4842/4156/5450
f 4303/4158/5452 2865/3931/5453 4100/4159/5454 4842/4156/5450
f 4100/4159/5454 2864/4098/5455 3948/4153/5447 4842/4156/5450
s 123
f 4295/4160/5456 3124/4118/5457 3934/4116/5458 4843/4161/5459
f 3934/4116/5458 3030/3307/5460 3951/4162/5461 4843/4161/5459
f 3951/4162/5461 3265/4163/5462 4296/4164/5463 4843/4161/5459
f 4296/4164/5463 3266/4165/5464 4295/4160/5456 4843/4161/5459
s 124
f 3985/4166/5465 3261/4167/5466 4288/4168/5467 4844/4169/5468
f 4288/4168/5467 3262/4154/5469 3948/4153/5470 4844/4169/5468
f 3948/4153/5470 2864/4098/5471 3913/4097/5472 4844/4169/5468
f 3913/4097/5472 3121/4096/5473 3985/4166/5465 4844/4169/5468
s 125
f 4378/4170/5474 3306/4171/5475 4380/4172/5476 4845/4173/5477
f 4380/4172/5476 3308/4174/5478 4382/4175/5479 4845/4173/5477
f 4382/4175/5479 3309/4176/5480 4383/4177/5481 4845/4173/5477
f 4383/4177/5481 3307/4178/5482 4378/4170/5474 4845/4173/5477
s 121
f 3945/4179/5483 3101/4180/5484 3953/4181/5485 4846/4182/5486
f 3953/4181/5485 3106/4152/5446 4030/4151/5445 4846/4182/5486
f 4030/4151/5445 3145/4114/5444 4028/4183/5487 4846/4182/5486
f 4028/4183/5487 3092/4184/5488 3945/4179/5483 4846/4182/5486
s 103
f 3955/4185/5489 3107/4000/5238 4226/3999/5237 4847/4186/5490
f 4226/3999/5237 3231/3998/5236 4229/4187/5491 4847/4186/5490
f 4229/4187/5491 3232/4134/5492 4085/4132/5493 4847/4186/5490
f 4085/4132/5493 3099/4131/5494 3955/4185/5489 4847/4186/5490
s 119
f 3941/4130/5495 3070/4138/5496 3956/4188/5497 4848/4189/5498
f 3956/4188/5497 3108/4005/5417 3957/4139/5416 4848/4189/5498
f 3957/4139/5416 3107/4000/5424 3955/4185/5499 4848/4189/5498
f 3955/4185/5499 3099/4131/5500 3941/4130/5495 4848/4189/5498
s 95
f 3959/4006/5244 3108/4005/5243 3956/4188/5501 4849/4190/5502
f 3956/4188/5501 3070/4138/5503 3867/4191/5504 4849/4190/5502
f 3867/4191/5504 3071/3068/5505 3958/4192/5506 4849/4190/5502
f 3958/4192/5506 3109/4007/5245 3959/4006/5244 4849/4190/5502
f 3961/4038/5289 3109/4007/5245 3958/4192/5506 4850/4193/5507
f 3958/4192/5506 3071/3068/5505 3876/3099/5508 4850/4193/5507
f 3876/3099/5508 3055/2985/5509 3960/4194/5510 4850/4193/5507
f 3960/4194/5510 3110/3958/5180 3961/4038/5289 4850/4193/5507
f 3963/3959/5181 3110/3958/5180 3960/4194/5510 4851/4195/5511
f 3960/4194/5510 3055/2985/5509 3843/2984/5512 4851/4195/5511
f 3843/2984/5512 3057/2983/5513 3962/4196/5514 4851/4195/5511
f 3962/4196/5514 3111/3960/5182 3963/3959/5181 4851/4195/5511
f 3965/4055/5310 3111/3960/5182 3962/4196/5514 4852/4197/5515
f 3962/4196/5514 3057/2983/5513 3892/3129/5516 4852/4197/5515
f 3892/3129/5516 3082/3128/5517 3964/4198/5518 4852/4197/5515
f 3964/4198/5518 3112/4056/5311 3965/4055/5310 4852/4197/5515
f 3967/4073/5331 3112/4056/5311 3964/4198/5518 4853/4199/5519
f 3964/4198/5518 3082/3128/5517 3904/3153/5520 4853/4199/5519
f 3904/3153/5520 3046/2873/5521 3966/4200/5522 4853/4199/5519
f 3966/4200/5522 3113/3943/5162 3967/4073/5331 4853/4199/5519
f 3969/3944/5163 3113/3943/5162 3966/4200/5522 4854/4201/5523
f 3966/4200/5522 3046/2873/5521 3830/2872/5524 4854/4201/5523
f 3830/2872/5524 3049/2871/5525 3968/4202/5526 4854/4201/5523
f 3968/4202/5526 3114/3945/5164 3969/3944/5163 4854/4201/5523
f 3971/4103/5364 3114/3945/5164 3968/4202/5526 4855/4203/5527
f 3968/4202/5526 3049/2871/5525 3918/3350/5528 4855/4203/5527
f 3918/3350/5528 3090/3295/5529 3970/4204/5530 4855/4203/5527
f 3970/4204/5530 3115/4082/5342 3971/4103/5364 4855/4203/5527
f 3973/4083/5343 3115/4082/5342 3970/4204/5530 4856/4205/5531
f 3970/4204/5530 3090/3295/5529 3912/3294/5532 4856/4205/5531
f 3912/3294/5532 3083/3135/5533 3972/4206/5534 4856/4205/5531
f 3972/4206/5534 3116/4063/5318 3973/4083/5343 4856/4205/5531
f 3975/4064/5319 3116/4063/5318 3972/4206/5534 4857/4207/5535
f 3972/4206/5534 3083/3135/5533 3896/3134/5536 4857/4207/5535
f 3896/3134/5536 3075/3105/5537 3974/4208/5538 4857/4207/5535
f 3974/4208/5538 3117/4043/5294 3975/4064/5319 4857/4207/5535
f 3977/4044/5295 3117/4043/5294 3974/4208/5538 4858/4209/5539
f 3974/4208/5538 3075/3105/5537 3880/3104/5540 4858/4209/5539
f 3880/3104/5540 3058/2994/5541 3976/4210/5542 4858/4209/5539
f 3976/4210/5542 3118/3967/5189 3977/4044/5295 4858/4209/5539
f 3979/3968/5190 3118/3967/5189 3976/4210/5542 4859/4211/5543
f 3976/4210/5542 3058/2994/5541 3850/2993/5544 4859/4211/5543
f 3850/2993/5544 3061/2992/5545 3978/4212/5546 4859/4211/5543
f 3978/4212/5546 3119/3969/5191 3979/3968/5190 4859/4211/5543
s 107
f 3981/4028/5277 3119/3969/5276 3978/4212/5547 4860/4213/5548
f 3978/4212/5547 3061/2992/5549 3874/3078/5550 4860/4213/5548
f 3874/3078/5550 3072/3039/5551 3980/4214/5552 4860/4213/5548
f 3980/4214/5552 3120/4029/5278 3981/4028/5277 4860/4213/5548
f 3983/4095/5355 3120/4029/5278 3980/4214/5552 4861/4215/5553
f 3980/4214/5552 3072/3039/5551 3914/3296/5554 4861/4215/5553
f 3914/3296/5554 3091/3301/5555 3982/4216/5556 4861/4215/5553
f 3982/4216/5556 3121/4096/5356 3983/4095/5355 4861/4215/5553
s 124
f 3949/4217/5557 3260/4218/5558 4286/4219/5559 4862/4220/5560
f 4286/4219/5559 3261/4167/5466 3985/4166/5465 4862/4220/5560
f 3985/4166/5465 3121/4096/5473 3982/4216/5561 4862/4220/5560
f 3982/4216/5561 3091/3301/5562 3949/4217/5557 4862/4220/5560
s 113
f 3984/4221/5563 3103/4222/5564 4097/4223/5565 4863/4224/5566
f 4097/4223/5565 3255/4225/5567 4277/4226/5568 4863/4224/5566
f 4277/4226/5568 3256/4088/5348 4098/4086/5346 4863/4224/5566
f 4098/4086/5346 3122/4085/5345 3984/4221/5563 4863/4224/5566
s 123
f 3947/4227/5569 3095/4228/5570 3987/4229/5571 4864/4230/5572
f 3987/4229/5571 3124/4118/5457 4295/4160/5456 4864/4230/5572
f 4295/4160/5456 3266/4165/5464 4298/4231/5573 4864/4230/5572
f 4298/4231/5573 3267/4232/5574 3947/4227/5569 4864/4230/5572
s 116
f 3990/4119/5391 3124/4118/5390 3987/4229/5575 4865/4233/5576
f 3987/4229/5575 3095/4228/5577 3935/4234/5578 4865/4233/5576
f 3935/4234/5578 3094/4235/5579 3989/4236/5580 4865/4233/5576
f 3989/4236/5580 3125/4120/5392 3990/4119/5391 4865/4233/5576
f 3992/4123/5397 3125/4120/5392 3989/4236/5580 4866/4237/5581
f 3989/4236/5580 3094/4235/5579 3937/4238/5582 4866/4237/5581
f 3937/4238/5582 3096/4239/5583 3991/4240/5584 4866/4237/5581
f 3991/4240/5584 3126/4124/5398 3992/4123/5397 4866/4237/5581
s 105
f 3994/4241/5585 3127/4015/5256 4266/4014/5255 4867/4242/5586
f 4266/4014/5255 3251/4013/5254 4269/4243/5587 4867/4242/5586
f 4269/4243/5587 3252/3035/5588 4094/3033/5589 4867/4242/5586
f 4094/3033/5589 3073/3032/5590 3994/4241/5585 4867/4242/5586
f 3996/4023/5268 3127/4015/5256 3994/4241/5585 4868/4244/5591
f 3994/4241/5585 3073/3032/5590 3873/3076/5592 4868/4244/5591
f 3873/3076/5592 3060/2990/5593 3995/4245/5594 4868/4244/5591
f 3995/4245/5594 3128/4024/5269 3996/4023/5268 4868/4244/5591
s 99
f 3998/4105/5370 3128/4024/5369 3995/4245/5595 4869/4246/5596
f 3995/4245/5595 3060/2990/5597 3919/3691/5598 4869/4246/5596
f 3919/3691/5598 3062/2996/5599 3997/4247/5600 4869/4246/5596
f 3997/4247/5600 3129/3974/5198 3998/4105/5370 4869/4246/5596
f 4000/3975/5199 3129/3974/5198 3997/4247/5600 4870/4248/5601
f 3997/4247/5600 3062/2996/5599 3853/2995/5602 4870/4248/5601
f 3853/2995/5602 3063/3003/5603 3999/4249/5604 4870/4248/5601
f 3999/4249/5604 3130/3976/5200 4000/3975/5199 4870/4248/5601
s 96
usemtl man5_clean:eyeMUD_shoeF_lambert2SG
f 4002/3979/5208 3130/3976/5207 3999/4249/5605 4871/4250/5606
usemtl man5_clean:eyeMUD_shoeF_blinn1SG
f 3999/4249/5605 3063/3003/5607 3857/3002/5608 4871/4250/5606
f 3857/3002/5608 3065/3001/5609 4001/4251/5610 4871/4250/5606
usemtl man5_clean:eyeMUD_shoeF_lambert2SG
f 4001/4251/5610 3131/3980/5209 4002/3979/5208 4871/4250/5606
f 4004/4046/5298 3131/3980/5209 4001/4251/5610 4872/4252/5611
usemtl man5_clean:eyeMUD_shoeF_blinn1SG
f 4001/4251/5610 3065/3001/5609 3884/3111/5612 4872/4252/5611
f 3884/3111/5612 3078/3110/5613 4003/4253/5614 4872/4252/5611
usemtl man5_clean:eyeMUD_shoeF_lambert2SG
f 4003/4253/5614 3132/4047/5299 4004/4046/5298 4872/4252/5611
f 4006/4066/5322 3132/4047/5299 4003/4253/5614 4873/4254/5615
usemtl man5_clean:eyeMUD_shoeF_blinn1SG
f 4003/4253/5614 3078/3110/5613 3900/3141/5616 4873/4254/5615
f 3900/3141/5616 3086/3140/5617 4005/4255/5618 4873/4254/5615
usemtl man5_clean:eyeMUD_shoeF_lambert2SG
f 4005/4255/5618 3133/4067/5323 4006/4066/5322 4873/4254/5615
f 4008/4075/5334 3133/4067/5323 4005/4255/5618 4874/4256/5619
usemtl man5_clean:eyeMUD_shoeF_blinn1SG
f 4005/4255/5618 3086/3140/5617 3908/3289/5620 4874/4256/5619
f 3908/3289/5620 3088/3288/5621 4007/4257/5622 4874/4256/5619
usemtl man5_clean:eyeMUD_shoeF_lambert2SG
f 4007/4257/5622 3134/4076/5335 4008/4075/5334 4874/4256/5619
f 4010/4100/5361 3134/4076/5335 4007/4257/5622 4875/4258/5623
usemtl man5_clean:eyeMUD_shoeF_blinn1SG
f 4007/4257/5622 3088/3288/5621 3916/3347/5624 4875/4258/5623
f 3916/3347/5624 3053/2941/5625 4009/4259/5626 4875/4258/5623
usemtl man5_clean:eyeMUD_shoeF_lambert2SG
f 4009/4259/5626 3135/3950/5171 4010/4100/5361 4875/4258/5623
f 4012/3951/5172 3135/3950/5171 4009/4259/5626 4876/4260/5627
usemtl man5_clean:eyeMUD_shoeF_blinn1SG
f 4009/4259/5626 3053/2941/5625 3835/2940/5628 4876/4260/5627
f 3835/2940/5628 3052/2939/5629 4011/4261/5630 4876/4260/5627
usemtl man5_clean:eyeMUD_shoeF_lambert2SG
f 4011/4261/5630 3136/3952/5173 4012/3951/5172 4876/4260/5627
f 4014/4070/5328 3136/3952/5173 4011/4261/5630 4877/4262/5631
usemtl man5_clean:eyeMUD_shoeF_blinn1SG
f 4011/4261/5630 3052/2939/5629 3901/3148/5632 4877/4262/5631
f 3901/3148/5632 3079/3120/5633 4013/4263/5634 4877/4262/5631
usemtl man5_clean:eyeMUD_shoeF_lambert2SG
f 4013/4263/5634 3137/4051/5306 4014/4070/5328 4877/4262/5631
f 4016/4052/5307 3137/4051/5306 4013/4263/5634 4878/4264/5635
usemtl man5_clean:eyeMUD_shoeF_blinn1SG
f 4013/4263/5634 3079/3120/5633 3886/3118/5636 4878/4264/5635
f 3886/3118/5636 3068/3017/5637 4015/4265/5638 4878/4264/5635
usemtl man5_clean:eyeMUD_shoeF_lambert2SG
f 4015/4265/5638 3138/3990/5225 4016/4052/5307 4878/4264/5635
f 4018/3991/5226 3138/3990/5225 4015/4265/5638 4879/4266/5639
usemtl man5_clean:eyeMUD_shoeF_blinn1SG
f 4015/4265/5638 3068/3017/5637 3862/3015/5640 4879/4266/5639
f 3862/3015/5640 3066/3014/5641 4017/4267/5642 4879/4266/5639
usemtl man5_clean:eyeMUD_shoeF_lambert2SG
f 4017/4267/5642 3139/3984/5227 4018/3991/5226 4879/4266/5639
s 101
usemtl man5_clean:eyeMUD_shoeF_blinn1SG
f 4020/3985/5217 3139/3984/5216 4017/4267/5643 4880/4268/5644
f 4017/4267/5643 3066/3014/5645 3860/3013/5646 4880/4268/5644
f 3860/3013/5646 3067/3021/5647 4019/4269/5648 4880/4268/5644
f 4019/4269/5648 3140/3986/5218 4020/3985/5217 4880/4268/5644
f 4022/4109/5373 3140/4108/5218 4019/4270/5648 4881/4271/5649
f 4019/4270/5648 3067/3716/5647 3928/3715/5650 4881/4271/5649
f 3928/3715/5650 3054/2978/5651 4021/4272/5652 4881/4271/5649
f 4021/4272/5652 3141/4034/5374 4022/4109/5373 4881/4271/5649
s 106
f 4024/4035/5286 3141/4034/5285 4021/4272/5653 4882/4273/5654
f 4021/4272/5653 3054/2978/5655 3875/3097/5656 4882/4273/5654
f 3875/3097/5656 3074/3075/5657 4023/4274/5658 4882/4273/5654
f 4023/4274/5658 3142/4017/5258 4024/4035/5286 4882/4273/5654
f 4023/4274/5658 3074/3075/5657 4234/3074/5659 4883/4275/5660
f 4234/3074/5659 3235/3073/5661 4237/4276/5662 4883/4275/5660
f 4237/4276/5662 3236/4020/5261 4087/4018/5259 4883/4275/5660
f 4087/4018/5259 3142/4017/5258 4023/4274/5658 4883/4275/5660
s 115
f 4027/4129/5406 3143/4128/5405 4025/4277/5663 4884/4278/5664
f 4025/4277/5663 3097/4279/5665 3939/4280/5666 4884/4278/5664
f 3939/4280/5666 3093/4281/5667 4026/4282/5668 4884/4278/5664
f 4026/4282/5668 3144/4112/5381 4027/4129/5406 4884/4278/5664
f 4029/4113/5382 3144/4112/5381 4026/4282/5668 4885/4283/5669
f 4026/4282/5668 3093/4281/5667 3931/4284/5670 4885/4283/5669
f 3931/4284/5670 3092/4184/5671 4028/4183/5672 4885/4283/5669
f 4028/4183/5672 3145/4114/5383 4029/4113/5382 4885/4283/5669
s 128
f 4039/4285/5673 2864/4098/5674 4100/4159/5675 4886/4286/5676
f 4100/4159/5675 2865/3931/5677 4040/4287/5678 4886/4286/5676
f 4040/4287/5678 3152/4288/5679 4049/4289/5680 4886/4286/5676
f 4049/4289/5680 3153/4290/5681 4039/4285/5673 4886/4286/5676
f 3491/3930/5682 2876/3938/5683 4041/4291/5684 4887/4292/5685
f 4041/4291/5684 3151/4293/5686 4048/4294/5687 4887/4292/5685
f 4048/4294/5687 3152/4288/5679 4040/4287/5678 4887/4292/5685
f 4040/4287/5678 2865/3931/5677 3491/3930/5682 4887/4292/5685
f 4043/4295/5688 3150/4296/5689 4082/4297/5690 4888/4298/5691
f 4082/4297/5690 3151/4293/5686 4041/4291/5684 4888/4298/5691
f 4041/4291/5684 2876/3938/5683 4083/4142/5692 4888/4298/5691
f 4083/4142/5692 2875/4002/5693 4043/4295/5688 4888/4298/5691
f 4044/4299/5694 3149/4300/5695 4081/4301/5696 4889/4302/5697
f 4081/4301/5696 3148/4303/5698 4045/4304/5699 4889/4302/5697
f 4045/4304/5699 3148/4303/5698 4042/4305/5700 4890/4306/5701
f 4042/4305/5700 3147/4307/5702 4046/4308/5703 4890/4306/5701
f 4046/4308/5703 3147/4307/5702 4101/4309/5704 4891/4310/5705
f 4101/4309/5704 3146/4311/5706 4047/4312/5707 4891/4310/5705
f 4044/4299/5694 4889/4302/5697 4082/4297/5690 3150/4296/5689
f 3151/4293/5686 4082/4297/5690 4889/4302/5697 4045/4304/5699
f 3151/4293/5686 4045/4304/5699 4890/4306/5701 4048/4294/5687
f 3152/4288/5679 4048/4294/5687 4890/4306/5701 4046/4308/5703
f 3153/4290/5708 4049/4289/5709 4891/4310/5705 4047/4312/5707
f 3152/4288/5679 4046/4308/5703 4891/4310/5705 4049/4289/5709
s 132
f 4050/4313/5710 3146/4311/5711 4101/4309/5712 4892/4314/5713
f 4101/4309/5712 3147/4307/5714 4051/4315/5715 4892/4314/5713
f 4051/4315/5715 3155/4316/5716 4102/4317/5717 4892/4314/5713
f 4102/4317/5717 3154/4318/5718 4050/4313/5710 4892/4314/5713
f 4042/4305/5719 3148/4303/5720 4052/4319/5721 4893/4320/5722
f 4052/4319/5721 3156/4321/5723 4053/4322/5724 4893/4320/5722
f 4053/4322/5724 3155/4316/5716 4051/4315/5715 4893/4320/5722
f 4051/4315/5715 3147/4307/5714 4042/4305/5719 4893/4320/5722
f 4054/4323/5725 3157/4324/5726 4080/4325/5727 4894/4326/5728
f 4080/4325/5727 3156/4321/5723 4052/4319/5721 4894/4326/5728
f 4052/4319/5721 3148/4303/5720 4081/4301/5729 4894/4326/5728
f 4081/4301/5729 3149/4300/5730 4054/4323/5725 4894/4326/5728
s 135
f 4070/4327/5731 4895/4328/5732 4074/4329/5733 3167/4330/5734
f 4070/4327/5731 3165/4331/5735 4071/4332/5736 4895/4328/5732
f 4071/4332/5736 3164/4333/5737 4068/4334/5738 4895/4328/5732
s 136
f 4060/4335/5739 3160/4336/5740 4062/4337/5741 4896/4338/5742
f 4062/4337/5741 3161/4339/5743 4063/4340/5744 4896/4338/5742
s 135
f 3166/4341/5745 4074/4329/5733 4895/4328/5732 4068/4334/5738
s 136
f 4060/4335/5739 4896/4338/5742 4066/4342/5746 3162/4343/5747
f 3163/4344/5748 4066/4342/5746 4896/4338/5742 4063/4340/5744
s 137
f 4047/4312/5749 3146/4311/5750 4059/4345/5751 4897/4346/5752
f 4059/4345/5751 3160/4336/5753 4060/4335/5754 4897/4346/5752
s 132
f 4050/4313/5710 3154/4318/5718 4061/4347/5755 4898/4348/5756
f 4061/4347/5755 3161/4339/5757 4062/4337/5758 4898/4348/5756
f 4062/4337/5758 3160/4336/5759 4059/4345/5760 4898/4348/5756
f 4059/4345/5760 3146/4311/5711 4050/4313/5710 4898/4348/5756
s 138
f 3163/4344/5761 4063/4340/5762 4899/4349/5763 4065/4350/5764
f 4063/4340/5762 3161/4339/5765 4061/4347/5766 4899/4349/5763
f 4061/4347/5766 3154/4318/5767 4056/4351/5768 4899/4349/5763
s 137
f 3153/4290/5769 4047/4312/5749 4897/4346/5752 4064/4352/5770
f 4060/4335/5754 3162/4343/5771 4064/4352/5770 4897/4346/5752
s 138
f 3159/4353/5772 4065/4350/5764 4899/4349/5763 4056/4351/5768
s 139
f 4058/4354/5773 3153/4290/5774 4064/4352/5775 4900/4355/5776
f 4064/4352/5775 3162/4343/5777 4066/4342/5778 4900/4355/5776
f 4066/4342/5778 3163/4344/5779 4065/4350/5780 4900/4355/5776
f 4065/4350/5780 3159/4353/5781 4058/4354/5773 4900/4355/5776
s 140
f 3166/4341/5782 4068/4334/5783 4901/4356/5784 4072/4357/5785
f 4068/4334/5783 3164/4333/5786 4067/4358/5787 4901/4356/5784
f 4067/4358/5787 3149/4300/5788 4044/4299/5789 4901/4356/5784
s 141
f 4055/4359/5790 3157/4324/5791 4069/4360/5792 4902/4361/5793
f 4069/4360/5792 3165/4331/5794 4070/4327/5795 4902/4361/5793
s 132
f 4054/4323/5725 3149/4300/5730 4067/4358/5796 4903/4362/5797
f 4067/4358/5796 3164/4333/5798 4071/4332/5799 4903/4362/5797
f 4071/4332/5799 3165/4331/5800 4069/4360/5801 4903/4362/5797
f 4069/4360/5801 3157/4324/5726 4054/4323/5725 4903/4362/5797
s 140
f 4044/4299/5789 3150/4296/5802 4072/4357/5785 4901/4356/5784
s 142
f 4057/4363/5803 3158/4364/5804 4073/4365/5805 4904/4366/5806
f 4073/4365/5805 3167/4330/5807 4074/4329/5808 4904/4366/5806
f 4074/4329/5808 3166/4341/5809 4072/4357/5810 4904/4366/5806
f 4072/4357/5810 3150/4296/5811 4057/4363/5803 4904/4366/5806
s 141
f 4055/4359/5790 4902/4361/5793 4073/4365/5812 3158/4364/5813
f 4070/4327/5795 3167/4330/5814 4073/4365/5812 4902/4361/5793
s 143
f 4056/4351/5815 3154/4318/5816 4102/4317/5817 4905/4367/5818
f 4102/4317/5817 3155/4316/5819 4075/4368/5820 4905/4367/5818
f 4053/4322/5821 3156/4321/5822 4076/4369/5823 4906/4370/5824
f 3168/4371/5825 4075/4368/5820 4906/4370/5824 4078/4372/5826
f 4075/4368/5820 3155/4316/5819 4053/4322/5821 4906/4370/5824
f 3169/4373/5827 4076/4369/5823 4907/4374/5828 4079/4375/5829
f 4076/4369/5823 3156/4321/5822 4080/4325/5830 4907/4374/5828
f 4080/4325/5830 3157/4324/5831 4055/4359/5832 4907/4374/5828
f 3159/4353/5833 4056/4351/5815 4905/4367/5818 4077/4376/5834
f 3168/4371/5825 4077/4376/5834 4905/4367/5818 4075/4368/5820
f 3169/4373/5827 4078/4372/5826 4906/4370/5824 4076/4369/5823
f 4055/4359/5832 3158/4364/5835 4079/4375/5829 4907/4374/5828
s 145
f 4442/4377/5836 3338/4378/5837 4444/4379/5838 4908/4380/5839
f 4444/4379/5838 3340/4381/5840 4446/4382/5841 4908/4380/5839
f 4446/4382/5841 3341/4383/5842 4447/4384/5843 4908/4380/5839
f 4447/4384/5843 3339/4385/5844 4442/4377/5836 4908/4380/5839
s 17
f 4109/4386/5845 3171/4387/5846 3932/4388/5847 4909/4389/5848
f 3932/4388/5847 3093/4281/5849 3939/4280/5850 4909/4389/5848
f 3939/4280/5850 3097/4279/5851 3940/4390/5852 4909/4389/5848
f 3940/4390/5852 3172/4391/5853 4109/4386/5845 4909/4389/5848
s 106
f 4110/4392/5854 3173/4393/5855 4111/4394/5856 4910/4395/5857
f 4111/4394/5856 3172/4391/5858 3940/4390/5859 4910/4395/5857
f 3940/4390/5859 3097/4279/5860 4025/4277/5861 4910/4395/5857
f 4025/4277/5861 3143/4128/5862 4110/4392/5854 4910/4395/5857
f 4113/4396/5863 3173/4393/5855 4110/4392/5854 4911/4397/5864
f 4110/4392/5854 3143/4128/5862 3938/4126/5865 4911/4397/5864
f 3938/4126/5865 3045/2864/5866 3822/4398/5867 4911/4397/5864
f 3822/4398/5867 3174/4399/5868 4113/4396/5863 4911/4397/5864
s 2
f 4114/4400/5869 3175/4401/5870 4115/4402/5871 4912/4403/5872
f 4115/4402/5871 3174/4399/5873 3822/4398/5874 4912/4403/5872
f 3822/4398/5874 3045/2864/3857 3823/3643/4816 4912/4403/5872
f 3823/3643/4816 3044/3648/3931 4114/4400/5869 4912/4403/5872
f 4117/4404/5875 3175/4405/5870 4114/4406/5869 4913/4407/5876
f 4114/4406/5869 3044/2927/3931 3821/2926/3930 4913/4407/5876
f 3821/2926/3930 3043/2934/3938 3819/4408/5877 4913/4407/5876
f 3819/4408/5877 3176/4409/5878 4117/4404/5875 4913/4407/5876
s 67
usemtl man5_clean:eyeMUD_shoeF_lambert2SG
f 4119/4410/5879 3176/4409/5880 3819/4408/5881 4914/4411/5882
f 3819/4408/5881 3043/2934/4563 3820/3505/4562 4914/4411/5882
f 3820/3505/4562 3042/3356/4570 3817/4412/5883 4914/4411/5882
f 3817/4412/5883 3177/4413/5884 4119/4410/5879 4914/4411/5882
s 47
f 4121/4414/5885 3177/4413/5886 3817/4412/5887 4915/4415/5888
f 3817/4412/5887 3042/3356/4399 3818/3355/4398 4915/4415/5888
f 3818/3355/4398 3041/3363/4406 3815/4416/5889 4915/4415/5888
f 3815/4416/5889 3178/4417/5890 4121/4414/5885 4915/4415/5888
s 5
f 4123/4418/5891 3178/4417/5892 3815/4416/5893 4916/4419/5894
f 3815/4416/5893 3041/3363/4572 3816/3508/4571 4916/4419/5894
f 3816/3508/4571 3040/2884/3877 3813/4420/5895 4916/4419/5894
f 3813/4420/5895 3179/4421/5896 4123/4418/5891 4916/4419/5894
f 4125/4422/5897 3179/4421/5896 3813/4420/5895 4917/4423/5898
f 3813/4420/5895 3040/2884/3877 3814/2883/3876 4917/4423/5898
f 3814/2883/3876 3039/2891/3884 3811/4424/5899 4917/4423/5898
f 3811/4424/5899 3180/4425/5900 4125/4422/5897 4917/4423/5898
f 4127/4426/5901 3180/4425/5900 3811/4424/5899 4918/4427/5902
f 3811/4424/5899 3039/2891/3884 3812/3331/4374 4918/4427/5902
f 3812/3331/4374 3038/3243/4270 3809/4428/5903 4918/4427/5902
f 3809/4428/5903 3181/4429/5904 4127/4426/5901 4918/4427/5902
f 4128/4430/5905 3182/4431/5906 4129/4432/5907 4919/4433/5908
f 4129/4432/5907 3181/4429/5904 3809/4428/5903 4919/4433/5908
f 3809/4428/5903 3038/3243/4270 3810/3242/4269 4919/4433/5908
f 3810/3242/4269 3037/3247/4274 4128/4430/5905 4919/4433/5908
f 4130/4434/5909 3183/4435/5910 4131/4436/5911 4920/4437/5912
f 4131/4436/5911 3182/4431/5906 4128/4430/5905 4920/4437/5912
f 4128/4430/5905 3037/3247/4274 3808/3591/4735 4920/4437/5912
f 3808/3591/4735 3036/3455/4738 4130/4434/5909 4920/4437/5912
s 55
f 4132/4438/5913 3184/4439/5914 4133/4440/5915 4921/4441/5916
f 4133/4440/5915 3183/4435/5917 4130/4434/5918 4921/4441/5916
f 4130/4434/5918 3036/3455/4506 3807/3454/4505 4921/4441/5916
f 3807/3454/4505 3035/3459/4510 4132/4438/5913 4921/4441/5916
s 67
f 4134/4442/5919 3185/4443/5920 4135/4444/5921 4922/4445/5922
f 4135/4444/5921 3184/4439/5923 4132/4438/5924 4922/4445/5922
f 4132/4438/5924 3035/3459/4730 3806/3589/4729 4922/4445/5922
f 3806/3589/4729 3034/2945/4734 4134/4442/5919 4922/4445/5922
s 4
usemtl man5_clean:eyeMUD_shoeF_blinn1SG
f 4137/4446/5925 3185/4443/5926 4134/4442/5927 4923/4447/5928
f 4134/4442/5927 3034/2945/3949 3805/2944/3948 4923/4447/5928
f 3805/2944/3948 3033/2952/3956 3803/4448/5929 4923/4447/5928
f 3803/4448/5929 3186/4449/5930 4137/4446/5925 4923/4447/5928
f 4138/4450/5931 3187/4451/5932 4139/4452/5933 4924/4453/5934
f 4139/4452/5933 3186/4449/5930 3803/4448/5929 4924/4453/5934
f 3803/4448/5929 3033/2952/3956 3804/3679/4839 4924/4453/5934
f 3804/3679/4839 3032/2875/3868 4138/4450/5931 4924/4453/5934
s 105
f 4141/4454/5935 3187/4451/5936 4138/4450/5937 4925/4455/5938
f 4138/4450/5937 3032/2875/5939 3936/4125/5940 4925/4455/5938
f 3936/4125/5940 3126/4124/5941 3993/4456/5942 4925/4455/5938
f 3993/4456/5942 3188/4457/5943 4141/4454/5935 4925/4455/5938
f 4142/4458/5944 3189/4459/5945 4143/4460/5946 4926/4461/5947
f 4143/4460/5946 3188/4457/5943 3993/4456/5942 4926/4461/5947
f 3993/4456/5942 3126/4124/5941 3991/4240/5948 4926/4461/5947
f 3991/4240/5948 3096/4239/5949 4142/4458/5944 4926/4461/5947
s 18
f 4144/4462/5950 3190/4463/5951 4145/4464/5952 4927/4465/5953
f 4145/4464/5952 3189/4459/5954 4142/4458/5955 4927/4465/5953
f 4142/4458/5955 3096/4239/5956 3937/4238/5957 4927/4465/5953
f 3937/4238/5957 3094/4235/5958 4144/4462/5950 4927/4465/5953
s 44
f 4146/4466/5959 3191/4467/5960 4147/4468/5961 4928/4469/5962
f 4147/4468/5961 3190/4463/5963 4144/4462/5964 4928/4469/5962
f 4144/4462/5964 3094/4235/5965 3935/4234/5966 4928/4469/5962
f 3935/4234/5966 3095/4228/5967 4146/4466/5959 4928/4469/5962
s 162
f 4426/4470/5968 3331/4471/5969 4428/4472/5970 4929/4473/5971
f 4428/4472/5970 3332/4474/5972 4430/4475/5973 4929/4473/5971
f 4430/4475/5973 3333/4476/5974 4431/4477/5975 4929/4473/5971
f 4431/4477/5975 3330/4478/5976 4426/4470/5968 4929/4473/5971
s 113
f 4150/4479/5977 3193/4480/5978 4151/4481/5979 4930/4482/5980
f 4151/4481/5979 3192/4483/5981 4148/4484/5982 4930/4482/5980
f 4148/4484/5982 3105/4485/5983 3986/4486/5984 4930/4482/5980
f 3986/4486/5984 3123/4487/5985 4150/4479/5977 4930/4482/5980
f 4152/4488/5986 3194/4489/5987 4153/4490/5988 4931/4491/5989
f 4153/4490/5988 3193/4480/5978 4150/4479/5977 4931/4491/5989
f 4150/4479/5977 3123/4487/5985 3952/4492/5990 4931/4491/5989
f 3952/4492/5990 3104/4493/5991 4152/4488/5986 4931/4491/5989
s 122
f 4154/4494/5992 3195/4495/5993 4291/4496/5994 4932/4497/5995
f 4291/4496/5994 3264/4498/5996 4294/4499/5997 4932/4497/5995
f 4294/4499/5997 3265/4163/5998 3951/4162/5999 4932/4497/5995
f 3951/4162/5999 3030/3307/6000 4154/4494/5992 4932/4497/5995
s 6
f 4156/4500/6001 3196/4501/6002 4157/4502/6003 4933/4503/6004
f 4157/4502/6003 3195/4495/6005 4154/4494/6006 4933/4503/6004
f 4154/4494/6006 3030/3307/4346 3800/3351/4394 4933/4503/6004
f 3800/3351/4394 3029/2893/3886 4156/4500/6001 4933/4503/6004
s 120
f 4158/4504/6007 3197/4505/6008 4159/4506/6009 4934/4507/6010
f 4159/4506/6009 3196/4501/6011 4156/4500/6012 4934/4507/6010
f 4156/4500/6012 3029/2893/6013 3944/4149/6014 4934/4507/6010
f 3944/4149/6014 3100/4148/6015 4158/4504/6007 4934/4507/6010
s 103
f 4161/4508/6016 3197/4505/6017 4158/4504/6018 4935/4509/6019
f 4158/4504/6018 3100/4148/6020 3946/4147/6021 4935/4509/6019
f 3946/4147/6021 3106/4152/6022 3954/4510/6023 4935/4509/6019
f 3954/4510/6023 3198/4511/6024 4161/4508/6016 4935/4509/6019
f 4162/4512/6025 3199/4513/6026 4163/4514/6027 4936/4515/6028
f 4163/4514/6027 3198/4511/6024 3954/4510/6023 4936/4515/6028
f 3954/4510/6023 3106/4152/6022 3953/4181/6029 4936/4515/6028
f 3953/4181/6029 3101/4180/6030 4162/4512/6025 4936/4515/6028
s 17
f 4105/4516/6031 3170/4517/6032 4164/4518/6033 4937/4519/6034
f 4164/4518/6033 3199/4513/6035 4162/4512/6036 4937/4519/6034
f 4162/4512/6036 3101/4180/6037 3945/4179/6038 4937/4519/6034
f 3945/4179/6038 3092/4184/6039 4105/4516/6031 4937/4519/6034
s 171
f 4458/4520/6040 3346/4521/6041 4460/4522/6042 4938/4523/6043
f 4460/4522/6042 3348/4524/6044 4462/4525/6045 4938/4523/6043
f 4462/4525/6045 3349/4526/6046 4463/4527/6047 4938/4523/6043
f 4463/4527/6047 3347/4528/6048 4458/4520/6040 4938/4523/6043
s 17
f 4169/4529/6049 3201/4530/6050 4106/4531/6051 4939/4532/6052
f 4106/4531/6051 3171/4387/5846 4109/4386/5845 4939/4532/6052
f 4109/4386/5845 3172/4391/5853 4108/4533/6053 4939/4532/6052
f 4108/4533/6053 3202/4534/6054 4169/4529/6049 4939/4532/6052
s 106
f 4170/4535/6055 3203/4536/6056 4171/4537/6057 4940/4538/6058
f 4171/4537/6057 3202/4534/6059 4108/4533/6060 4940/4538/6058
f 4108/4533/6060 3172/4391/5858 4111/4394/5856 4940/4538/6058
f 4111/4394/5856 3173/4393/5855 4170/4535/6055 4940/4538/6058
f 4173/4539/6061 3203/4536/6056 4170/4535/6055 4941/4540/6062
f 4170/4535/6055 3173/4393/5855 4113/4396/5863 4941/4540/6062
f 4113/4396/5863 3174/4399/5868 4112/4541/6063 4941/4540/6062
f 4112/4541/6063 3204/4542/6064 4173/4539/6061 4941/4540/6062
s 2
f 4174/4543/6065 3205/4544/6066 4175/4545/6067 4942/4546/6068
f 4175/4545/6067 3204/4542/6069 4112/4541/6070 4942/4546/6068
f 4112/4541/6070 3174/4399/5873 4115/4402/5871 4942/4546/6068
f 4115/4402/5871 3175/4401/5870 4174/4543/6065 4942/4546/6068
f 4177/4547/6071 3205/4548/6066 4174/4549/6065 4943/4550/6072
f 4174/4549/6065 3175/4405/5870 4117/4404/5875 4943/4550/6072
f 4117/4404/5875 3176/4409/5878 4116/4551/6073 4943/4550/6072
f 4116/4551/6073 3206/4552/6074 4177/4547/6071 4943/4550/6072
s 67
usemtl man5_clean:eyeMUD_shoeF_lambert2SG
f 4179/4553/6075 3206/4552/6076 4116/4551/6077 4944/4554/6078
f 4116/4551/6077 3176/4409/5880 4119/4410/5879 4944/4554/6078
f 4119/4410/5879 3177/4413/5884 4118/4555/6079 4944/4554/6078
f 4118/4555/6079 3207/4556/6080 4179/4553/6075 4944/4554/6078
s 47
f 4181/4557/6081 3207/4556/6082 4118/4555/6083 4945/4558/6084
f 4118/4555/6083 3177/4413/5886 4121/4414/5885 4945/4558/6084
f 4121/4414/5885 3178/4417/5890 4120/4559/6085 4945/4558/6084
f 4120/4559/6085 3208/4560/6086 4181/4557/6081 4945/4558/6084
s 5
f 4183/4561/6087 3208/4560/6088 4120/4559/6089 4946/4562/6090
f 4120/4559/6089 3178/4417/5892 4123/4418/5891 4946/4562/6090
f 4123/4418/5891 3179/4421/5896 4122/4563/6091 4946/4562/6090
f 4122/4563/6091 3209/4564/6092 4183/4561/6087 4946/4562/6090
f 4185/4565/6093 3209/4564/6092 4122/4563/6091 4947/4566/6094
f 4122/4563/6091 3179/4421/5896 4125/4422/5897 4947/4566/6094
f 4125/4422/5897 3180/4425/5900 4124/4567/6095 4947/4566/6094
f 4124/4567/6095 3210/4568/6096 4185/4565/6093 4947/4566/6094
f 4187/4569/6097 3210/4568/6096 4124/4567/6095 4948/4570/6098
f 4124/4567/6095 3180/4425/5900 4127/4426/5901 4948/4570/6098
f 4127/4426/5901 3181/4429/5904 4126/4571/6099 4948/4570/6098
f 4126/4571/6099 3211/4572/6100 4187/4569/6097 4948/4570/6098
f 4188/4573/6101 3212/4574/6102 4189/4575/6103 4949/4576/6104
f 4189/4575/6103 3211/4572/6100 4126/4571/6099 4949/4576/6104
f 4126/4571/6099 3181/4429/5904 4129/4432/5907 4949/4576/6104
f 4129/4432/5907 3182/4431/5906 4188/4573/6101 4949/4576/6104
f 4190/4577/6105 3213/4578/6106 4191/4579/6107 4950/4580/6108
f 4191/4579/6107 3212/4574/6102 4188/4573/6101 4950/4580/6108
f 4188/4573/6101 3182/4431/5906 4131/4436/5911 4950/4580/6108
f 4131/4436/5911 3183/4435/5910 4190/4577/6105 4950/4580/6108
s 55
f 4192/4581/6109 3214/4582/6110 4193/4583/6111 4951/4584/6112
f 4193/4583/6111 3213/4578/6113 4190/4577/6114 4951/4584/6112
f 4190/4577/6114 3183/4435/5917 4133/4440/5915 4951/4584/6112
f 4133/4440/5915 3184/4439/5914 4192/4581/6109 4951/4584/6112
s 67
f 4194/4585/6115 3215/4586/6116 4195/4587/6117 4952/4588/6118
f 4195/4587/6117 3214/4582/6119 4192/4581/6120 4952/4588/6118
f 4192/4581/6120 3184/4439/5923 4135/4444/5921 4952/4588/6118
f 4135/4444/5921 3185/4443/5920 4194/4585/6115 4952/4588/6118
s 4
usemtl man5_clean:eyeMUD_shoeF_blinn1SG
f 4197/4589/6121 3215/4586/6122 4194/4585/6123 4953/4590/6124
f 4194/4585/6123 3185/4443/5926 4137/4446/5925 4953/4590/6124
f 4137/4446/5925 3186/4449/5930 4136/4591/6125 4953/4590/6124
f 4136/4591/6125 3216/4592/6126 4197/4589/6121 4953/4590/6124
f 4198/4593/6127 3217/4594/6128 4199/4595/6129 4954/4596/6130
f 4199/4595/6129 3216/4592/6126 4136/4591/6125 4954/4596/6130
f 4136/4591/6125 3186/4449/5930 4139/4452/5933 4954/4596/6130
f 4139/4452/5933 3187/4451/5932 4198/4593/6127 4954/4596/6130
s 105
f 4201/4597/6131 3217/4594/6132 4198/4593/6133 4955/4598/6134
f 4198/4593/6133 3187/4451/5936 4141/4454/5935 4955/4598/6134
f 4141/4454/5935 3188/4457/5943 4140/4599/6135 4955/4598/6134
f 4140/4599/6135 3218/4600/6136 4201/4597/6131 4955/4598/6134
f 4202/4601/6137 3219/4602/6138 4203/4603/6139 4956/4604/6140
f 4203/4603/6139 3218/4600/6136 4140/4599/6135 4956/4604/6140
f 4140/4599/6135 3188/4457/5943 4143/4460/5946 4956/4604/6140
f 4143/4460/5946 3189/4459/5945 4202/4601/6137 4956/4604/6140
s 18
f 4204/4605/6141 3220/4606/6142 4205/4607/6143 4957/4608/6144
f 4205/4607/6143 3219/4602/6145 4202/4601/6146 4957/4608/6144
f 4202/4601/6146 3189/4459/5954 4145/4464/5952 4957/4608/6144
f 4145/4464/5952 3190/4463/5951 4204/4605/6141 4957/4608/6144
s 44
f 4206/4609/6147 3221/4610/6148 4207/4611/6149 4958/4612/6150
f 4207/4611/6149 3220/4606/6151 4204/4605/6152 4958/4612/6150
f 4204/4605/6152 3190/4463/5963 4147/4468/5961 4958/4612/6150
f 4147/4468/5961 3191/4467/5960 4206/4609/6147 4958/4612/6150
s 188
f 4410/4613/6153 3323/4614/6154 4412/4615/6155 4959/4616/6156
f 4412/4615/6155 3324/4617/6157 4414/4618/6158 4959/4616/6156
f 4414/4618/6158 3325/4619/6159 4415/4620/6160 4959/4616/6156
f 4415/4620/6160 3322/4621/6161 4410/4613/6153 4959/4616/6156
s 113
f 4210/4622/6162 3223/4623/6163 4211/4624/6164 4960/4625/6165
f 4211/4624/6164 3222/4626/6166 4208/4627/6167 4960/4625/6165
f 4208/4627/6167 3192/4483/5981 4151/4481/5979 4960/4625/6165
f 4151/4481/5979 3193/4480/5978 4210/4622/6162 4960/4625/6165
f 4212/4628/6168 3224/4629/6169 4213/4630/6170 4961/4631/6171
f 4213/4630/6170 3223/4623/6163 4210/4622/6162 4961/4631/6171
f 4210/4622/6162 3193/4480/5978 4153/4490/5988 4961/4631/6171
f 4153/4490/5988 3194/4489/5987 4212/4628/6168 4961/4631/6171
s 122
f 4214/4632/6172 3225/3934/6173 4289/4633/6174 4962/4634/6175
f 4289/4633/6174 3263/4635/6176 4292/4636/6177 4962/4634/6175
f 4292/4636/6177 3264/4498/5996 4291/4496/5994 4962/4634/6175
f 4291/4496/5994 3195/4495/5993 4214/4632/6172 4962/4634/6175
s 6
f 4216/4637/6178 3226/3936/5155 4217/3935/5154 4963/4638/6179
f 4217/3935/5154 3225/3934/5153 4214/4632/6180 4963/4638/6179
f 4214/4632/6180 3195/4495/6005 4157/4502/6003 4963/4638/6179
f 4157/4502/6003 3196/4501/6002 4216/4637/6178 4963/4638/6179
s 120
f 4218/4639/6181 3227/4145/5433 4219/4144/5432 4964/4640/6182
f 4219/4144/5432 3226/3936/5431 4216/4637/6183 4964/4640/6182
f 4216/4637/6183 3196/4501/6011 4159/4506/6009 4964/4640/6182
f 4159/4506/6009 3197/4505/6008 4218/4639/6181 4964/4640/6182
s 103
f 4221/4641/6184 3227/4145/6185 4218/4639/6186 4965/4642/6187
f 4218/4639/6186 3197/4505/6017 4161/4508/6016 4965/4642/6187
f 4161/4508/6016 3198/4511/6024 4160/4643/6188 4965/4642/6187
f 4160/4643/6188 3228/4644/6189 4221/4641/6184 4965/4642/6187
f 4222/4645/6190 3229/4646/6191 4223/4647/6192 4966/4648/6193
f 4223/4647/6192 3228/4644/6189 4160/4643/6188 4966/4648/6193
f 4160/4643/6188 3198/4511/6024 4163/4514/6027 4966/4648/6193
f 4163/4514/6027 3199/4513/6026 4222/4645/6190 4966/4648/6193
s 17
f 4165/4649/6194 3200/4650/6195 4224/4651/6196 4967/4652/6197
f 4224/4651/6196 3229/4646/6198 4222/4645/6199 4967/4652/6197
f 4222/4645/6199 3199/4513/6035 4164/4518/6033 4967/4652/6197
f 4164/4518/6033 3170/4517/6032 4165/4649/6194 4967/4652/6197
s 103
f 4227/3997/5235 3230/3996/5234 4225/4146/6200 4968/4653/6201
f 4225/4146/6200 3227/4145/6185 4221/4641/6184 4968/4653/6201
f 4221/4641/6184 3228/4644/6189 4220/4654/6202 4968/4653/6201
f 4220/4654/6202 3231/3998/5236 4227/3997/5235 4968/4653/6201
f 4228/4655/6203 3232/4134/5492 4229/4187/5491 4969/4656/6204
f 4229/4187/5491 3231/3998/5236 4220/4654/6202 4969/4656/6204
f 4220/4654/6202 3228/4644/6189 4223/4647/6192 4969/4656/6204
f 4223/4647/6192 3229/4646/6191 4228/4655/6203 4969/4656/6204
s 17
f 4230/4657/6205 3233/4136/5413 4231/4135/5412 4970/4658/6206
f 4231/4135/5412 3232/4134/5411 4228/4655/6207 4970/4658/6206
f 4228/4655/6207 3229/4646/6198 4224/4651/6196 4970/4658/6206
f 4224/4651/6196 3200/4650/6195 4230/4657/6205 4970/4658/6206
s 195
f 4482/4659/6208 3358/4660/6209 4484/4661/6210 4971/4662/6211
f 4484/4661/6210 3360/4663/6212 4486/4664/6213 4971/4662/6211
f 4486/4664/6213 3361/4665/6214 4487/4666/6215 4971/4662/6211
f 4487/4666/6215 3359/4667/6216 4482/4659/6208 4971/4662/6211
s 17
f 4235/3072/4079 3234/3071/4078 4166/4668/6217 4972/4669/6218
f 4166/4668/6217 3201/4530/6050 4169/4529/6049 4972/4669/6218
f 4169/4529/6049 3202/4534/6054 4168/4670/6219 4972/4669/6218
f 4168/4670/6219 3235/3073/4080 4235/3072/4079 4972/4669/6218
s 106
f 4236/4671/6220 3236/4020/5261 4237/4276/5662 4973/4672/6221
f 4237/4276/5662 3235/3073/5661 4168/4670/6222 4973/4672/6221
f 4168/4670/6222 3202/4534/6059 4171/4537/6057 4973/4672/6221
f 4171/4537/6057 3203/4536/6056 4236/4671/6220 4973/4672/6221
f 4239/4021/5262 3236/4020/5261 4236/4671/6220 4974/4673/6223
f 4236/4671/6220 3203/4536/6056 4173/4539/6061 4974/4673/6223
f 4173/4539/6061 3204/4542/6064 4172/4674/6224 4974/4673/6223
f 4172/4674/6224 3237/3730/5263 4239/4021/5262 4974/4673/6223
s 2
f 4240/4675/6225 3238/3732/4069 4241/3731/4881 4975/4676/6226
f 4241/3731/4881 3237/3730/4880 4172/4674/6227 4975/4676/6226
f 4172/4674/6227 3204/4542/6069 4175/4545/6067 4975/4676/6226
f 4175/4545/6067 3205/4544/6066 4240/4675/6225 4975/4676/6226
f 4243/3063/4070 3238/3062/4069 4240/4677/6225 4976/4678/6228
f 4240/4677/6225 3205/4548/6066 4177/4547/6071 4976/4678/6228
f 4177/4547/6071 3206/4552/6074 4176/4679/6229 4976/4678/6228
f 4176/4679/6229 3239/3064/4071 4243/3063/4070 4976/4678/6228
s 67
usemtl man5_clean:eyeMUD_shoeF_lambert2SG
f 4245/3534/4622 3239/3064/4621 4176/4679/6230 4977/4680/6231
f 4176/4679/6230 3206/4552/6076 4179/4553/6075 4977/4680/6231
f 4179/4553/6075 3207/4556/6080 4178/4681/6232 4977/4680/6231
f 4178/4681/6232 3240/3392/4623 4245/3534/4622 4977/4680/6231
s 47
f 4247/3393/4439 3240/3392/4438 4178/4681/6233 4978/4682/6234
f 4178/4681/6233 3207/4556/6082 4181/4557/6081 4978/4682/6234
f 4181/4557/6081 3208/4560/6086 4180/4683/6235 4978/4682/6234
f 4180/4683/6235 3241/3394/4440 4247/3393/4439 4978/4682/6234
s 5
f 4249/3537/4631 3241/3394/4630 4180/4683/6236 4979/4684/6237
f 4180/4683/6236 3208/4560/6088 4183/4561/6087 4979/4684/6237
f 4183/4561/6087 3209/4564/6092 4182/4685/6238 4979/4684/6237
f 4182/4685/6238 3242/3053/4060 4249/3537/4631 4979/4684/6237
f 4251/3054/4061 3242/3053/4060 4182/4685/6238 4980/4686/6239
f 4182/4685/6238 3209/4564/6092 4185/4565/6093 4980/4686/6239
f 4185/4565/6093 3210/4568/6096 4184/4687/6240 4980/4686/6239
f 4184/4687/6240 3243/3055/4062 4251/3054/4061 4980/4686/6239
f 4253/3335/4378 3243/3055/4062 4184/4687/6240 4981/4688/6241
f 4184/4687/6240 3210/4568/6096 4187/4569/6097 4981/4688/6241
f 4187/4569/6097 3211/4572/6100 4186/4689/6242 4981/4688/6241
f 4186/4689/6242 3244/3252/4279 4253/3335/4378 4981/4688/6241
f 4254/4690/6243 3245/3254/4281 4255/3253/4280 4982/4691/6244
f 4255/3253/4280 3244/3252/4279 4186/4689/6242 4982/4691/6244
f 4186/4689/6242 3211/4572/6100 4189/4575/6103 4982/4691/6244
f 4189/4575/6103 3212/4574/6102 4254/4690/6243 4982/4691/6244
f 4256/4692/6245 3246/3464/4751 4257/3598/4750 4983/4693/6246
f 4257/3598/4750 3245/3254/4281 4254/4690/6243 4983/4693/6246
f 4254/4690/6243 3212/4574/6102 4191/4579/6107 4983/4693/6246
f 4191/4579/6107 3213/4578/6106 4256/4692/6245 4983/4693/6246
s 55
f 4258/4694/6247 3247/3466/4517 4259/3465/4516 4984/4695/6248
f 4259/3465/4516 3246/3464/4515 4256/4692/6249 4984/4695/6248
f 4256/4692/6249 3213/4578/6113 4193/4583/6111 4984/4695/6248
f 4193/4583/6111 3214/4582/6110 4258/4694/6247 4984/4695/6248
s 67
f 4260/4696/6250 3248/3044/4745 4261/3595/4744 4985/4697/6251
f 4261/3595/4744 3247/3466/4743 4258/4694/6252 4985/4697/6251
f 4258/4694/6252 3214/4582/6119 4195/4587/6117 4985/4697/6251
f 4195/4587/6117 3215/4586/6116 4260/4696/6250 4985/4697/6251
s 4
usemtl man5_clean:eyeMUD_shoeF_blinn1SG
f 4263/3045/4052 3248/3044/4051 4260/4696/6253 4986/4698/6254
f 4260/4696/6253 3215/4586/6122 4197/4589/6121 4986/4698/6254
f 4197/4589/6121 3216/4592/6126 4196/4699/6255 4986/4698/6254
f 4196/4699/6255 3249/3046/4053 4263/3045/4052 4986/4698/6254
f 4264/4700/6256 3250/3684/4844 4265/3683/4843 4987/4701/6257
f 4265/3683/4843 3249/3046/4053 4196/4699/6255 4987/4701/6257
f 4196/4699/6255 3216/4592/6126 4199/4595/6129 4987/4701/6257
f 4199/4595/6129 3217/4594/6128 4264/4700/6256 4987/4701/6257
s 105
f 4267/4012/5253 3250/3684/5252 4264/4700/6258 4988/4702/6259
f 4264/4700/6258 3217/4594/6132 4201/4597/6131 4988/4702/6259
f 4201/4597/6131 3218/4600/6136 4200/4703/6260 4988/4702/6259
f 4200/4703/6260 3251/4013/5254 4267/4012/5253 4988/4702/6259
f 4268/4704/6261 3252/3035/5588 4269/4243/5587 4989/4705/6262
f 4269/4243/5587 3251/4013/5254 4200/4703/6260 4989/4705/6262
f 4200/4703/6260 3218/4600/6136 4203/4603/6139 4989/4705/6262
f 4203/4603/6139 3219/4602/6138 4268/4704/6261 4989/4705/6262
s 18
f 4270/4706/6263 3253/3037/4044 4271/3036/4043 4990/4707/6264
f 4271/3036/4043 3252/3035/4042 4268/4704/6265 4990/4707/6264
f 4268/4704/6265 3219/4602/6145 4205/4607/6143 4990/4707/6264
f 4205/4607/6143 3220/4606/6142 4270/4706/6263 4990/4707/6264
s 44
f 4272/4708/6266 3254/3299/4335 4273/3298/4334 4991/4709/6267
f 4273/3298/4334 3253/3037/4333 4270/4706/6268 4991/4709/6267
f 4270/4706/6268 3220/4606/6151 4207/4611/6149 4991/4709/6267
f 4207/4611/6149 3221/4610/6148 4272/4708/6266 4991/4709/6267
s 196
f 4394/4710/6269 3315/4711/6270 4396/4712/6271 4992/4713/6272
f 4396/4712/6271 3316/4714/6273 4398/4715/6274 4992/4713/6272
f 4398/4715/6274 3317/4716/6275 4399/4717/6276 4992/4713/6272
f 4399/4717/6276 3314/4718/6277 4394/4710/6269 4992/4713/6272
s 113
f 4276/4719/6278 3256/4088/5348 4277/4226/5568 4993/4720/6279
f 4277/4226/5568 3255/4225/5567 4274/4721/6280 4993/4720/6279
f 4274/4721/6280 3222/4626/6166 4211/4624/6164 4993/4720/6279
f 4211/4624/6164 3223/4623/6163 4276/4719/6278 4993/4720/6279
f 4278/4722/6281 3257/4090/5350 4279/4089/5349 4994/4723/6282
f 4279/4089/5349 3256/4088/5348 4276/4719/6278 4994/4723/6282
f 4276/4719/6278 3223/4623/6163 4213/4630/6170 4994/4723/6282
f 4213/4630/6170 3224/4629/6169 4278/4722/6281 4994/4723/6282
s 197
f 4274/4721/6283 3255/4225/6284 4281/4724/6285 4995/4725/6286
f 4281/4724/6285 3259/4726/6287 4282/4727/6288 4995/4725/6286
f 4282/4727/6288 3258/4728/6289 4280/4729/6290 4995/4725/6286
f 4280/4729/6290 3222/4626/6291 4274/4721/6283 4995/4725/6286
f 4283/4730/6292 3260/4218/6293 4284/4731/6294 4996/4732/6295
f 4284/4731/6294 3259/4726/6287 4281/4724/6285 4996/4732/6295
f 4281/4724/6285 3255/4225/6284 4097/4223/6296 4996/4732/6295
f 4097/4223/6296 3103/4222/6297 4283/4730/6292 4996/4732/6295
s 124
f 4286/4219/5559 3260/4218/5558 4283/4730/6298 4997/4733/6299
f 4283/4730/6298 3103/4222/6300 3984/4221/6301 4997/4733/6299
f 3984/4221/6301 3122/4085/6302 4285/4734/6303 4997/4733/6299
f 4285/4734/6303 3261/4167/5466 4286/4219/5559 4997/4733/6299
f 4288/4168/5467 3261/4167/5466 4285/4734/6303 4998/4735/6304
f 4285/4734/6303 3122/4085/6302 3950/4084/6305 4998/4735/6304
f 3950/4084/6305 3102/4092/6306 4287/4736/6307 4998/4735/6304
f 4287/4736/6307 3262/4154/5469 4288/4168/5467 4998/4735/6304
s 122
f 4302/4737/6308 3269/4157/5451 4290/4155/5449 4999/4738/6309
f 4290/4155/5449 3262/4154/5448 4287/4736/6310 4999/4738/6309
f 4287/4736/6310 3102/4092/6311 4099/4091/6312 4999/4738/6309
f 4099/4091/6312 3257/4090/6313 4278/4722/6314 4999/4738/6309
f 4278/4722/6314 3224/4629/6315 4215/4739/6316 4999/4738/6309
f 4215/4739/6316 3263/4635/6176 4302/4737/6308 4999/4738/6309
f 4292/4636/6177 3263/4635/6176 4215/4739/6316 5000/4740/6317
f 4215/4739/6316 3224/4629/6315 4212/4628/6318 5000/4740/6317
f 4212/4628/6318 3194/4489/6319 4155/4741/6320 5000/4740/6317
f 4155/4741/6320 3264/4498/5996 4292/4636/6177 5000/4740/6317
f 4294/4499/5997 3264/4498/5996 4155/4741/6320 5001/4742/6321
f 4155/4741/6320 3194/4489/6319 4152/4488/6322 5001/4742/6321
f 4152/4488/6322 3104/4493/6323 4293/4743/6324 5001/4742/6321
f 4293/4743/6324 3265/4163/5998 4294/4499/5997 5001/4742/6321
s 123
f 3988/4744/6325 3266/4165/5464 4296/4164/6326 5002/4745/6327
f 4296/4164/6326 3265/4163/6328 4293/4743/6329 5002/4745/6327
f 4293/4743/6329 3104/4493/6330 3952/4492/6331 5002/4745/6327
f 3952/4492/6331 3123/4487/6332 3988/4744/6325 5002/4745/6327
f 4297/4746/6333 3267/4232/5574 4298/4231/5573 5003/4747/6334
f 4298/4231/5573 3266/4165/5464 3988/4744/6325 5003/4747/6334
f 3988/4744/6325 3123/4487/6332 3986/4486/6335 5003/4747/6334
f 3986/4486/6335 3105/4485/6336 4297/4746/6333 5003/4747/6334
s 197
f 4148/4484/6337 3192/4483/6338 4299/4748/6339 5004/4749/6340
f 4299/4748/6339 3268/4750/6341 4300/4751/6342 5004/4749/6340
f 4300/4751/6342 3267/4232/6343 4297/4746/6344 5004/4749/6340
f 4297/4746/6344 3105/4485/6345 4148/4484/6337 5004/4749/6340
f 4208/4627/6346 3222/4626/6291 4280/4729/6290 5005/4752/6347
f 4280/4729/6290 3258/4728/6289 4301/4753/6348 5005/4752/6347
f 4301/4753/6348 3268/4750/6341 4299/4748/6339 5005/4752/6347
f 4299/4748/6339 3192/4483/6338 4208/4627/6346 5005/4752/6347
s 122
f 4303/4158/5452 3269/4157/5451 4302/4737/6308 5006/4754/6349
f 4302/4737/6308 3263/4635/6176 4289/4633/6174 5006/4754/6349
f 4289/4633/6174 3225/3934/6173 4103/3932/6350 5006/4754/6349
f 4103/3932/6350 2865/3931/5453 4303/4158/5452 5006/4754/6349
s 197
f 3949/4217/6351 3091/3301/6352 4304/4755/6353 5007/4756/6354
f 4304/4755/6353 3270/4757/6355 4306/4758/6356 5007/4756/6354
f 4306/4758/6356 3271/4759/6357 4305/4760/6358 5007/4756/6354
f 4305/4760/6358 3260/4218/6293 3949/4217/6351 5007/4756/6354
f 4096/3300/6359 3254/3299/6360 4307/4761/6361 5008/4762/6362
f 4307/4761/6361 3272/4763/6363 4308/4764/6364 5008/4762/6362
f 4308/4764/6364 3270/4757/6355 4304/4755/6353 5008/4762/6362
f 4304/4755/6353 3091/3301/6352 4096/3300/6359 5008/4762/6362
f 4275/4765/6365 3259/4726/6287 4309/4766/6366 5009/4767/6367
f 4309/4766/6366 3273/4768/6368 4310/4769/6369 5009/4767/6367
f 4310/4769/6369 3272/4763/6363 4307/4761/6361 5009/4767/6367
f 4307/4761/6361 3254/3299/6360 4275/4765/6365 5009/4767/6367
f 4284/4731/6294 3260/4218/6293 4305/4760/6358 5010/4770/6370
f 4305/4760/6358 3271/4759/6357 4311/4771/6371 5010/4770/6370
f 4311/4771/6371 3273/4768/6368 4309/4766/6366 5010/4770/6370
f 4309/4766/6366 3259/4726/6287 4284/4731/6294 5010/4770/6370
f 4282/4727/6288 3259/4726/6287 4313/4772/6372 5011/4773/6373
f 4313/4772/6372 3275/4774/6374 4314/4775/6375 5011/4773/6373
f 4314/4775/6375 3274/4776/6376 4312/4777/6377 5011/4773/6373
f 4312/4777/6377 3258/4728/6289 4282/4727/6288 5011/4773/6373
f 4275/4765/6365 3254/3299/6360 4315/4778/6378 5012/4779/6379
f 4315/4778/6378 3276/4780/6380 4316/4781/6381 5012/4779/6379
f 4316/4781/6381 3275/4774/6374 4313/4772/6372 5012/4779/6379
f 4313/4772/6372 3259/4726/6287 4275/4765/6365 5012/4779/6379
f 4272/4708/6382 3221/4610/6383 4317/4782/6384 5013/4783/6385
f 4317/4782/6384 3277/4784/6386 4318/4785/6387 5013/4783/6385
f 4318/4785/6387 3276/4780/6380 4315/4778/6378 5013/4783/6385
f 4315/4778/6378 3254/3299/6360 4272/4708/6382 5013/4783/6385
f 4209/4786/6388 3258/4728/6289 4312/4777/6377 5014/4787/6389
f 4312/4777/6377 3274/4776/6376 4319/4788/6390 5014/4787/6389
f 4319/4788/6390 3277/4784/6386 4317/4782/6384 5014/4787/6389
f 4317/4782/6384 3221/4610/6383 4209/4786/6388 5014/4787/6389
f 4301/4753/6348 3258/4728/6289 4321/4789/6391 5015/4790/6392
f 4321/4789/6391 3279/4791/6393 4322/4792/6394 5015/4790/6392
f 4322/4792/6394 3278/4793/6395 4320/4794/6396 5015/4790/6392
f 4320/4794/6396 3268/4750/6341 4301/4753/6348 5015/4790/6392
f 4209/4786/6388 3221/4610/6383 4323/4795/6397 5016/4796/6398
f 4323/4795/6397 3280/4797/6399 4324/4798/6400 5016/4796/6398
f 4324/4798/6400 3279/4791/6393 4321/4789/6391 5016/4796/6398
f 4321/4789/6391 3258/4728/6289 4209/4786/6388 5016/4796/6398
f 4206/4609/6401 3191/4467/6402 4325/4799/6403 5017/4800/6404
f 4325/4799/6403 3281/4801/6405 4326/4802/6406 5017/4800/6404
f 4326/4802/6406 3280/4797/6399 4323/4795/6397 5017/4800/6404
f 4323/4795/6397 3221/4610/6383 4206/4609/6401 5017/4800/6404
f 4149/4803/6407 3268/4750/6341 4320/4794/6396 5018/4804/6408
f 4320/4794/6396 3278/4793/6395 4327/4805/6409 5018/4804/6408
f 4327/4805/6409 3281/4801/6405 4325/4799/6403 5018/4804/6408
f 4325/4799/6403 3191/4467/6402 4149/4803/6407 5018/4804/6408
f 4300/4751/6342 3268/4750/6341 4329/4806/6410 5019/4807/6411
f 4329/4806/6410 3283/4808/6412 4330/4809/6413 5019/4807/6411
f 4330/4809/6413 3282/4810/6414 4328/4811/6415 5019/4807/6411
f 4328/4811/6415 3267/4232/6343 4300/4751/6342 5019/4807/6411
f 4149/4803/6407 3191/4467/6402 4331/4812/6416 5020/4813/6417
f 4331/4812/6416 3284/4814/6418 4332/4815/6419 5020/4813/6417
f 4332/4815/6419 3283/4808/6412 4329/4806/6410 5020/4813/6417
f 4329/4806/6410 3268/4750/6341 4149/4803/6407 5020/4813/6417
f 4146/4466/6420 3095/4228/6421 4333/4816/6422 5021/4817/6423
f 4333/4816/6422 3285/4818/6424 4334/4819/6425 5021/4817/6423
f 4334/4819/6425 3284/4814/6418 4331/4812/6416 5021/4817/6423
f 4331/4812/6416 3191/4467/6402 4146/4466/6420 5021/4817/6423
f 3947/4227/6426 3267/4232/6343 4328/4811/6415 5022/4820/6427
f 4328/4811/6415 3282/4810/6414 4335/4821/6428 5022/4820/6427
f 4335/4821/6428 3285/4818/6424 4333/4816/6422 5022/4820/6427
f 4333/4816/6422 3095/4228/6421 3947/4227/6426 5022/4820/6427
s 17
f 4107/4822/6429 3170/4517/6032 4336/4823/6430 5023/4824/6431
f 4336/4823/6430 3286/4825/6432 4338/4826/6433 5023/4824/6431
f 4338/4826/6433 3287/4827/6434 4337/4828/6435 5023/4824/6431
f 4337/4828/6435 3171/4387/5846 4107/4822/6429 5023/4824/6431
f 4105/4516/6031 3092/4184/6039 4339/4829/6436 5024/4830/6437
f 4339/4829/6436 3288/4831/6438 4340/4832/6439 5024/4830/6437
f 4340/4832/6439 3286/4825/6432 4336/4823/6430 5024/4830/6437
f 4336/4823/6430 3170/4517/6032 4105/4516/6031 5024/4830/6437
f 3931/4284/6440 3093/4281/5849 4341/4833/6441 5025/4834/6442
f 4341/4833/6441 3289/4835/6443 4342/4836/6444 5025/4834/6442
f 4342/4836/6444 3288/4831/6438 4339/4829/6436 5025/4834/6442
f 4339/4829/6436 3092/4184/6039 3931/4284/6440 5025/4834/6442
f 3932/4388/5847 3171/4387/5846 4337/4828/6435 5026/4837/6445
f 4337/4828/6435 3287/4827/6434 4343/4838/6446 5026/4837/6445
f 4343/4838/6446 3289/4835/6443 4341/4833/6441 5026/4837/6445
f 4341/4833/6441 3093/4281/5849 3932/4388/5847 5026/4837/6445
f 4167/4839/6447 3200/4650/6195 4344/4840/6448 5027/4841/6449
f 4344/4840/6448 3290/4842/6450 4346/4843/6451 5027/4841/6449
f 4346/4843/6451 3291/4844/6452 4345/4845/6453 5027/4841/6449
f 4345/4845/6453 3201/4530/6050 4167/4839/6447 5027/4841/6449
f 4165/4649/6194 3170/4517/6032 4347/4846/6454 5028/4847/6455
f 4347/4846/6454 3292/4848/6456 4348/4849/6457 5028/4847/6455
f 4348/4849/6457 3290/4842/6450 4344/4840/6448 5028/4847/6455
f 4344/4840/6448 3200/4650/6195 4165/4649/6194 5028/4847/6455
f 4107/4822/6429 3171/4387/5846 4349/4850/6458 5029/4851/6459
f 4349/4850/6458 3293/4852/6460 4350/4853/6461 5029/4851/6459
f 4350/4853/6461 3292/4848/6456 4347/4846/6454 5029/4851/6459
f 4347/4846/6454 3170/4517/6032 4107/4822/6429 5029/4851/6459
f 4106/4531/6051 3201/4530/6050 4345/4845/6453 5030/4854/6462
f 4345/4845/6453 3291/4844/6452 4351/4855/6463 5030/4854/6462
f 4351/4855/6463 3293/4852/6460 4349/4850/6458 5030/4854/6462
f 4349/4850/6458 3171/4387/5846 4106/4531/6051 5030/4854/6462
f 4233/4856/6464 3233/4136/6465 4352/4857/6466 5031/4858/6467
f 4352/4857/6466 3294/4859/6468 4354/4860/6469 5031/4858/6467
f 4354/4860/6469 3295/4861/6470 4353/4862/6471 5031/4858/6467
f 4353/4862/6471 3234/3071/4078 4233/4856/6464 5031/4858/6467
f 4230/4657/6472 3200/4650/6195 4355/4863/6473 5032/4864/6474
f 4355/4863/6473 3296/4865/6475 4356/4866/6476 5032/4864/6474
f 4356/4866/6476 3294/4859/6468 4352/4857/6466 5032/4864/6474
f 4352/4857/6466 3233/4136/6465 4230/4657/6472 5032/4864/6474
f 4167/4839/6447 3201/4530/6050 4357/4867/6477 5033/4868/6478
f 4357/4867/6477 3297/4869/6479 4358/4870/6480 5033/4868/6478
f 4358/4870/6480 3296/4865/6475 4355/4863/6473 5033/4868/6478
f 4355/4863/6473 3200/4650/6195 4167/4839/6447 5033/4868/6478
f 4166/4668/6217 3234/3071/4078 4353/4862/6471 5034/4871/6481
f 4353/4862/6471 3295/4861/6470 4359/4872/6482 5034/4871/6481
f 4359/4872/6482 3297/4869/6479 4357/4867/6477 5034/4871/6481
f 4357/4867/6477 3201/4530/6050 4166/4668/6217 5034/4871/6481
f 3867/4191/6483 3070/4138/6484 4361/4873/6485 5035/4874/6486
f 4361/4873/6485 3299/4875/6487 4362/4876/6488 5035/4874/6486
f 4362/4876/6488 3298/4877/6489 4360/4878/6490 5035/4874/6486
f 4360/4878/6490 3071/3068/6491 3867/4191/6483 5035/4874/6486
f 4086/4137/6492 3233/4136/6465 4363/4879/6493 5036/4880/6494
f 4363/4879/6493 3300/4881/6495 4364/4882/6496 5036/4880/6494
f 4364/4882/6496 3299/4875/6487 4361/4873/6485 5036/4880/6494
f 4361/4873/6485 3070/4138/6484 4086/4137/6492 5036/4880/6494
f 4233/4856/6464 3234/3071/4078 4365/4883/6497 5037/4884/6498
f 4365/4883/6497 3301/4885/6499 4366/4886/6500 5037/4884/6498
f 4366/4886/6500 3300/4881/6495 4363/4879/6493 5037/4884/6498
f 4363/4879/6493 3233/4136/6465 4233/4856/6464 5037/4884/6498
f 4232/3069/6501 3071/3068/6491 4360/4878/6490 5038/4887/6502
f 4360/4878/6490 3298/4877/6489 4367/4888/6503 5038/4887/6502
f 4367/4888/6503 3301/4885/6504 4365/4883/6505 5038/4887/6502
f 4365/4883/6505 3234/3071/6506 4232/3069/6501 5038/4887/6502
s 210
f 4306/4758/6507 3270/4757/6508 4368/4889/6509 5039/4890/6510
f 4368/4889/6509 3394/4891/6511 4554/4892/6512 5039/4890/6510
f 4554/4892/6512 3395/4893/6513 4369/4894/6514 5039/4890/6510
f 4369/4894/6514 3271/4759/6515 4306/4758/6507 5039/4890/6510
s 211
f 4308/4764/6516 3272/4763/6517 4371/4895/6518 5040/4896/6519
f 4371/4895/6518 3397/4897/6520 4559/4898/6521 5040/4896/6519
f 4559/4898/6521 3394/4891/6522 4368/4889/6523 5040/4896/6519
f 4368/4889/6523 3270/4757/6524 4308/4764/6516 5040/4896/6519
s 212
f 4310/4769/6525 3273/4768/6526 4373/4899/6527 5041/4900/6528
f 4373/4899/6527 3396/4901/6529 4558/4902/6530 5041/4900/6528
f 4558/4902/6530 3397/4897/6531 4371/4895/6532 5041/4900/6528
f 4371/4895/6532 3272/4763/6533 4310/4769/6525 5041/4900/6528
s 213
f 4311/4771/6534 3271/4759/6535 4369/4894/6536 5042/4903/6537
f 4369/4894/6536 3395/4893/6538 4556/4904/6539 5042/4903/6537
f 4556/4904/6539 3396/4901/6540 4373/4899/6541 5042/4903/6537
f 4373/4899/6541 3273/4768/6542 4311/4771/6534 5042/4903/6537
s 125
f 4370/4905/6543 3302/4906/6544 4376/4907/6545 5043/4908/6546
f 4376/4907/6545 3306/4171/5475 4378/4170/5474 5043/4908/6546
f 4378/4170/5474 3307/4178/5482 4377/4909/6547 5043/4908/6546
f 4377/4909/6547 3303/4910/6548 4370/4905/6543 5043/4908/6546
f 4372/4911/6549 3304/4912/6550 4379/4913/6551 5044/4914/6552
f 4379/4913/6551 3308/4174/5478 4380/4172/5476 5044/4914/6552
f 4380/4172/5476 3306/4171/5475 4376/4907/6545 5044/4914/6552
f 4376/4907/6545 3302/4906/6544 4372/4911/6549 5044/4914/6552
f 4374/4915/6553 3305/4916/6554 4381/4917/6555 5045/4918/6556
f 4381/4917/6555 3309/4176/5480 4382/4175/5479 5045/4918/6556
f 4382/4175/5479 3308/4174/5478 4379/4913/6551 5045/4918/6556
f 4379/4913/6551 3304/4912/6550 4374/4915/6553 5045/4918/6556
f 4375/4919/6557 3303/4910/6548 4377/4909/6547 5046/4920/6558
f 4377/4909/6547 3307/4178/5482 4383/4177/5481 5046/4920/6558
f 4383/4177/5481 3309/4176/5480 4381/4917/6555 5046/4920/6558
f 4381/4917/6555 3305/4916/6554 4375/4919/6557 5046/4920/6558
s 217
f 4314/4775/6559 3275/4774/6560 4385/4921/6561 5047/4922/6562
f 4385/4921/6561 3391/4923/6563 4548/4924/6564 5047/4922/6562
f 4548/4924/6564 3392/4925/6565 4384/4926/6566 5047/4922/6562
f 4384/4926/6566 3274/4776/6567 4314/4775/6559 5047/4922/6562
s 218
f 4316/4781/6568 3276/4780/6569 4387/4927/6570 5048/4928/6571
f 4387/4927/6570 3390/4929/6572 4546/4930/6573 5048/4928/6571
f 4546/4930/6573 3391/4923/6574 4385/4921/6575 5048/4928/6571
f 4385/4921/6575 3275/4774/6576 4316/4781/6568 5048/4928/6571
s 219
f 4318/4785/6577 3277/4784/6578 4389/4931/6579 5049/4932/6580
f 4389/4931/6579 3393/4933/6581 4551/4934/6582 5049/4932/6580
f 4551/4934/6582 3390/4929/6583 4387/4927/6584 5049/4932/6580
f 4387/4927/6584 3276/4780/6585 4318/4785/6577 5049/4932/6580
s 220
f 4319/4788/6586 3274/4776/6587 4384/4926/6588 5050/4935/6589
f 4384/4926/6588 3392/4925/6590 4550/4936/6591 5050/4935/6589
f 4550/4936/6591 3393/4933/6592 4389/4931/6593 5050/4935/6589
f 4389/4931/6593 3277/4784/6594 4319/4788/6586 5050/4935/6589
s 221
f 4386/4937/6595 3311/4938/6596 4393/4939/6597 5051/4940/6598
f 4393/4939/6597 3315/4711/6599 4394/4710/6600 5051/4940/6598
f 4394/4710/6600 3314/4718/6601 4392/4941/6602 5051/4940/6598
f 4392/4941/6602 3310/4942/6603 4386/4937/6595 5051/4940/6598
s 218
f 4388/4943/6604 3312/4944/6605 4395/4945/6606 5052/4946/6607
f 4395/4945/6606 3316/4714/6608 4396/4712/6609 5052/4946/6607
f 4396/4712/6609 3315/4711/6610 4393/4939/6611 5052/4946/6607
f 4393/4939/6611 3311/4938/6612 4388/4943/6604 5052/4946/6607
s 223
f 4390/4947/6613 3313/4948/6614 4397/4949/6615 5053/4950/6616
f 4397/4949/6615 3317/4716/6617 4398/4715/6618 5053/4950/6616
f 4398/4715/6618 3316/4714/6619 4395/4945/6620 5053/4950/6616
f 4395/4945/6620 3312/4944/6621 4390/4947/6613 5053/4950/6616
s 224
f 4391/4951/6622 3310/4942/6623 4392/4941/6624 5054/4952/6625
f 4392/4941/6624 3314/4718/6626 4399/4717/6627 5054/4952/6625
f 4399/4717/6627 3317/4716/6628 4397/4949/6629 5054/4952/6625
f 4397/4949/6629 3313/4948/6630 4391/4951/6622 5054/4952/6625
s 225
f 4322/4792/6631 3279/4791/6632 4401/4953/6633 5055/4954/6634
f 4401/4953/6633 3387/4955/6635 4540/4956/6636 5055/4954/6634
f 4540/4956/6636 3388/4957/6637 4400/4958/6638 5055/4954/6634
f 4400/4958/6638 3278/4793/6639 4322/4792/6631 5055/4954/6634
s 226
f 4324/4798/6640 3280/4797/6641 4403/4959/6642 5056/4960/6643
f 4403/4959/6642 3386/4961/6644 4538/4962/6645 5056/4960/6643
f 4538/4962/6645 3387/4955/6646 4401/4953/6647 5056/4960/6643
f 4401/4953/6647 3279/4791/6648 4324/4798/6640 5056/4960/6643
s 227
f 4326/4802/6649 3281/4801/6650 4405/4963/6651 5057/4964/6652
f 4405/4963/6651 3389/4965/6653 4543/4966/6654 5057/4964/6652
f 4543/4966/6654 3386/4961/6655 4403/4959/6656 5057/4964/6652
f 4403/4959/6656 3280/4797/6657 4326/4802/6649 5057/4964/6652
s 228
f 4327/4805/6658 3278/4793/6659 4400/4958/6660 5058/4967/6661
f 4400/4958/6660 3388/4957/6662 4542/4968/6663 5058/4967/6661
f 4542/4968/6663 3389/4965/6664 4405/4963/6665 5058/4967/6661
f 4405/4963/6665 3281/4801/6666 4327/4805/6658 5058/4967/6661
s 225
f 4402/4969/6667 3319/4970/6668 4409/4971/6669 5059/4972/6670
f 4409/4971/6669 3323/4614/6671 4410/4613/6672 5059/4972/6670
f 4410/4613/6672 3322/4621/6673 4408/4973/6674 5059/4972/6670
f 4408/4973/6674 3318/4974/6675 4402/4969/6667 5059/4972/6670
s 226
f 4404/4975/6676 3320/4976/6677 4411/4977/6678 5060/4978/6679
f 4411/4977/6678 3324/4617/6680 4412/4615/6681 5060/4978/6679
f 4412/4615/6681 3323/4614/6682 4409/4971/6683 5060/4978/6679
f 4409/4971/6683 3319/4970/6684 4404/4975/6676 5060/4978/6679
s 227
f 4406/4979/6685 3321/4980/6686 4413/4981/6687 5061/4982/6688
f 4413/4981/6687 3325/4619/6689 4414/4618/6690 5061/4982/6688
f 4414/4618/6690 3324/4617/6691 4411/4977/6692 5061/4982/6688
f 4411/4977/6692 3320/4976/6693 4406/4979/6685 5061/4982/6688
s 228
f 4407/4983/6694 3318/4974/6695 4408/4973/6696 5062/4984/6697
f 4408/4973/6696 3322/4621/6698 4415/4620/6699 5062/4984/6697
f 4415/4620/6699 3325/4619/6700 4413/4981/6701 5062/4984/6697
f 4413/4981/6701 3321/4980/6702 4407/4983/6694 5062/4984/6697
s 233
f 4330/4809/6703 3283/4808/6704 4417/4985/6705 5063/4986/6706
f 4417/4985/6705 3382/4987/6707 4530/4988/6708 5063/4986/6706
f 4530/4988/6708 3383/4989/6709 4416/4990/6710 5063/4986/6706
f 4416/4990/6710 3282/4810/6711 4330/4809/6703 5063/4986/6706
s 234
f 4332/4815/6712 3284/4814/6713 4419/4991/6714 5064/4992/6715
f 4419/4991/6714 3385/4993/6716 4535/4994/6717 5064/4992/6715
f 4535/4994/6717 3382/4987/6718 4417/4985/6719 5064/4992/6715
f 4417/4985/6719 3283/4808/6720 4332/4815/6712 5064/4992/6715
s 235
f 4334/4819/6721 3285/4818/6722 4421/4995/6723 5065/4996/6724
f 4421/4995/6723 3384/4997/6725 4534/4998/6726 5065/4996/6724
f 4534/4998/6726 3385/4993/6727 4419/4991/6728 5065/4996/6724
f 4419/4991/6728 3284/4814/6729 4334/4819/6721 5065/4996/6724
s 236
f 4335/4821/6730 3282/4810/6731 4416/4990/6732 5066/4999/6733
f 4416/4990/6732 3383/4989/6734 4532/5000/6735 5066/4999/6733
f 4532/5000/6735 3384/4997/6736 4421/4995/6737 5066/4999/6733
f 4421/4995/6737 3285/4818/6738 4335/4821/6730 5066/4999/6733
s 233
f 4418/5001/6739 3327/5002/6740 4425/5003/6741 5067/5004/6742
f 4425/5003/6741 3331/4471/6743 4426/4470/6744 5067/5004/6742
f 4426/4470/6744 3330/4478/6745 4424/5005/6746 5067/5004/6742
f 4424/5005/6746 3326/5006/6747 4418/5001/6739 5067/5004/6742
s 234
f 4420/5007/6748 3328/5008/6749 4427/5009/6750 5068/5010/6751
f 4427/5009/6750 3332/4474/6752 4428/4472/6753 5068/5010/6751
f 4428/4472/6753 3331/4471/6754 4425/5003/6755 5068/5010/6751
f 4425/5003/6755 3327/5002/6756 4420/5007/6748 5068/5010/6751
s 235
f 4422/5011/6757 3329/5012/6758 4429/5013/6759 5069/5014/6760
f 4429/5013/6759 3333/4476/6761 4430/4475/6762 5069/5014/6760
f 4430/4475/6762 3332/4474/6763 4427/5009/6764 5069/5014/6760
f 4427/5009/6764 3328/5008/6765 4422/5011/6757 5069/5014/6760
s 236
f 4423/5015/6766 3326/5006/6767 4424/5005/6768 5070/5016/6769
f 4424/5005/6768 3330/4478/6770 4431/4477/6771 5070/5016/6769
f 4431/4477/6771 3333/4476/6772 4429/5013/6773 5070/5016/6769
f 4429/5013/6773 3329/5012/6774 4423/5015/6766 5070/5016/6769
s 241
f 4338/4826/6775 3286/4825/6776 4432/5017/6777 5071/5018/6778
f 4432/5017/6777 3374/5019/6779 4514/5020/6780 5071/5018/6778
f 4514/5020/6780 3375/5021/6781 4433/5022/6782 5071/5018/6778
f 4433/5022/6782 3287/4827/6783 4338/4826/6775 5071/5018/6778
s 145
f 4340/4832/6784 3288/4831/6785 4435/5023/6786 5072/5024/6787
f 4435/5023/6786 3377/5025/6788 4519/5026/6789 5072/5024/6787
f 4519/5026/6789 3374/5019/6790 4432/5017/6791 5072/5024/6787
f 4432/5017/6791 3286/4825/6792 4340/4832/6784 5072/5024/6787
s 243
f 4342/4836/6793 3289/4835/6794 4437/5027/6795 5073/5028/6796
f 4437/5027/6795 3376/5029/6797 4518/5030/6798 5073/5028/6796
f 4518/5030/6798 3377/5025/6799 4435/5023/6800 5073/5028/6796
f 4435/5023/6800 3288/4831/6801 4342/4836/6793 5073/5028/6796
s 244
f 4343/4838/6802 3287/4827/6803 4433/5022/6804 5074/5031/6805
f 4433/5022/6804 3375/5021/6806 4516/5032/6807 5074/5031/6805
f 4516/5032/6807 3376/5029/6808 4437/5027/6809 5074/5031/6805
f 4437/5027/6809 3289/4835/6810 4343/4838/6802 5074/5031/6805
s 241
f 4434/5033/6811 3334/5034/6812 4440/5035/6813 5075/5036/6814
f 4440/5035/6813 3338/4378/6815 4442/4377/6816 5075/5036/6814
f 4442/4377/6816 3339/4385/6817 4441/5037/6818 5075/5036/6814
f 4441/5037/6818 3335/5038/6819 4434/5033/6811 5075/5036/6814
s 145
f 4436/5039/6820 3336/5040/6821 4443/5041/6822 5076/5042/6823
f 4443/5041/6822 3340/4381/5840 4444/4379/5838 5076/5042/6823
f 4444/4379/5838 3338/4378/5837 4440/5035/6824 5076/5042/6823
f 4440/5035/6824 3334/5034/6825 4436/5039/6820 5076/5042/6823
s 247
f 4438/5043/6826 3337/5044/6827 4445/5045/6828 5077/5046/6829
f 4445/5045/6828 3341/4383/6830 4446/4382/6831 5077/5046/6829
f 4446/4382/6831 3340/4381/6832 4443/5041/6833 5077/5046/6829
f 4443/5041/6833 3336/5040/6834 4438/5043/6826 5077/5046/6829
s 248
f 4439/5047/6835 3335/5038/6836 4441/5037/6837 5078/5048/6838
f 4441/5037/6837 3339/4385/6839 4447/4384/6840 5078/5048/6838
f 4447/4384/6840 3341/4383/6841 4445/5045/6842 5078/5048/6838
f 4445/5045/6842 3337/5044/6843 4439/5047/6835 5078/5048/6838
s 249
f 4346/4843/6844 3290/4842/6845 4448/5049/6846 5079/5050/6847
f 4448/5049/6846 3370/5051/6848 4506/5052/6849 5079/5050/6847
f 4506/5052/6849 3371/5053/6850 4449/5054/6851 5079/5050/6847
f 4449/5054/6851 3291/4844/6852 4346/4843/6844 5079/5050/6847
s 250
f 4348/4849/6853 3292/4848/6854 4451/5055/6855 5080/5056/6856
f 4451/5055/6855 3373/5057/6857 4511/5058/6858 5080/5056/6856
f 4511/5058/6858 3370/5051/6859 4448/5049/6860 5080/5056/6856
f 4448/5049/6860 3290/4842/6861 4348/4849/6853 5080/5056/6856
s 251
f 4350/4853/6862 3293/4852/6863 4453/5059/6864 5081/5060/6865
f 4453/5059/6864 3372/5061/6866 4510/5062/6867 5081/5060/6865
f 4510/5062/6867 3373/5057/6868 4451/5055/6869 5081/5060/6865
f 4451/5055/6869 3292/4848/6870 4350/4853/6862 5081/5060/6865
s 252
f 4351/4855/6871 3291/4844/6872 4449/5054/6873 5082/5063/6874
f 4449/5054/6873 3371/5053/6875 4508/5064/6876 5082/5063/6874
f 4508/5064/6876 3372/5061/6877 4453/5059/6878 5082/5063/6874
f 4453/5059/6878 3293/4852/6879 4351/4855/6871 5082/5063/6874
s 249
f 4450/5065/6880 3342/5066/6881 4456/5067/6882 5083/5068/6883
f 4456/5067/6882 3346/4521/6884 4458/4520/6885 5083/5068/6883
f 4458/4520/6885 3347/4528/6886 4457/5069/6887 5083/5068/6883
f 4457/5069/6887 3343/5070/6888 4450/5065/6880 5083/5068/6883
s 250
f 4452/5071/6889 3344/5072/6890 4459/5073/6891 5084/5074/6892
f 4459/5073/6891 3348/4524/6893 4460/4522/6894 5084/5074/6892
f 4460/4522/6894 3346/4521/6895 4456/5067/6896 5084/5074/6892
f 4456/5067/6896 3342/5066/6897 4452/5071/6889 5084/5074/6892
s 251
f 4454/5075/6898 3345/5076/6899 4461/5077/6900 5085/5078/6901
f 4461/5077/6900 3349/4526/6902 4462/4525/6903 5085/5078/6901
f 4462/4525/6903 3348/4524/6904 4459/5073/6905 5085/5078/6901
f 4459/5073/6905 3344/5072/6906 4454/5075/6898 5085/5078/6901
s 252
f 4455/5079/6907 3343/5070/6908 4457/5069/6909 5086/5080/6910
f 4457/5069/6909 3347/4528/6911 4463/4527/6912 5086/5080/6910
f 4463/4527/6912 3349/4526/6913 4461/5077/6914 5086/5080/6910
f 4461/5077/6914 3345/5076/6915 4455/5079/6907 5086/5080/6910
s 257
f 4354/4860/6916 3294/4859/6917 4464/5081/6918 5087/5082/6919
f 4464/5081/6918 3350/5083/6920 4466/5084/6921 5087/5082/6919
f 4466/5084/6921 3351/5085/6922 4465/5086/6923 5087/5082/6919
f 4465/5086/6923 3295/4861/6924 4354/4860/6916 5087/5082/6919
s 258
f 4356/4866/6925 3296/4865/6926 4467/5087/6927 5088/5088/6928
f 4467/5087/6927 3352/5089/6929 4468/5090/6930 5088/5088/6928
f 4468/5090/6930 3350/5083/6931 4464/5081/6932 5088/5088/6928
f 4464/5081/6932 3294/4859/6933 4356/4866/6925 5088/5088/6928
s 259
f 4358/4870/6934 3297/4869/6935 4469/5091/6936 5089/5092/6937
f 4469/5091/6936 3353/5093/6938 4470/5094/6939 5089/5092/6937
f 4470/5094/6939 3352/5089/6940 4467/5087/6941 5089/5092/6937
f 4467/5087/6941 3296/4865/6942 4358/4870/6934 5089/5092/6937
s 260
f 4359/4872/6943 3295/4861/6944 4465/5086/6945 5090/5095/6946
f 4465/5086/6945 3351/5085/6947 4471/5096/6948 5090/5095/6946
f 4471/5096/6948 3353/5093/6949 4469/5091/6950 5090/5095/6946
f 4469/5091/6950 3297/4869/6951 4359/4872/6943 5090/5095/6946
s 261
f 4466/5084/6952 3350/5083/6953 4472/5097/6954 5091/5098/6955
f 4472/5097/6954 3354/5099/6956 4474/5100/6957 5091/5098/6955
f 4474/5100/6957 3355/5101/6958 4473/5102/6959 5091/5098/6955
f 4473/5102/6959 3351/5085/6960 4466/5084/6952 5091/5098/6955
s 262
f 4468/5090/6961 3352/5089/6962 4475/5103/6963 5092/5104/6964
f 4475/5103/6963 3356/5105/6965 4476/5106/6966 5092/5104/6964
f 4476/5106/6966 3354/5099/6967 4472/5097/6968 5092/5104/6964
f 4472/5097/6968 3350/5083/6969 4468/5090/6961 5092/5104/6964
s 263
f 4470/5094/6970 3353/5093/6971 4477/5107/6972 5093/5108/6973
f 4477/5107/6972 3357/5109/6974 4478/5110/6975 5093/5108/6973
f 4478/5110/6975 3356/5105/6976 4475/5103/6977 5093/5108/6973
f 4475/5103/6977 3352/5089/6978 4470/5094/6970 5093/5108/6973
s 264
f 4471/5096/6979 3351/5085/6980 4473/5102/6981 5094/5111/6982
f 4473/5102/6981 3355/5101/6983 4479/5112/6984 5094/5111/6982
f 4479/5112/6984 3357/5109/6985 4477/5107/6986 5094/5111/6982
f 4477/5107/6986 3353/5093/6987 4471/5096/6979 5094/5111/6982
s 261
f 4474/5100/6957 3354/5099/6956 4480/5113/6988 5095/5114/6989
f 4480/5113/6988 3358/4660/6990 4482/4659/6991 5095/5114/6989
f 4482/4659/6991 3359/4667/6992 4481/5115/6993 5095/5114/6989
f 4481/5115/6993 3355/5101/6958 4474/5100/6957 5095/5114/6989
s 262
f 4476/5106/6966 3356/5105/6965 4483/5116/6994 5096/5117/6995
f 4483/5116/6994 3360/4663/6996 4484/4661/6997 5096/5117/6995
f 4484/4661/6997 3358/4660/6998 4480/5113/6999 5096/5117/6995
f 4480/5113/6999 3354/5099/6967 4476/5106/6966 5096/5117/6995
s 263
f 4478/5110/6975 3357/5109/6974 4485/5118/7000 5097/5119/7001
f 4485/5118/7000 3361/4665/7002 4486/4664/7003 5097/5119/7001
f 4486/4664/7003 3360/4663/7004 4483/5116/7005 5097/5119/7001
f 4483/5116/7005 3356/5105/6976 4478/5110/6975 5097/5119/7001
s 264
f 4479/5112/6984 3355/5101/6983 4481/5115/7006 5098/5120/7007
f 4481/5115/7006 3359/4667/7008 4487/4666/7009 5098/5120/7007
f 4487/4666/7009 3361/4665/7010 4485/5118/7011 5098/5120/7007
f 4485/5118/7011 3357/5109/6985 4479/5112/6984 5098/5120/7007
s 265
f 4362/4876/7012 3299/4875/7013 4489/5121/7014 5099/5122/7015
f 4489/5121/7014 3378/5123/7016 4522/5124/7017 5099/5122/7015
f 4522/5124/7017 3379/5125/7018 4488/5126/7019 5099/5122/7015
f 4488/5126/7019 3298/4877/7020 4362/4876/7012 5099/5122/7015
s 266
f 4364/4882/7021 3300/4881/7022 4491/5127/7023 5100/5128/7024
f 4491/5127/7023 3381/5129/7025 4527/5130/7026 5100/5128/7024
f 4527/5130/7026 3378/5123/7027 4489/5121/7028 5100/5128/7024
f 4489/5121/7028 3299/4875/7029 4364/4882/7021 5100/5128/7024
s 267
f 4366/4886/7030 3301/4885/7031 4493/5131/7032 5101/5132/7033
f 4493/5131/7032 3380/5133/7034 4526/5134/7035 5101/5132/7033
f 4526/5134/7035 3381/5129/7036 4491/5127/7037 5101/5132/7033
f 4491/5127/7037 3300/4881/7038 4366/4886/7030 5101/5132/7033
s 268
f 4367/4888/7039 3298/4877/7040 4488/5126/7041 5102/5135/7042
f 4488/5126/7041 3379/5125/7043 4524/5136/7044 5102/5135/7042
f 4524/5136/7044 3380/5133/7045 4493/5131/7046 5102/5135/7042
f 4493/5131/7046 3301/4885/7047 4367/4888/7039 5102/5135/7042
s 265
f 4490/5137/7048 3363/5138/7049 4497/5139/7050 5103/5140/7051
f 4497/5139/7050 3367/3023/7052 4498/3022/7053 5103/5140/7051
f 4498/3022/7053 3366/3030/7054 4496/5141/7055 5103/5140/7051
f 4496/5141/7055 3362/5142/7056 4490/5137/7048 5103/5140/7051
s 266
f 4492/5143/7057 3364/5144/7058 4499/5145/7059 5104/5146/7060
f 4499/5145/7059 3368/3026/7061 4500/3024/7062 5104/5146/7060
f 4500/3024/7062 3367/3023/7063 4497/5139/7064 5104/5146/7060
f 4497/5139/7064 3363/5138/7065 4492/5143/7057 5104/5146/7060
s 267
f 4494/5147/7066 3365/5148/7067 4501/5149/7068 5105/5150/7069
f 4501/5149/7068 3369/3028/7070 4502/3027/7071 5105/5150/7069
f 4502/3027/7071 3368/3026/7072 4499/5145/7073 5105/5150/7069
f 4499/5145/7073 3364/5144/7074 4494/5147/7066 5105/5150/7069
s 268
f 4495/5151/7075 3362/5142/7076 4496/5141/7077 5106/5152/7078
f 4496/5141/7077 3366/3030/7079 4503/3029/7080 5106/5152/7078
f 4503/3029/7080 3369/3028/7081 4501/5149/7082 5106/5152/7078
f 4501/5149/7082 3365/5148/7083 4495/5151/7075 5106/5152/7078
s 249
f 4506/5052/6849 3370/5051/6848 4504/5153/7084 5107/5154/7085
f 4504/5153/7084 3342/5066/6881 4450/5065/6880 5107/5154/7085
f 4450/5065/6880 3343/5070/6888 4505/5155/7086 5107/5154/7085
f 4505/5155/7086 3371/5053/6850 4506/5052/6849 5107/5154/7085
s 252
f 4508/5064/6876 3371/5053/6875 4505/5155/7087 5108/5156/7088
f 4505/5155/7087 3343/5070/6908 4455/5079/6907 5108/5156/7088
f 4455/5079/6907 3345/5076/6915 4507/5157/7089 5108/5156/7088
f 4507/5157/7089 3372/5061/6877 4508/5064/6876 5108/5156/7088
s 251
f 4510/5062/6867 3372/5061/6866 4507/5157/7090 5109/5158/7091
f 4507/5157/7090 3345/5076/6899 4454/5075/6898 5109/5158/7091
f 4454/5075/6898 3344/5072/6906 4509/5159/7092 5109/5158/7091
f 4509/5159/7092 3373/5057/6868 4510/5062/6867 5109/5158/7091
s 250
f 4511/5058/6858 3373/5057/6857 4509/5159/7093 5110/5160/7094
f 4509/5159/7093 3344/5072/6890 4452/5071/6889 5110/5160/7094
f 4452/5071/6889 3342/5066/6897 4504/5153/7095 5110/5160/7094
f 4504/5153/7095 3370/5051/6859 4511/5058/6858 5110/5160/7094
s 241
f 4514/5020/6780 3374/5019/6779 4512/5161/7096 5111/5162/7097
f 4512/5161/7096 3334/5034/6812 4434/5033/6811 5111/5162/7097
f 4434/5033/6811 3335/5038/6819 4513/5163/7098 5111/5162/7097
f 4513/5163/7098 3375/5021/6781 4514/5020/6780 5111/5162/7097
s 244
f 4516/5032/6807 3375/5021/6806 4513/5163/7099 5112/5164/7100
f 4513/5163/7099 3335/5038/7101 4439/5047/7102 5112/5164/7100
f 4439/5047/7102 3337/5044/7103 4515/5165/7104 5112/5164/7100
f 4515/5165/7104 3376/5029/6808 4516/5032/6807 5112/5164/7100
s 243
f 4518/5030/6798 3376/5029/6797 4515/5165/7105 5113/5166/7106
f 4515/5165/7105 3337/5044/7107 4438/5043/7108 5113/5166/7106
f 4438/5043/7108 3336/5040/7109 4517/5167/7110 5113/5166/7106
f 4517/5167/7110 3377/5025/6799 4518/5030/6798 5113/5166/7106
s 145
f 4519/5026/6789 3377/5025/6788 4517/5167/7111 5114/5168/7112
f 4517/5167/7111 3336/5040/6821 4436/5039/6820 5114/5168/7112
f 4436/5039/6820 3334/5034/6825 4512/5161/7113 5114/5168/7112
f 4512/5161/7113 3374/5019/6790 4519/5026/6789 5114/5168/7112
s 265
f 4522/5124/7017 3378/5123/7016 4520/5169/7114 5115/5170/7115
f 4520/5169/7114 3363/5138/7049 4490/5137/7048 5115/5170/7115
f 4490/5137/7048 3362/5142/7056 4521/5171/7116 5115/5170/7115
f 4521/5171/7116 3379/5125/7018 4522/5124/7017 5115/5170/7115
s 268
f 4524/5136/7044 3379/5125/7043 4521/5171/7117 5116/5172/7118
f 4521/5171/7117 3362/5142/7076 4495/5151/7075 5116/5172/7118
f 4495/5151/7075 3365/5148/7083 4523/5173/7119 5116/5172/7118
f 4523/5173/7119 3380/5133/7045 4524/5136/7044 5116/5172/7118
s 267
f 4526/5134/7035 3380/5133/7034 4523/5173/7120 5117/5174/7121
f 4523/5173/7120 3365/5148/7067 4494/5147/7066 5117/5174/7121
f 4494/5147/7066 3364/5144/7074 4525/5175/7122 5117/5174/7121
f 4525/5175/7122 3381/5129/7036 4526/5134/7035 5117/5174/7121
s 266
f 4527/5130/7026 3381/5129/7025 4525/5175/7123 5118/5176/7124
f 4525/5175/7123 3364/5144/7058 4492/5143/7057 5118/5176/7124
f 4492/5143/7057 3363/5138/7065 4520/5169/7125 5118/5176/7124
f 4520/5169/7125 3378/5123/7027 4527/5130/7026 5118/5176/7124
s 233
f 4530/4988/6708 3382/4987/6707 4528/5177/7126 5119/5178/7127
f 4528/5177/7126 3327/5002/6740 4418/5001/6739 5119/5178/7127
f 4418/5001/6739 3326/5006/6747 4529/5179/7128 5119/5178/7127
f 4529/5179/7128 3383/4989/6709 4530/4988/6708 5119/5178/7127
s 236
f 4532/5000/6735 3383/4989/6734 4529/5179/7129 5120/5180/7130
f 4529/5179/7129 3326/5006/6767 4423/5015/6766 5120/5180/7130
f 4423/5015/6766 3329/5012/6774 4531/5181/7131 5120/5180/7130
f 4531/5181/7131 3384/4997/6736 4532/5000/6735 5120/5180/7130
s 235
f 4534/4998/6726 3384/4997/6725 4531/5181/7132 5121/5182/7133
f 4531/5181/7132 3329/5012/6758 4422/5011/6757 5121/5182/7133
f 4422/5011/6757 3328/5008/6765 4533/5183/7134 5121/5182/7133
f 4533/5183/7134 3385/4993/6727 4534/4998/6726 5121/5182/7133
s 234
f 4535/4994/6717 3385/4993/6716 4533/5183/7135 5122/5184/7136
f 4533/5183/7135 3328/5008/6749 4420/5007/6748 5122/5184/7136
f 4420/5007/6748 3327/5002/6756 4528/5177/7137 5122/5184/7136
f 4528/5177/7137 3382/4987/6718 4535/4994/6717 5122/5184/7136
s 226
f 4538/4962/6645 3386/4961/6644 4536/5185/7138 5123/5186/7139
f 4536/5185/7138 3320/4976/6677 4404/4975/6676 5123/5186/7139
f 4404/4975/6676 3319/4970/6684 4537/5187/7140 5123/5186/7139
f 4537/5187/7140 3387/4955/6646 4538/4962/6645 5123/5186/7139
s 225
f 4540/4956/6636 3387/4955/6635 4537/5187/7141 5124/5188/7142
f 4537/5187/7141 3319/4970/6668 4402/4969/6667 5124/5188/7142
f 4402/4969/6667 3318/4974/6675 4539/5189/7143 5124/5188/7142
f 4539/5189/7143 3388/4957/6637 4540/4956/6636 5124/5188/7142
s 228
f 4542/4968/6663 3388/4957/6662 4539/5189/7144 5125/5190/7145
f 4539/5189/7144 3318/4974/6695 4407/4983/6694 5125/5190/7145
f 4407/4983/6694 3321/4980/6702 4541/5191/7146 5125/5190/7145
f 4541/5191/7146 3389/4965/6664 4542/4968/6663 5125/5190/7145
s 227
f 4543/4966/6654 3389/4965/6653 4541/5191/7147 5126/5192/7148
f 4541/5191/7147 3321/4980/6686 4406/4979/6685 5126/5192/7148
f 4406/4979/6685 3320/4976/6693 4536/5185/7149 5126/5192/7148
f 4536/5185/7149 3386/4961/6655 4543/4966/6654 5126/5192/7148
s 218
f 4546/4930/6573 3390/4929/6572 4544/5193/7150 5127/5194/7151
f 4544/5193/7150 3312/4944/6605 4388/4943/6604 5127/5194/7151
f 4388/4943/6604 3311/4938/6612 4545/5195/7152 5127/5194/7151
f 4545/5195/7152 3391/4923/6574 4546/4930/6573 5127/5194/7151
s 217
f 4548/4924/6564 3391/4923/6563 4545/5195/7153 5128/5196/7154
f 4545/5195/7153 3311/4938/7155 4386/4937/7156 5128/5196/7154
f 4386/4937/7156 3310/4942/7157 4547/5197/7158 5128/5196/7154
f 4547/5197/7158 3392/4925/6565 4548/4924/6564 5128/5196/7154
s 220
f 4550/4936/6591 3392/4925/6590 4547/5197/7159 5129/5198/7160
f 4547/5197/7159 3310/4942/7161 4391/4951/7162 5129/5198/7160
f 4391/4951/7162 3313/4948/7163 4549/5199/7164 5129/5198/7160
f 4549/5199/7164 3393/4933/6592 4550/4936/6591 5129/5198/7160
s 219
f 4551/4934/6582 3393/4933/6581 4549/5199/7165 5130/5200/7166
f 4549/5199/7165 3313/4948/7167 4390/4947/7168 5130/5200/7166
f 4390/4947/7168 3312/4944/7169 4544/5193/7170 5130/5200/7166
f 4544/5193/7170 3390/4929/6583 4551/4934/6582 5130/5200/7166
s 210
f 4554/4892/6512 3394/4891/6511 4552/5201/7171 5131/5202/7172
f 4552/5201/7171 3302/4906/7173 4370/4905/7174 5131/5202/7172
f 4370/4905/7174 3303/4910/7175 4553/5203/7176 5131/5202/7172
f 4553/5203/7176 3395/4893/6513 4554/4892/6512 5131/5202/7172
s 213
f 4556/4904/6539 3395/4893/6538 4553/5203/7177 5132/5204/7178
f 4553/5203/7177 3303/4910/7179 4375/4919/7180 5132/5204/7178
f 4375/4919/7180 3305/4916/7181 4555/5205/7182 5132/5204/7178
f 4555/5205/7182 3396/4901/6540 4556/4904/6539 5132/5204/7178
s 212
f 4558/4902/6530 3396/4901/6529 4555/5205/7183 5133/5206/7184
f 4555/5205/7183 3305/4916/7185 4374/4915/7186 5133/5206/7184
f 4374/4915/7186 3304/4912/7187 4557/5207/7188 5133/5206/7184
f 4557/5207/7188 3397/4897/6531 4558/4902/6530 5133/5206/7184
s 211
f 4559/4898/6521 3397/4897/6520 4557/5207/7189 5134/5208/7190
f 4557/5207/7189 3304/4912/7191 4372/4911/7192 5134/5208/7190
f 4372/4911/7192 3302/4906/7193 4552/5201/7194 5134/5208/7190
f 4552/5201/7194 3394/4891/6522 4559/4898/6521 5134/5208/7190
s 273
usemtl man5_clean:eyeMUD_shoeF_lambert2SG
f 5613/5209/7195 5136/5210/7196 5618/5211/7197 5617/5212/7198
f 5374/5213/7199 5137/5214/7200 5379/5215/7201 5378/5216/7202
f 5255/5217/7203 5138/5218/7204 5260/5219/7205 5259/5220/7206
f 5196/5221/7207 5139/5222/7208 5201/5223/7209 5200/5224/7210
f 5165/5225/7211 5140/5226/7212 5170/5227/7213 5169/5228/7214
f 5149/5229/7215 5141/5230/7216 5155/5231/7217 5154/5232/7218
f 5148/5233/7219 5143/5234/7220 5151/5235/7221 5150/5236/7222
f 5146/5237/7223 5142/5238/7224 5144/5239/7225 5147/5240/7226
f 5135/5241/7227 5146/5237/7223 5147/5240/7226 5145/5242/7228
f 5144/5239/7225 5148/5233/7219 5150/5236/7222 5147/5240/7226
f 5150/5236/7222 5149/5229/7215 5145/5242/7228 5147/5240/7226
f 5151/5235/7221 5141/5230/7216 5149/5229/7215 5150/5236/7222
f 5152/5243/7229 5135/5241/7227 5145/5242/7228 5153/5244/7230
f 5142/5238/7224 5152/5243/7229 5153/5244/7230 5144/5239/7225
f 5145/5242/7228 5149/5229/7215 5154/5232/7218 5153/5244/7230
f 5154/5232/7218 5148/5233/7219 5144/5239/7225 5153/5244/7230
f 5155/5231/7217 5143/5234/7220 5148/5233/7219 5154/5232/7218
f 5158/5245/7231 5156/5246/7232 5163/5247/7233 5162/5248/7234
f 5157/5249/7235 5161/5250/7236 5160/5251/7237 5159/5252/7238
f 5151/5235/7221 5143/5234/7220 5159/5252/7238 5160/5251/7237
f 5158/5245/7231 5141/5230/7216 5151/5235/7221 5160/5251/7237
f 5161/5250/7236 5156/5246/7232 5158/5245/7231 5160/5251/7237
f 5141/5230/7216 5158/5245/7231 5162/5248/7234 5155/5231/7217
f 5162/5248/7234 5159/5252/7238 5143/5234/7220 5155/5231/7217
f 5163/5247/7233 5157/5249/7235 5159/5252/7238 5162/5248/7234
f 5164/5253/7239 5168/5254/7240 5167/5255/7241 5166/5256/7242
f 5161/5250/7236 5157/5249/7235 5166/5256/7242 5167/5255/7241
f 5165/5225/7211 5156/5246/7232 5161/5250/7236 5167/5255/7241
f 5168/5254/7240 5140/5226/7212 5165/5225/7211 5167/5255/7241
f 5156/5246/7232 5165/5225/7211 5169/5228/7214 5163/5247/7233
f 5169/5228/7214 5166/5256/7242 5157/5249/7235 5163/5247/7233
f 5170/5227/7213 5164/5253/7239 5166/5256/7242 5169/5228/7214
f 5181/5257/7243 5171/5258/7244 5186/5259/7245 5185/5260/7246
f 5174/5261/7247 5172/5262/7248 5179/5263/7249 5178/5264/7250
f 5173/5265/7251 5177/5266/7252 5176/5267/7253 5175/5268/7254
f 5168/5254/7240 5164/5253/7239 5175/5268/7254 5176/5267/7253
f 5174/5261/7247 5140/5226/7212 5168/5254/7240 5176/5267/7253
f 5177/5266/7252 5172/5262/7248 5174/5261/7247 5176/5267/7253
f 5140/5226/7212 5174/5261/7247 5178/5264/7250 5170/5227/7213
f 5178/5264/7250 5175/5268/7254 5164/5253/7239 5170/5227/7213
f 5179/5263/7249 5173/5265/7251 5175/5268/7254 5178/5264/7250
f 5180/5269/7255 5184/5270/7256 5183/5271/7257 5182/5272/7258
f 5177/5266/7252 5173/5265/7251 5182/5272/7258 5183/5271/7257
f 5181/5257/7243 5172/5262/7248 5177/5266/7252 5183/5271/7257
f 5184/5270/7256 5171/5258/7244 5181/5257/7243 5183/5271/7257
f 5172/5262/7248 5181/5257/7243 5185/5260/7246 5179/5263/7249
f 5185/5260/7246 5182/5272/7258 5173/5265/7251 5179/5263/7249
f 5186/5259/7245 5180/5269/7255 5182/5272/7258 5185/5260/7246
f 5189/5273/7259 5187/5274/7260 5194/5275/7261 5193/5276/7262
f 5188/5277/7263 5192/5278/7264 5191/5279/7265 5190/5280/7266
f 5184/5270/7256 5180/5269/7255 5190/5280/7266 5191/5279/7265
f 5189/5273/7259 5171/5258/7244 5184/5270/7256 5191/5279/7265
f 5192/5278/7264 5187/5274/7260 5189/5273/7259 5191/5279/7265
f 5171/5258/7244 5189/5273/7259 5193/5276/7262 5186/5259/7245
f 5193/5276/7262 5190/5280/7266 5180/5269/7255 5186/5259/7245
f 5194/5275/7261 5188/5277/7263 5190/5280/7266 5193/5276/7262
f 5195/5281/7267 5199/5282/7268 5198/5283/7269 5197/5284/7270
f 5192/5278/7264 5188/5277/7263 5197/5284/7270 5198/5283/7269
f 5196/5221/7207 5187/5274/7260 5192/5278/7264 5198/5283/7269
f 5199/5282/7268 5139/5222/7208 5196/5221/7207 5198/5283/7269
f 5187/5274/7260 5196/5221/7207 5200/5224/7210 5194/5275/7261
f 5200/5224/7210 5197/5284/7270 5188/5277/7263 5194/5275/7261
f 5201/5223/7209 5195/5281/7267 5197/5284/7270 5200/5224/7210
f 5224/5285/7271 5202/5286/7272 5229/5287/7273 5228/5288/7274
f 5208/5289/7275 5203/5290/7276 5214/5291/7277 5213/5292/7278
f 5204/5293/7279 5211/5294/7280 5210/5295/7281 5209/5296/7282
f 5199/5282/7268 5195/5281/7267 5206/5297/7283 5207/5298/7284
f 5205/5299/7285 5139/5222/7208 5199/5282/7268 5207/5298/7284
f 5207/5298/7284 5206/5297/7283 5209/5296/7282 5210/5295/7281
f 5208/5289/7275 5205/5299/7285 5207/5298/7284 5210/5295/7281
f 5211/5294/7280 5203/5290/7276 5208/5289/7275 5210/5295/7281
f 5139/5222/7208 5205/5299/7285 5212/5300/7286 5201/5223/7209
f 5212/5300/7286 5206/5297/7283 5195/5281/7267 5201/5223/7209
f 5205/5299/7285 5208/5289/7275 5213/5292/7278 5212/5300/7286
f 5213/5292/7278 5209/5296/7282 5206/5297/7283 5212/5300/7286
f 5214/5291/7277 5204/5293/7279 5209/5296/7282 5213/5292/7278
f 5217/5301/7287 5215/5302/7288 5222/5303/7289 5221/5304/7290
f 5216/5305/7291 5220/5306/7292 5219/5307/7293 5218/5308/7294
f 5211/5294/7280 5204/5293/7279 5218/5308/7294 5219/5307/7293
f 5217/5301/7287 5203/5290/7276 5211/5294/7280 5219/5307/7293
f 5220/5306/7292 5215/5302/7288 5217/5301/7287 5219/5307/7293
f 5203/5290/7276 5217/5301/7287 5221/5304/7290 5214/5291/7277
f 5221/5304/7290 5218/5308/7294 5204/5293/7279 5214/5291/7277
f 5222/5303/7289 5216/5305/7291 5218/5308/7294 5221/5304/7290
f 5223/5309/7295 5227/5310/7296 5226/5311/7297 5225/5312/7298
f 5220/5306/7292 5216/5305/7291 5225/5312/7298 5226/5311/7297
f 5224/5285/7271 5215/5302/7288 5220/5306/7292 5226/5311/7297
f 5227/5310/7296 5202/5286/7272 5224/5285/7271 5226/5311/7297
f 5215/5302/7288 5224/5285/7271 5228/5288/7274 5222/5303/7289
f 5228/5288/7274 5225/5312/7298 5216/5305/7291 5222/5303/7289
f 5229/5287/7273 5223/5309/7295 5225/5312/7298 5228/5288/7274
f 5240/5313/7299 5230/5314/7300 5245/5315/7301 5244/5316/7302
f 5233/5317/7303 5231/5318/7304 5238/5319/7305 5237/5320/7306
f 5232/5321/7307 5236/5322/7308 5235/5323/7309 5234/5324/7310
f 5227/5310/7296 5223/5309/7295 5234/5324/7310 5235/5323/7309
f 5233/5317/7303 5202/5286/7272 5227/5310/7296 5235/5323/7309
f 5236/5322/7308 5231/5318/7304 5233/5317/7303 5235/5323/7309
f 5202/5286/7272 5233/5317/7303 5237/5320/7306 5229/5287/7273
f 5237/5320/7306 5234/5324/7310 5223/5309/7295 5229/5287/7273
f 5238/5319/7305 5232/5321/7307 5234/5324/7310 5237/5320/7306
f 5239/5325/7311 5243/5326/7312 5242/5327/7313 5241/5328/7314
f 5236/5322/7308 5232/5321/7307 5241/5328/7314 5242/5327/7313
f 5240/5313/7299 5231/5318/7304 5236/5322/7308 5242/5327/7313
f 5243/5326/7312 5230/5314/7300 5240/5313/7299 5242/5327/7313
f 5231/5318/7304 5240/5313/7299 5244/5316/7302 5238/5319/7305
f 5244/5316/7302 5241/5328/7314 5232/5321/7307 5238/5319/7305
f 5245/5315/7301 5239/5325/7311 5241/5328/7314 5244/5316/7302
f 5248/5329/7315 5246/5330/7316 5253/5331/7317 5252/5332/7318
f 5247/5333/7319 5251/5334/7320 5250/5335/7321 5249/5336/7322
f 5243/5326/7312 5239/5325/7311 5249/5336/7322 5250/5335/7321
f 5248/5329/7315 5230/5314/7300 5243/5326/7312 5250/5335/7321
f 5251/5334/7320 5246/5330/7316 5248/5329/7315 5250/5335/7321
f 5230/5314/7300 5248/5329/7315 5252/5332/7318 5245/5315/7301
f 5252/5332/7318 5249/5336/7322 5239/5325/7311 5245/5315/7301
f 5253/5331/7317 5247/5333/7319 5249/5336/7322 5252/5332/7318
f 5254/5337/7323 5258/5338/7324 5257/5339/7325 5256/5340/7326
f 5251/5334/7320 5247/5333/7319 5256/5340/7326 5257/5339/7325
f 5255/5217/7203 5246/5330/7316 5251/5334/7320 5257/5339/7325
f 5258/5338/7324 5138/5218/7204 5255/5217/7203 5257/5339/7325
f 5246/5330/7316 5255/5217/7203 5259/5220/7206 5253/5331/7317
f 5259/5220/7206 5256/5340/7326 5247/5333/7319 5253/5331/7317
f 5260/5219/7205 5254/5337/7323 5256/5340/7326 5259/5220/7206
f 5315/5341/7327 5261/5342/7328 5320/5343/7329 5319/5344/7330
f 5284/5345/7331 5262/5346/7332 5289/5347/7333 5288/5348/7334
f 5268/5349/7335 5263/5350/7336 5274/5351/7337 5273/5352/7338
f 5264/5353/7339 5271/5354/7340 5270/5355/7341 5269/5356/7342
f 5258/5338/7324 5254/5337/7323 5266/5357/7343 5267/5358/7344
f 5265/5359/7345 5138/5218/7204 5258/5338/7324 5267/5358/7344
f 5267/5358/7344 5266/5357/7343 5269/5356/7342 5270/5355/7341
f 5268/5349/7335 5265/5359/7345 5267/5358/7344 5270/5355/7341
f 5271/5354/7340 5263/5350/7336 5268/5349/7335 5270/5355/7341
f 5138/5218/7204 5265/5359/7345 5272/5360/7346 5260/5219/7205
f 5272/5360/7346 5266/5357/7343 5254/5337/7323 5260/5219/7205
f 5265/5359/7345 5268/5349/7335 5273/5352/7338 5272/5360/7346
f 5273/5352/7338 5269/5356/7342 5266/5357/7343 5272/5360/7346
f 5274/5351/7337 5264/5353/7339 5269/5356/7342 5273/5352/7338
f 5277/5361/7347 5275/5362/7348 5282/5363/7349 5281/5364/7350
f 5276/5365/7351 5280/5366/7352 5279/5367/7353 5278/5368/7354
f 5271/5354/7340 5264/5353/7339 5278/5368/7354 5279/5367/7353
f 5277/5361/7347 5263/5350/7336 5271/5354/7340 5279/5367/7353
f 5280/5366/7352 5275/5362/7348 5277/5361/7347 5279/5367/7353
f 5263/5350/7336 5277/5361/7347 5281/5364/7350 5274/5351/7337
f 5281/5364/7350 5278/5368/7354 5264/5353/7339 5274/5351/7337
f 5282/5363/7349 5276/5365/7351 5278/5368/7354 5281/5364/7350
f 5283/5369/7355 5287/5370/7356 5286/5371/7357 5285/5372/7358
f 5280/5366/7352 5276/5365/7351 5285/5372/7358 5286/5371/7357
f 5284/5345/7331 5275/5362/7348 5280/5366/7352 5286/5371/7357
f 5287/5370/7356 5262/5346/7332 5284/5345/7331 5286/5371/7357
f 5275/5362/7348 5284/5345/7331 5288/5348/7334 5282/5363/7349
f 5288/5348/7334 5285/5372/7358 5276/5365/7351 5282/5363/7349
f 5289/5347/7333 5283/5369/7355 5285/5372/7358 5288/5348/7334
f 5300/5373/7359 5290/5374/7360 5305/5375/7361 5304/5376/7362
f 5293/5377/7363 5291/5378/7364 5298/5379/7365 5297/5380/7366
f 5292/5381/7367 5296/5382/7368 5295/5383/7369 5294/5384/7370
f 5287/5370/7356 5283/5369/7355 5294/5384/7370 5295/5383/7369
f 5293/5377/7363 5262/5346/7332 5287/5370/7356 5295/5383/7369
f 5296/5382/7368 5291/5378/7364 5293/5377/7363 5295/5383/7369
f 5262/5346/7332 5293/5377/7363 5297/5380/7366 5289/5347/7333
f 5297/5380/7366 5294/5384/7370 5283/5369/7355 5289/5347/7333
f 5298/5379/7365 5292/5381/7367 5294/5384/7370 5297/5380/7366
f 5299/5385/7371 5303/5386/7372 5302/5387/7373 5301/5388/7374
f 5296/5382/7368 5292/5381/7367 5301/5388/7374 5302/5387/7373
f 5300/5373/7359 5291/5378/7364 5296/5382/7368 5302/5387/7373
f 5303/5386/7372 5290/5374/7360 5300/5373/7359 5302/5387/7373
f 5291/5378/7364 5300/5373/7359 5304/5376/7362 5298/5379/7365
f 5304/5376/7362 5301/5388/7374 5292/5381/7367 5298/5379/7365
f 5305/5375/7361 5299/5385/7371 5301/5388/7374 5304/5376/7362
f 5308/5389/7375 5306/5390/7376 5313/5391/7377 5312/5392/7378
f 5307/5393/7379 5311/5394/7380 5310/5395/7381 5309/5396/7382
f 5303/5386/7372 5299/5385/7371 5309/5396/7382 5310/5395/7381
f 5308/5389/7375 5290/5374/7360 5303/5386/7372 5310/5395/7381
f 5311/5394/7380 5306/5390/7376 5308/5389/7375 5310/5395/7381
f 5290/5374/7360 5308/5389/7375 5312/5392/7378 5305/5375/7361
f 5312/5392/7378 5309/5396/7382 5299/5385/7371 5305/5375/7361
f 5313/5391/7377 5307/5393/7379 5309/5396/7382 5312/5392/7378
f 5314/5397/7383 5318/5398/7384 5317/5399/7385 5316/5400/7386
f 5311/5394/7380 5307/5393/7379 5316/5400/7386 5317/5399/7385
f 5315/5341/7327 5306/5390/7376 5311/5394/7380 5317/5399/7385
f 5318/5398/7384 5261/5342/7328 5315/5341/7327 5317/5399/7385
f 5306/5390/7376 5315/5341/7327 5319/5344/7330 5313/5391/7377
f 5319/5344/7330 5316/5400/7386 5307/5393/7379 5313/5391/7377
f 5320/5343/7329 5314/5397/7383 5316/5400/7386 5319/5344/7330
f 5343/5401/7387 5321/5402/7388 5348/5403/7389 5347/5404/7390
f 5327/5405/7391 5322/5406/7392 5333/5407/7393 5332/5408/7394
f 5323/5409/7395 5330/5410/7396 5329/5411/7397 5328/5412/7398
f 5318/5398/7384 5314/5397/7383 5325/5413/7399 5326/5414/7400
f 5324/5415/7401 5261/5342/7328 5318/5398/7384 5326/5414/7400
f 5326/5414/7400 5325/5413/7399 5328/5412/7398 5329/5411/7397
f 5327/5405/7391 5324/5415/7401 5326/5414/7400 5329/5411/7397
f 5330/5410/7396 5322/5406/7392 5327/5405/7391 5329/5411/7397
f 5261/5342/7328 5324/5415/7401 5331/5416/7402 5320/5343/7329
f 5331/5416/7402 5325/5413/7399 5314/5397/7383 5320/5343/7329
f 5324/5415/7401 5327/5405/7391 5332/5408/7394 5331/5416/7402
f 5332/5408/7394 5328/5412/7398 5325/5413/7399 5331/5416/7402
f 5333/5407/7393 5323/5409/7395 5328/5412/7398 5332/5408/7394
f 5336/5417/7403 5334/5418/7404 5341/5419/7405 5340/5420/7406
f 5335/5421/7407 5339/5422/7408 5338/5423/7409 5337/5424/7410
f 5330/5410/7396 5323/5409/7395 5337/5424/7410 5338/5423/7409
f 5336/5417/7403 5322/5406/7392 5330/5410/7396 5338/5423/7409
f 5339/5422/7408 5334/5418/7404 5336/5417/7403 5338/5423/7409
f 5322/5406/7392 5336/5417/7403 5340/5420/7406 5333/5407/7393
f 5340/5420/7406 5337/5424/7410 5323/5409/7395 5333/5407/7393
f 5341/5419/7405 5335/5421/7407 5337/5424/7410 5340/5420/7406
f 5342/5425/7411 5346/5426/7412 5345/5427/7413 5344/5428/7414
f 5339/5422/7408 5335/5421/7407 5344/5428/7414 5345/5427/7413
f 5343/5401/7387 5334/5418/7404 5339/5422/7408 5345/5427/7413
f 5346/5426/7412 5321/5402/7388 5343/5401/7387 5345/5427/7413
f 5334/5418/7404 5343/5401/7387 5347/5404/7390 5341/5419/7405
f 5347/5404/7390 5344/5428/7414 5335/5421/7407 5341/5419/7405
f 5348/5403/7389 5342/5425/7411 5344/5428/7414 5347/5404/7390
f 5359/5429/7415 5349/5430/7416 5364/5431/7417 5363/5432/7418
f 5352/5433/7419 5350/5434/7420 5357/5435/7421 5356/5436/7422
f 5351/5437/7423 5355/5438/7424 5354/5439/7425 5353/5440/7426
f 5346/5426/7412 5342/5425/7411 5353/5440/7426 5354/5439/7425
f 5352/5433/7419 5321/5402/7388 5346/5426/7412 5354/5439/7425
f 5355/5438/7424 5350/5434/7420 5352/5433/7419 5354/5439/7425
f 5321/5402/7388 5352/5433/7419 5356/5436/7422 5348/5403/7389
f 5356/5436/7422 5353/5440/7426 5342/5425/7411 5348/5403/7389
f 5357/5435/7421 5351/5437/7423 5353/5440/7426 5356/5436/7422
f 5358/5441/7427 5362/5442/7428 5361/5443/7429 5360/5444/7430
f 5355/5438/7424 5351/5437/7423 5360/5444/7430 5361/5443/7429
f 5359/5429/7415 5350/5434/7420 5355/5438/7424 5361/5443/7429
f 5362/5442/7428 5349/5430/7416 5359/5429/7415 5361/5443/7429
f 5350/5434/7420 5359/5429/7415 5363/5432/7418 5357/5435/7421
f 5363/5432/7418 5360/5444/7430 5351/5437/7423 5357/5435/7421
f 5364/5431/7417 5358/5441/7427 5360/5444/7430 5363/5432/7418
f 5367/5445/7431 5365/5446/7432 5372/5447/7433 5371/5448/7434
f 5366/5449/7435 5370/5450/7436 5369/5451/7437 5368/5452/7438
f 5362/5442/7428 5358/5441/7427 5368/5452/7438 5369/5451/7437
f 5367/5445/7431 5349/5430/7416 5362/5442/7428 5369/5451/7437
f 5370/5450/7436 5365/5446/7432 5367/5445/7431 5369/5451/7437
f 5349/5430/7416 5367/5445/7431 5371/5448/7434 5364/5431/7417
f 5371/5448/7434 5368/5452/7438 5358/5441/7427 5364/5431/7417
f 5372/5447/7433 5366/5449/7435 5368/5452/7438 5371/5448/7434
f 5373/5453/7439 5377/5454/7440 5376/5455/7441 5375/5456/7442
f 5370/5450/7436 5366/5449/7435 5375/5456/7442 5376/5455/7441
f 5374/5213/7199 5365/5446/7432 5370/5450/7436 5376/5455/7441
f 5377/5454/7440 5137/5214/7200 5374/5213/7199 5376/5455/7441
f 5365/5446/7432 5374/5213/7199 5378/5216/7202 5372/5447/7433
f 5378/5216/7202 5375/5456/7442 5366/5449/7435 5372/5447/7433
f 5379/5215/7201 5373/5453/7439 5375/5456/7442 5378/5216/7202
f 5494/5457/7443 5380/5458/7444 5499/5459/7445 5498/5460/7446
f 5435/5461/7447 5381/5462/7448 5440/5463/7449 5439/5464/7450
f 5404/5465/7451 5382/5466/7452 5409/5467/7453 5408/5468/7454
f 5388/5469/7455 5383/5470/7456 5394/5471/7457 5393/5472/7458
f 5384/5473/7459 5391/5474/7460 5390/5475/7461 5389/5476/7462
f 5377/5454/7440 5373/5453/7439 5386/5477/7463 5387/5478/7464
f 5385/5479/7465 5137/5214/7200 5377/5454/7440 5387/5478/7464
f 5387/5478/7464 5386/5477/7463 5389/5476/7462 5390/5475/7461
f 5388/5469/7455 5385/5479/7465 5387/5478/7464 5390/5475/7461
f 5391/5474/7460 5383/5470/7456 5388/5469/7455 5390/5475/7461
f 5137/5214/7200 5385/5479/7465 5392/5480/7466 5379/5215/7201
f 5392/5480/7466 5386/5477/7463 5373/5453/7439 5379/5215/7201
f 5385/5479/7465 5388/5469/7455 5393/5472/7458 5392/5480/7466
f 5393/5472/7458 5389/5476/7462 5386/5477/7463 5392/5480/7466
f 5394/5471/7457 5384/5473/7459 5389/5476/7462 5393/5472/7458
f 5397/5481/7467 5395/5482/7468 5402/5483/7469 5401/5484/7470
f 5396/5485/7471 5400/5486/7472 5399/5487/7473 5398/5488/7474
f 5391/5474/7460 5384/5473/7459 5398/5488/7474 5399/5487/7473
f 5397/5481/7467 5383/5470/7456 5391/5474/7460 5399/5487/7473
f 5400/5486/7472 5395/5482/7468 5397/5481/7467 5399/5487/7473
f 5383/5470/7456 5397/5481/7467 5401/5484/7470 5394/5471/7457
f 5401/5484/7470 5398/5488/7474 5384/5473/7459 5394/5471/7457
f 5402/5483/7469 5396/5485/7471 5398/5488/7474 5401/5484/7470
f 5403/5489/7475 5407/5490/7476 5406/5491/7477 5405/5492/7478
f 5400/5486/7472 5396/5485/7471 5405/5492/7478 5406/5491/7477
f 5404/5465/7451 5395/5482/7468 5400/5486/7472 5406/5491/7477
f 5407/5490/7476 5382/5466/7452 5404/5465/7451 5406/5491/7477
f 5395/5482/7468 5404/5465/7451 5408/5468/7454 5402/5483/7469
f 5408/5468/7454 5405/5492/7478 5396/5485/7471 5402/5483/7469
f 5409/5467/7453 5403/5489/7475 5405/5492/7478 5408/5468/7454
f 5420/5493/7479 5410/5494/7480 5425/5495/7481 5424/5496/7482
f 5413/5497/7483 5411/5498/7484 5418/5499/7485 5417/5500/7486
f 5412/5501/7487 5416/5502/7488 5415/5503/7489 5414/5504/7490
f 5407/5490/7476 5403/5489/7475 5414/5504/7490 5415/5503/7489
f 5413/5497/7483 5382/5466/7452 5407/5490/7476 5415/5503/7489
f 5416/5502/7488 5411/5498/7484 5413/5497/7483 5415/5503/7489
f 5382/5466/7452 5413/5497/7483 5417/5500/7486 5409/5467/7453
f 5417/5500/7486 5414/5504/7490 5403/5489/7475 5409/5467/7453
f 5418/5499/7485 5412/5501/7487 5414/5504/7490 5417/5500/7486
f 5419/5505/7491 5423/5506/7492 5422/5507/7493 5421/5508/7494
f 5416/5502/7488 5412/5501/7487 5421/5508/7494 5422/5507/7493
f 5420/5493/7479 5411/5498/7484 5416/5502/7488 5422/5507/7493
f 5423/5506/7492 5410/5494/7480 5420/5493/7479 5422/5507/7493
f 5411/5498/7484 5420/5493/7479 5424/5496/7482 5418/5499/7485
f 5424/5496/7482 5421/5508/7494 5412/5501/7487 5418/5499/7485
f 5425/5495/7481 5419/5505/7491 5421/5508/7494 5424/5496/7482
f 5428/5509/7495 5426/5510/7496 5433/5511/7497 5432/5512/7498
f 5427/5513/7499 5431/5514/7500 5430/5515/7501 5429/5516/7502
f 5423/5506/7492 5419/5505/7491 5429/5516/7502 5430/5515/7501
f 5428/5509/7495 5410/5494/7480 5423/5506/7492 5430/5515/7501
f 5431/5514/7500 5426/5510/7496 5428/5509/7495 5430/5515/7501
f 5410/5494/7480 5428/5509/7495 5432/5512/7498 5425/5495/7481
f 5432/5512/7498 5429/5516/7502 5419/5505/7491 5425/5495/7481
f 5433/5511/7497 5427/5513/7499 5429/5516/7502 5432/5512/7498
f 5434/5517/7503 5438/5518/7504 5437/5519/7505 5436/5520/7506
f 5431/5514/7500 5427/5513/7499 5436/5520/7506 5437/5519/7505
f 5435/5461/7447 5426/5510/7496 5431/5514/7500 5437/5519/7505
f 5438/5518/7504 5381/5462/7448 5435/5461/7447 5437/5519/7505
f 5426/5510/7496 5435/5461/7447 5439/5464/7450 5433/5511/7497
f 5439/5464/7450 5436/5520/7506 5427/5513/7499 5433/5511/7497
f 5440/5463/7449 5434/5517/7503 5436/5520/7506 5439/5464/7450
f 5463/5521/7507 5441/5522/7508 5468/5523/7509 5467/5524/7510
f 5447/5525/7511 5442/5526/7512 5453/5527/7513 5452/5528/7514
f 5443/5529/7515 5450/5530/7516 5449/5531/7517 5448/5532/7518
f 5438/5518/7504 5434/5517/7503 5445/5533/7519 5446/5534/7520
f 5444/5535/7521 5381/5462/7448 5438/5518/7504 5446/5534/7520
f 5446/5534/7520 5445/5533/7519 5448/5532/7518 5449/5531/7517
f 5447/5525/7511 5444/5535/7521 5446/5534/7520 5449/5531/7517
f 5450/5530/7516 5442/5526/7512 5447/5525/7511 5449/5531/7517
f 5381/5462/7448 5444/5535/7521 5451/5536/7522 5440/5463/7449
f 5451/5536/7522 5445/5533/7519 5434/5517/7503 5440/5463/7449
f 5444/5535/7521 5447/5525/7511 5452/5528/7514 5451/5536/7522
f 5452/5528/7514 5448/5532/7518 5445/5533/7519 5451/5536/7522
f 5453/5527/7513 5443/5529/7515 5448/5532/7518 5452/5528/7514
f 5456/5537/7523 5454/5538/7524 5461/5539/7525 5460/5540/7526
f 5455/5541/7527 5459/5542/7528 5458/5543/7529 5457/5544/7530
f 5450/5530/7516 5443/5529/7515 5457/5544/7530 5458/5543/7529
f 5456/5537/7523 5442/5526/7512 5450/5530/7516 5458/5543/7529
f 5459/5542/7528 5454/5538/7524 5456/5537/7523 5458/5543/7529
f 5442/5526/7512 5456/5537/7523 5460/5540/7526 5453/5527/7513
f 5460/5540/7526 5457/5544/7530 5443/5529/7515 5453/5527/7513
f 5461/5539/7525 5455/5541/7527 5457/5544/7530 5460/5540/7526
f 5462/5545/7531 5466/5546/7532 5465/5547/7533 5464/5548/7534
f 5459/5542/7528 5455/5541/7527 5464/5548/7534 5465/5547/7533
f 5463/5521/7507 5454/5538/7524 5459/5542/7528 5465/5547/7533
f 5466/5546/7532 5441/5522/7508 5463/5521/7507 5465/5547/7533
f 5454/5538/7524 5463/5521/7507 5467/5524/7510 5461/5539/7525
f 5467/5524/7510 5464/5548/7534 5455/5541/7527 5461/5539/7525
f 5468/5523/7509 5462/5545/7531 5464/5548/7534 5467/5524/7510
f 5479/5549/7535 5469/5550/7536 5484/5551/7537 5483/5552/7538
f 5472/5553/7539 5470/5554/7540 5477/5555/7541 5476/5556/7542
f 5471/5557/7543 5475/5558/7544 5474/5559/7545 5473/5560/7546
f 5466/5546/7532 5462/5545/7531 5473/5560/7546 5474/5559/7545
f 5472/5553/7539 5441/5522/7508 5466/5546/7532 5474/5559/7545
f 5475/5558/7544 5470/5554/7540 5472/5553/7539 5474/5559/7545
f 5441/5522/7508 5472/5553/7539 5476/5556/7542 5468/5523/7509
f 5476/5556/7542 5473/5560/7546 5462/5545/7531 5468/5523/7509
f 5477/5555/7541 5471/5557/7543 5473/5560/7546 5476/5556/7542
f 5478/5561/7547 5482/5562/7548 5481/5563/7549 5480/5564/7550
f 5475/5558/7544 5471/5557/7543 5480/5564/7550 5481/5563/7549
f 5479/5549/7535 5470/5554/7540 5475/5558/7544 5481/5563/7549
f 5482/5562/7548 5469/5550/7536 5479/5549/7535 5481/5563/7549
f 5470/5554/7540 5479/5549/7535 5483/5552/7538 5477/5555/7541
f 5483/5552/7538 5480/5564/7550 5471/5557/7543 5477/5555/7541
f 5484/5551/7537 5478/5561/7547 5480/5564/7550 5483/5552/7538
f 5487/5565/7551 5485/5566/7552 5492/5567/7553 5491/5568/7554
f 5486/5569/7555 5490/5570/7556 5489/5571/7557 5488/5572/7558
f 5482/5562/7548 5478/5561/7547 5488/5572/7558 5489/5571/7557
f 5487/5565/7551 5469/5550/7536 5482/5562/7548 5489/5571/7557
f 5490/5570/7556 5485/5566/7552 5487/5565/7551 5489/5571/7557
f 5469/5550/7536 5487/5565/7551 5491/5568/7554 5484/5551/7537
f 5491/5568/7554 5488/5572/7558 5478/5561/7547 5484/5551/7537
f 5492/5567/7553 5486/5569/7555 5488/5572/7558 5491/5568/7554
f 5493/5573/7559 5497/5574/7560 5496/5575/7561 5495/5576/7562
f 5490/5570/7556 5486/5569/7555 5495/5576/7562 5496/5575/7561
f 5494/5457/7443 5485/5566/7552 5490/5570/7556 5496/5575/7561
f 5497/5574/7560 5380/5458/7444 5494/5457/7443 5496/5575/7561
f 5485/5566/7552 5494/5457/7443 5498/5460/7446 5492/5567/7553
f 5498/5460/7446 5495/5576/7562 5486/5569/7555 5492/5567/7553
f 5499/5459/7445 5493/5573/7559 5495/5576/7562 5498/5460/7446
f 5554/5577/7563 5500/5578/7564 5559/5579/7565 5558/5580/7566
f 5523/5581/7567 5501/5582/7568 5528/5583/7569 5527/5584/7570
f 5507/5585/7571 5502/5586/7572 5513/5587/7573 5512/5588/7574
f 5503/5589/7575 5510/5590/7576 5509/5591/7577 5508/5592/7578
f 5497/5574/7560 5493/5573/7559 5505/5593/7579 5506/5594/7580
f 5504/5595/7581 5380/5458/7444 5497/5574/7560 5506/5594/7580
f 5506/5594/7580 5505/5593/7579 5508/5592/7578 5509/5591/7577
f 5507/5585/7571 5504/5595/7581 5506/5594/7580 5509/5591/7577
f 5510/5590/7576 5502/5586/7572 5507/5585/7571 5509/5591/7577
f 5380/5458/7444 5504/5595/7581 5511/5596/7582 5499/5459/7445
f 5511/5596/7582 5505/5593/7579 5493/5573/7559 5499/5459/7445
f 5504/5595/7581 5507/5585/7571 5512/5588/7574 5511/5596/7582
f 5512/5588/7574 5508/5592/7578 5505/5593/7579 5511/5596/7582
f 5513/5587/7573 5503/5589/7575 5508/5592/7578 5512/5588/7574
f 5516/5597/7583 5514/5598/7584 5521/5599/7585 5520/5600/7586
f 5515/5601/7587 5519/5602/7588 5518/5603/7589 5517/5604/7590
f 5510/5590/7576 5503/5589/7575 5517/5604/7590 5518/5603/7589
f 5516/5597/7583 5502/5586/7572 5510/5590/7576 5518/5603/7589
f 5519/5602/7588 5514/5598/7584 5516/5597/7583 5518/5603/7589
f 5502/5586/7572 5516/5597/7583 5520/5600/7586 5513/5587/7573
f 5520/5600/7586 5517/5604/7590 5503/5589/7575 5513/5587/7573
f 5521/5599/7585 5515/5601/7587 5517/5604/7590 5520/5600/7586
f 5522/5605/7591 5526/5606/7592 5525/5607/7593 5524/5608/7594
f 5519/5602/7588 5515/5601/7587 5524/5608/7594 5525/5607/7593
f 5523/5581/7567 5514/5598/7584 5519/5602/7588 5525/5607/7593
f 5526/5606/7592 5501/5582/7568 5523/5581/7567 5525/5607/7593
f 5514/5598/7584 5523/5581/7567 5527/5584/7570 5521/5599/7585
f 5527/5584/7570 5524/5608/7594 5515/5601/7587 5521/5599/7585
f 5528/5583/7569 5522/5605/7591 5524/5608/7594 5527/5584/7570
f 5539/5609/7595 5529/5610/7596 5544/5611/7597 5543/5612/7598
f 5532/5613/7599 5530/5614/7600 5537/5615/7601 5536/5616/7602
f 5531/5617/7603 5535/5618/7604 5534/5619/7605 5533/5620/7606
f 5526/5606/7592 5522/5605/7591 5533/5620/7606 5534/5619/7605
f 5532/5613/7599 5501/5582/7568 5526/5606/7592 5534/5619/7605
f 5535/5618/7604 5530/5614/7600 5532/5613/7599 5534/5619/7605
f 5501/5582/7568 5532/5613/7599 5536/5616/7602 5528/5583/7569
f 5536/5616/7602 5533/5620/7606 5522/5605/7591 5528/5583/7569
f 5537/5615/7601 5531/5617/7603 5533/5620/7606 5536/5616/7602
f 5538/5621/7607 5542/5622/7608 5541/5623/7609 5540/5624/7610
f 5535/5618/7604 5531/5617/7603 5540/5624/7610 5541/5623/7609
f 5539/5609/7595 5530/5614/7600 5535/5618/7604 5541/5623/7609
f 5542/5622/7608 5529/5610/7596 5539/5609/7595 5541/5623/7609
f 5530/5614/7600 5539/5609/7595 5543/5612/7598 5537/5615/7601
f 5543/5612/7598 5540/5624/7610 5531/5617/7603 5537/5615/7601
f 5544/5611/7597 5538/5621/7607 5540/5624/7610 5543/5612/7598
f 5547/5625/7611 5545/5626/7612 5552/5627/7613 5551/5628/7614
f 5546/5629/7615 5550/5630/7616 5549/5631/7617 5548/5632/7618
f 5542/5622/7608 5538/5621/7607 5548/5632/7618 5549/5631/7617
f 5547/5625/7611 5529/5610/7596 5542/5622/7608 5549/5631/7617
f 5550/5630/7616 5545/5626/7612 5547/5625/7611 5549/5631/7617
f 5529/5610/7596 5547/5625/7611 5551/5628/7614 5544/5611/7597
f 5551/5628/7614 5548/5632/7618 5538/5621/7607 5544/5611/7597
f 5552/5627/7613 5546/5629/7615 5548/5632/7618 5551/5628/7614
f 5553/5633/7619 5557/5634/7620 5556/5635/7621 5555/5636/7622
f 5550/5630/7616 5546/5629/7615 5555/5636/7622 5556/5635/7621
f 5554/5577/7563 5545/5626/7612 5550/5630/7616 5556/5635/7621
f 5557/5634/7620 5500/5578/7564 5554/5577/7563 5556/5635/7621
f 5545/5626/7612 5554/5577/7563 5558/5580/7566 5552/5627/7613
f 5558/5580/7566 5555/5636/7622 5546/5629/7615 5552/5627/7613
f 5559/5579/7565 5553/5633/7619 5555/5636/7622 5558/5580/7566
f 5582/5637/7623 5560/5638/7624 5587/5639/7625 5586/5640/7626
f 5566/5641/7627 5561/5642/7628 5572/5643/7629 5571/5644/7630
f 5562/5645/7631 5569/5646/7632 5568/5647/7633 5567/5648/7634
f 5557/5634/7620 5553/5633/7619 5564/5649/7635 5565/5650/7636
f 5563/5651/7637 5500/5578/7564 5557/5634/7620 5565/5650/7636
f 5565/5650/7636 5564/5649/7635 5567/5648/7634 5568/5647/7633
f 5566/5641/7627 5563/5651/7637 5565/5650/7636 5568/5647/7633
f 5569/5646/7632 5561/5642/7628 5566/5641/7627 5568/5647/7633
f 5500/5578/7564 5563/5651/7637 5570/5652/7638 5559/5579/7565
f 5570/5652/7638 5564/5649/7635 5553/5633/7619 5559/5579/7565
f 5563/5651/7637 5566/5641/7627 5571/5644/7630 5570/5652/7638
f 5571/5644/7630 5567/5648/7634 5564/5649/7635 5570/5652/7638
f 5572/5643/7629 5562/5645/7631 5567/5648/7634 5571/5644/7630
f 5575/5653/7639 5573/5654/7640 5580/5655/7641 5579/5656/7642
f 5574/5657/7643 5578/5658/7644 5577/5659/7645 5576/5660/7646
f 5569/5646/7632 5562/5645/7631 5576/5660/7646 5577/5659/7645
f 5575/5653/7639 5561/5642/7628 5569/5646/7632 5577/5659/7645
f 5578/5658/7644 5573/5654/7640 5575/5653/7639 5577/5659/7645
f 5561/5642/7628 5575/5653/7639 5579/5656/7642 5572/5643/7629
f 5579/5656/7642 5576/5660/7646 5562/5645/7631 5572/5643/7629
f 5580/5655/7641 5574/5657/7643 5576/5660/7646 5579/5656/7642
f 5581/5661/7647 5585/5662/7648 5584/5663/7649 5583/5664/7650
f 5578/5658/7644 5574/5657/7643 5583/5664/7650 5584/5663/7649
f 5582/5637/7623 5573/5654/7640 5578/5658/7644 5584/5663/7649
f 5585/5662/7648 5560/5638/7624 5582/5637/7623 5584/5663/7649
f 5573/5654/7640 5582/5637/7623 5586/5640/7626 5580/5655/7641
f 5586/5640/7626 5583/5664/7650 5574/5657/7643 5580/5655/7641
f 5587/5639/7625 5581/5661/7647 5583/5664/7650 5586/5640/7626
f 5598/5665/7651 5588/5666/7652 5603/5667/7653 5602/5668/7654
f 5591/5669/7655 5589/5670/7656 5596/5671/7657 5595/5672/7658
f 5590/5673/7659 5594/5674/7660 5593/5675/7661 5592/5676/7662
f 5585/5662/7648 5581/5661/7647 5592/5676/7662 5593/5675/7661
f 5591/5669/7655 5560/5638/7624 5585/5662/7648 5593/5675/7661
f 5594/5674/7660 5589/5670/7656 5591/5669/7655 5593/5675/7661
f 5560/5638/7624 5591/5669/7655 5595/5672/7658 5587/5639/7625
f 5595/5672/7658 5592/5676/7662 5581/5661/7647 5587/5639/7625
f 5596/5671/7657 5590/5673/7659 5592/5676/7662 5595/5672/7658
f 5597/5677/7663 5601/5678/7664 5600/5679/7665 5599/5680/7666
f 5594/5674/7660 5590/5673/7659 5599/5680/7666 5600/5679/7665
f 5598/5665/7651 5589/5670/7656 5594/5674/7660 5600/5679/7665
f 5601/5678/7664 5588/5666/7652 5598/5665/7651 5600/5679/7665
f 5589/5670/7656 5598/5665/7651 5602/5668/7654 5596/5671/7657
f 5602/5668/7654 5599/5680/7666 5590/5673/7659 5596/5671/7657
f 5603/5667/7653 5597/5677/7663 5599/5680/7666 5602/5668/7654
f 5606/5681/7667 5604/5682/7668 5611/5683/7669 5610/5684/7670
f 5605/5685/7671 5609/5686/7672 5608/5687/7673 5607/5688/7674
f 5601/5678/7664 5597/5677/7663 5607/5688/7674 5608/5687/7673
f 5606/5681/7667 5588/5666/7652 5601/5678/7664 5608/5687/7673
f 5609/5686/7672 5604/5682/7668 5606/5681/7667 5608/5687/7673
f 5588/5666/7652 5606/5681/7667 5610/5684/7670 5603/5667/7653
f 5610/5684/7670 5607/5688/7674 5597/5677/7663 5603/5667/7653
f 5611/5683/7669 5605/5685/7671 5607/5688/7674 5610/5684/7670
f 5612/5689/7675 5616/5690/7676 5615/5691/7677 5614/5692/7678
f 5609/5686/7672 5605/5685/7671 5614/5692/7678 5615/5691/7677
f 5613/5209/7195 5604/5682/7668 5609/5686/7672 5615/5691/7677
f 5616/5690/7676 5136/5210/7196 5613/5209/7195 5615/5691/7677
f 5604/5682/7668 5613/5209/7195 5617/5212/7198 5611/5683/7669
f 5617/5212/7198 5614/5692/7678 5605/5685/7671 5611/5683/7669
f 5618/5211/7197 5612/5689/7675 5614/5692/7678 5617/5212/7198
